alert_type,is_critical,vbt,vct,vmt,vbv,vbc,soc,speed
Low SoC,1,34.66,46.38,64.28,46.08,-75.65,4.41,0.2
Low SoC,1,48.42,68.45,72.68,45.35,-54.67,2.86,5.19
OverSpeed,0,27.05,35.9,40.15,69.48,-1.85,59.24,32.91
Harsh Braking,0,27.87,33.07,43.95,73.92,-19.09,81.3,25.23
Harsh Cornering,0,30.98,39.94,37.24,72.77,-15.22,70.43,33.0
Harsh Acceleration,0,35.17,38.61,51.0,77.95,-21.42,92.64,37.68
Harsh Braking,0,29.26,34.05,44.15,65.77,-11.13,48.84,25.23
Harsh Braking,0,30.55,35.05,42.05,69.53,-38.41,64.19,41.84
Consecutive Fast Charging,1,45.73,59.6,70.68,43.25,-63.67,0.71,23.29
Low SoC,1,39.57,42.67,76.56,45.82,-70.93,6.64,17.18
Harsh Cornering,0,21.6,24.67,27.59,73.04,-9.86,76.2,8.06
Harsh Braking,0,26.73,32.95,30.93,66.27,6.03,48.81,35.36
Low SoC,1,32.77,44.7,49.98,47.78,-60.1,10.62,2.22
Battery Under Voltage,1,46.01,57.08,85.8,48.42,-43.53,5.22,7.67
Harsh Acceleration,0,29.2,33.05,37.3,73.13,-10.66,71.01,35.8
Low SoC,1,44.23,61.46,68.99,45.24,-49.34,7.93,0.67
Harsh Acceleration,0,34.37,42.09,43.94,77.89,-6.01,90.09,11.81
Deep Discharge Warning,1,53.3,65.76,79.92,45.97,-40.77,9.1,41.05
Harsh Acceleration,0,30.48,40.14,46.64,63.33,-32.26,41.73,30.17
Consecutive Fast Charging,1,41.31,52.96,66.75,48.83,-29.87,10.32,38.16
Harsh Acceleration,0,30.61,38.78,43.12,64.57,-15.76,45.82,36.19
Consecutive Fast Charging,1,39.33,51.38,59.68,41.72,-31.49,1.52,8.43
Harsh Acceleration,0,30.63,35.23,41.96,64.0,1.71,44.12,41.34
Harsh Acceleration,0,30.38,41.58,46.42,75.03,-12.68,80.53,39.36
Harsh Acceleration,0,32.87,36.89,47.38,70.77,-10.87,68.51,68.48
Deep Discharge Warning,1,41.16,55.51,66.72,45.27,-27.58,10.11,18.75
Low SoC,1,35.87,46.8,67.23,45.64,-49.9,1.03,3.36
Battery Under Voltage,1,46.24,52.6,77.71,44.1,-38.09,4.16,16.61
Deep Discharge Warning,1,44.85,59.71,81.31,43.31,-18.45,2.13,18.81
Thermal Overheat Surge,1,40.58,47.58,67.46,44.16,-53.51,5.24,29.07
Harsh Braking,0,33.38,37.55,41.43,80.66,-20.69,96.82,18.67
Harsh Acceleration,0,25.85,33.14,37.23,74.44,-28.89,82.39,38.72
Deep Discharge Warning,1,42.67,52.24,62.31,46.69,-40.24,2.05,1.73
Harsh Acceleration,0,27.43,35.97,32.94,62.79,-29.03,42.0,30.47
Low SoC,1,38.81,62.84,67.59,46.15,-28.0,5.64,3.29
Low SoC,1,16.97,31.65,37.42,47.96,-40.51,16.02,4.45
Deep Discharge Warning,1,36.79,54.91,50.35,45.56,-66.78,3.18,15.89
Low SoC,1,29.07,38.71,49.71,43.79,-45.91,1.73,0.97
Deep Discharge Warning,1,43.19,47.06,81.87,47.64,-46.3,2.82,3.81
Deep Discharge Warning,1,49.53,63.74,77.91,44.66,-54.87,5.65,3.18
Harsh Braking,0,28.79,27.51,32.3,73.55,-19.04,69.94,12.08
Low SoC,1,39.03,50.24,65.69,46.02,-36.83,5.65,11.33
Harsh Acceleration,0,29.32,38.02,38.43,77.04,-6.83,83.44,36.28
Harsh Acceleration,0,33.4,39.73,50.12,71.63,-7.37,62.99,28.35
Thermal Overheat Surge,1,53.04,69.74,89.46,45.19,-40.85,13.61,1.97
Battery Under Voltage,1,63.43,76.63,80.21,45.63,-68.9,0.58,23.73
Harsh Braking,0,27.52,37.29,36.7,71.01,-9.01,65.46,32.54
Battery Under Voltage,1,36.38,53.75,61.84,45.37,-58.86,6.58,1.49
Harsh Braking,0,23.75,29.22,40.33,77.36,-7.25,93.57,45.05
Harsh Braking,0,33.26,39.84,41.6,69.06,-23.23,61.19,38.21
Deep Discharge Warning,1,37.8,47.87,48.42,46.72,-38.05,7.67,4.93
Consecutive Fast Charging,1,38.15,59.3,63.62,46.24,-27.22,10.85,4.7
Battery Under Voltage,1,50.48,60.38,76.62,48.41,-46.87,12.89,6.8
Low SoC,1,41.14,55.63,64.24,48.3,-73.96,13.01,23.79
Thermal Overheat Surge,1,44.35,46.31,73.45,44.82,-53.96,5.5,8.48
Harsh Acceleration,0,24.17,25.38,41.03,71.1,-16.3,66.88,48.42
Consecutive Fast Charging,1,39.96,58.41,60.58,49.34,-17.71,21.54,3.18
Harsh Cornering,0,26.34,32.18,37.48,76.61,-8.55,90.36,17.27
Low SoC,1,45.13,50.72,77.45,48.18,-41.06,15.94,1.97
Deep Discharge Warning,1,50.67,61.79,83.65,48.32,-61.92,7.66,47.72
Consecutive Fast Charging,1,41.17,53.7,69.46,48.65,-44.56,17.96,20.58
Harsh Acceleration,0,24.12,29.85,34.63,72.71,3.67,72.96,43.17
Low SoC,1,36.67,37.99,54.52,46.1,-68.38,5.64,4.09
Harsh Acceleration,0,31.04,33.14,39.73,73.53,-20.84,74.01,17.39
Deep Discharge Warning,1,44.37,63.69,72.56,46.19,-72.61,10.47,11.26
Harsh Cornering,0,31.55,43.81,40.56,70.47,-20.73,67.05,55.56
Low SoC,1,36.98,49.69,54.44,45.66,-32.63,1.52,11.16
Harsh Acceleration,0,21.51,28.39,32.01,64.38,-2.03,41.74,18.3
Deep Discharge Warning,1,49.97,54.77,65.25,47.28,-49.31,3.27,3.82
Low SoC,1,42.1,54.28,53.87,45.36,-44.71,2.84,8.74
Battery Under Voltage,1,42.91,61.63,74.32,48.48,-40.52,7.94,10.0
Deep Discharge Warning,1,43.94,53.14,71.05,51.36,2.96,18.6,1.48
Battery Under Voltage,1,34.59,48.95,63.4,47.26,-21.25,9.58,9.57
Low SoC,1,36.78,46.71,60.92,48.01,-73.75,8.68,12.2
Harsh Cornering,0,31.21,36.98,44.46,73.6,-9.45,75.62,29.81
Harsh Acceleration,0,32.29,38.93,39.62,75.88,-9.82,79.97,43.57
Harsh Braking,0,24.61,31.64,38.6,69.08,-13.46,64.59,43.71
Harsh Braking,0,24.59,31.6,36.34,67.06,-22.26,55.68,26.72
Low SoC,1,32.67,41.54,51.61,47.29,-68.13,12.35,10.51
Harsh Braking,0,34.36,37.26,51.6,65.24,-11.23,46.71,48.69
Harsh Acceleration,0,26.27,36.45,36.02,72.06,-18.15,72.73,29.06
Deep Discharge Warning,1,38.51,48.44,62.46,47.76,-51.68,13.55,2.23
Battery Under Voltage,1,44.88,59.35,69.63,45.66,-46.96,5.16,39.88
Harsh Acceleration,0,30.51,34.71,40.31,64.43,-2.29,48.94,46.61
Battery Under Voltage,1,35.41,50.45,47.66,48.34,-50.53,5.33,9.65
Harsh Acceleration,0,24.09,29.93,30.29,66.27,5.24,48.96,37.25
Harsh Braking,0,31.42,37.52,54.34,76.04,-11.57,92.41,24.95
Harsh Cornering,0,37.18,45.39,58.42,66.73,-17.7,53.07,47.58
Consecutive Fast Charging,1,32.71,51.69,57.09,45.62,-56.2,15.2,39.61
Consecutive Fast Charging,1,48.49,56.72,55.55,45.85,-47.07,3.24,3.36
Harsh Acceleration,0,27.16,35.73,35.57,75.19,-28.56,83.86,17.67
Harsh Braking,0,29.17,37.33,44.71,66.0,-26.04,48.1,17.05
Consecutive Fast Charging,1,54.22,66.75,83.7,45.94,-36.12,10.67,23.45
Deep Discharge Warning,1,33.84,42.58,67.0,48.38,-55.37,9.43,40.56
Low SoC,1,45.79,64.88,81.55,45.98,-44.97,4.9,1.66
Battery Under Voltage,1,37.91,44.14,57.83,48.3,-67.99,11.36,11.64
Low SoC,1,35.92,54.5,64.11,48.71,-61.33,9.86,75.27
Harsh Acceleration,0,25.61,28.18,34.05,72.71,5.92,72.3,53.96
Thermal Overheat Surge,1,33.43,44.19,52.63,44.55,-39.16,2.61,5.94
Harsh Braking,0,32.16,40.77,34.35,68.04,-30.99,56.32,22.46
Battery Under Voltage,1,34.36,41.41,72.6,47.6,-40.49,11.33,15.48
Harsh Acceleration,0,37.27,45.31,42.42,73.83,-8.5,74.33,49.95
Low SoC,1,42.92,53.0,69.3,45.46,-32.44,1.62,9.65
Battery Under Voltage,1,44.94,55.78,82.88,46.18,-20.61,1.84,110.02
Deep Discharge Warning,1,53.71,72.83,73.19,43.46,-59.91,3.14,9.32
Low SoC,1,43.12,58.36,57.34,46.67,-46.06,13.22,25.95
Low SoC,1,32.79,34.4,43.14,48.16,-45.64,11.37,15.4
Harsh Braking,0,28.54,36.31,44.84,71.99,-19.56,70.65,22.64
Harsh Braking,0,28.97,35.35,41.03,74.13,-18.31,79.31,36.42
Low SoC,1,54.35,63.9,91.2,46.98,-49.71,15.61,12.53
Consecutive Fast Charging,1,37.46,51.89,54.11,46.56,-58.04,12.4,6.3
OverSpeed,0,34.49,48.65,46.22,76.64,-28.01,86.98,50.66
Harsh Cornering,0,25.04,29.96,48.89,76.3,-19.65,84.66,27.62
Harsh Braking,0,30.04,30.52,46.38,63.43,-8.75,41.13,37.21
Low SoC,1,45.36,55.07,76.75,48.63,-52.98,12.23,22.34
Harsh Acceleration,0,19.17,27.36,30.75,79.25,-10.07,96.39,32.57
Low SoC,1,46.37,64.23,82.02,48.19,-40.47,6.89,9.07
OverSpeed,0,34.83,41.21,55.76,71.19,-1.31,69.46,42.87
Deep Discharge Warning,1,51.42,60.14,64.78,45.91,-41.86,2.92,10.95
Harsh Braking,0,30.04,34.89,41.0,67.25,-8.94,48.26,16.54
Harsh Cornering,0,30.24,38.01,38.36,64.22,1.89,43.67,40.92
Deep Discharge Warning,1,34.22,46.3,60.44,45.98,-30.03,5.66,38.82
Deep Discharge Warning,1,40.96,46.36,61.19,46.98,-46.49,8.78,8.71
Battery Under Voltage,1,37.72,45.4,69.15,49.47,-23.69,14.53,2.48
Battery Under Voltage,1,44.96,63.62,55.14,48.62,-34.49,16.83,5.85
Deep Discharge Warning,1,37.6,47.22,84.18,47.07,-31.97,12.46,9.19
Thermal Overheat Surge,1,45.96,56.93,75.91,43.78,-46.14,3.6,3.6
Harsh Cornering,0,29.54,33.75,43.68,75.99,-10.11,89.5,26.85
Harsh Braking,0,31.46,36.12,34.99,72.44,-20.73,71.72,29.17
Harsh Acceleration,0,32.07,37.04,43.12,70.04,-29.88,62.93,20.26
Thermal Overheat Surge,1,28.52,36.98,67.77,49.85,-29.15,14.15,3.42
Harsh Acceleration,0,31.36,37.96,39.7,63.4,-15.69,41.04,46.14
Harsh Braking,0,31.79,36.25,50.72,71.51,-10.62,65.81,21.28
Deep Discharge Warning,1,47.57,60.86,92.47,47.06,-55.44,10.08,5.23
Harsh Braking,0,31.45,37.71,50.97,65.44,1.96,50.56,44.57
Harsh Acceleration,0,33.29,36.95,49.8,74.26,-18.77,77.12,24.68
Deep Discharge Warning,1,31.58,44.82,48.7,45.12,-60.71,4.62,14.54
OverSpeed,0,36.65,42.52,49.71,66.0,-12.9,49.38,59.17
Harsh Cornering,0,31.36,35.12,36.13,64.36,-20.27,46.24,32.5
Harsh Braking,0,26.18,32.73,37.35,78.59,-9.67,95.2,32.65
Deep Discharge Warning,1,42.58,52.88,70.34,41.6,-63.06,1.81,2.14
Low SoC,1,32.8,42.79,60.06,45.38,-53.29,5.88,28.28
Battery Under Voltage,1,42.93,61.21,82.2,46.66,-66.87,4.04,19.44
Deep Discharge Warning,1,37.05,49.4,60.39,49.39,-51.13,14.35,26.38
Harsh Braking,0,32.4,35.65,30.14,69.78,-14.32,69.1,39.48
Deep Discharge Warning,1,50.98,60.47,70.76,46.55,-42.97,1.86,5.83
Harsh Acceleration,0,31.91,40.08,38.32,75.91,-7.34,86.44,19.99
Deep Discharge Warning,1,43.77,53.78,78.19,49.11,-52.61,10.13,34.79
Harsh Braking,0,29.52,35.5,47.22,65.29,-15.79,41.89,35.38
OverSpeed,0,25.69,29.0,39.34,74.23,-10.48,79.29,40.11
Harsh Acceleration,0,27.78,29.77,35.05,74.06,-21.81,83.75,48.39
Deep Discharge Warning,1,49.18,61.07,77.91,48.57,-36.39,7.89,32.73
Battery Under Voltage,1,42.65,51.11,62.04,46.99,-65.21,7.02,42.27
Battery Under Voltage,1,55.22,74.7,77.99,44.6,-32.59,7.82,7.03
Deep Discharge Warning,1,42.69,54.78,70.16,46.54,-26.16,4.94,40.99
Deep Discharge Warning,1,32.79,53.35,51.1,46.63,-55.86,9.32,23.73
Deep Discharge Warning,1,49.38,61.91,78.65,47.91,-32.01,7.69,58.88
Harsh Acceleration,0,33.86,37.47,52.13,69.01,-15.09,59.38,33.95
Harsh Cornering,0,32.21,40.97,40.34,68.43,2.02,58.78,41.01
Low SoC,1,32.97,48.73,67.86,48.33,-60.7,16.93,0.29
Consecutive Fast Charging,1,46.87,64.25,67.71,46.05,-38.52,7.54,79.66
Deep Discharge Warning,1,49.85,61.22,80.29,47.3,-23.42,6.4,11.23
OverSpeed,0,25.95,36.76,40.54,64.86,-16.81,46.51,31.78
Harsh Acceleration,0,27.3,31.62,51.86,73.99,-31.18,79.17,35.98
Harsh Braking,0,37.43,46.7,53.43,76.58,-0.59,85.81,27.78
Battery Under Voltage,1,48.75,60.41,90.6,45.97,-25.0,5.6,14.36
OverSpeed,0,29.5,32.67,43.79,73.37,6.76,77.66,42.69
Low SoC,1,41.94,56.94,58.14,45.64,-38.5,3.78,54.65
Harsh Cornering,0,20.92,25.89,36.69,72.29,-3.56,72.83,36.87
Low SoC,1,46.88,61.09,76.39,46.66,-43.17,10.69,1.82
Low SoC,1,53.08,68.62,81.4,46.49,-43.61,6.75,19.44
Harsh Braking,0,28.14,32.07,40.14,76.65,6.97,93.9,37.62
Harsh Acceleration,0,34.79,38.58,41.13,77.91,-21.47,89.05,47.26
Low SoC,1,39.62,52.57,63.28,46.26,-33.93,10.21,52.0
OverSpeed,0,29.74,35.03,41.67,80.54,-31.28,93.84,19.28
Consecutive Fast Charging,1,46.83,57.73,71.7,46.75,-38.09,4.36,78.8
Battery Under Voltage,1,45.07,62.54,73.36,46.87,-54.55,12.44,3.38
Harsh Braking,0,33.42,38.47,53.24,63.44,-2.21,40.71,60.26
Battery Under Voltage,1,57.86,70.7,94.7,47.98,-66.19,9.59,2.36
OverSpeed,0,32.99,38.52,43.38,72.35,1.54,77.74,19.65
Deep Discharge Warning,1,32.66,43.29,56.59,47.75,-44.86,3.71,32.86
OverSpeed,0,21.96,28.41,32.1,79.01,-2.89,91.03,25.98
Battery Under Voltage,1,33.05,47.37,53.22,46.78,-44.24,3.98,0.17
Battery Under Voltage,1,36.71,53.69,48.71,46.4,-66.84,2.23,20.19
Deep Discharge Warning,1,41.2,60.33,73.49,46.13,-45.31,4.71,0.48
Harsh Cornering,0,28.96,36.05,47.47,68.3,-7.6,63.19,15.33
Low SoC,1,38.58,52.2,64.45,45.97,-37.6,4.8,24.63
Consecutive Fast Charging,1,40.29,51.73,56.98,45.04,-48.65,0.94,13.76
Deep Discharge Warning,1,45.18,58.99,65.16,44.92,-40.17,2.17,12.97
Deep Discharge Warning,1,47.24,64.18,73.81,46.04,-28.74,5.79,13.51
Low SoC,1,32.87,46.77,65.85,45.28,-46.31,12.72,3.02
Harsh Braking,0,31.62,35.57,40.4,72.3,-6.77,68.9,33.73
Low SoC,1,38.7,52.72,41.88,47.07,-26.05,13.55,5.05
Low SoC,1,44.13,60.12,54.92,48.11,-63.56,19.03,2.93
Battery Under Voltage,1,42.23,51.47,80.19,45.67,-53.4,5.68,10.75
Low SoC,1,45.53,57.95,66.75,47.13,-49.9,4.63,9.82
Deep Discharge Warning,1,50.85,64.69,72.14,48.98,-45.98,17.56,97.19
Low SoC,1,45.5,53.38,77.82,44.64,-60.67,9.25,12.82
Harsh Braking,0,26.24,38.26,35.56,64.32,-23.41,45.75,33.55
Low SoC,1,50.48,60.42,85.2,45.97,-82.2,3.31,1.97
Deep Discharge Warning,1,33.53,41.21,53.49,46.99,-65.63,7.45,41.59
Harsh Braking,0,28.73,32.3,44.11,75.09,-9.12,85.0,26.16
Low SoC,1,35.59,45.67,60.57,46.84,-15.44,9.62,5.76
Thermal Overheat Surge,1,46.97,64.85,89.56,45.87,-22.79,3.12,8.72
Harsh Cornering,0,34.74,38.21,41.33,67.11,-15.88,54.66,47.74
Harsh Acceleration,0,30.67,37.85,39.5,72.89,-10.27,79.7,12.01
Harsh Braking,0,24.73,28.87,46.79,67.58,-12.96,57.04,46.79
Deep Discharge Warning,1,33.82,41.29,66.31,48.99,-56.76,17.77,37.71
Battery Under Voltage,1,43.18,52.41,65.88,45.9,-29.29,0.18,17.93
OverSpeed,0,30.63,36.27,47.16,73.55,-0.68,74.72,47.3
Deep Discharge Warning,1,48.98,57.07,77.34,47.23,-48.06,9.12,2.28
OverSpeed,0,34.64,43.04,42.35,68.72,-15.08,61.04,16.18
Harsh Acceleration,0,27.41,34.06,42.02,77.77,-23.89,91.19,45.65
Battery Under Voltage,1,46.5,58.12,66.66,46.5,-22.09,14.59,0.86
Harsh Acceleration,0,27.35,31.85,43.49,74.06,-20.28,76.34,31.74
Harsh Cornering,0,28.97,40.54,33.75,75.08,-17.09,80.36,18.93
Harsh Acceleration,0,30.84,40.0,51.28,78.82,-32.44,93.7,34.78
Low SoC,1,39.58,45.09,69.79,44.73,-22.38,1.48,2.44
Harsh Acceleration,0,25.82,29.33,29.27,71.41,2.41,68.49,13.64
Low SoC,1,40.32,49.89,69.13,47.79,-55.44,8.86,17.61
Low SoC,1,30.51,42.44,60.37,47.16,-28.45,5.69,19.88
Harsh Braking,0,30.56,36.23,32.54,67.06,4.36,53.28,27.97
Harsh Cornering,0,33.31,36.95,42.18,74.35,-15.06,80.43,11.09
Low SoC,1,37.5,37.69,79.47,47.88,-72.5,10.57,6.81
Thermal Overheat Surge,1,40.76,54.08,62.59,42.97,-23.88,0.4,17.66
Harsh Acceleration,0,30.5,37.39,39.84,70.12,-6.33,63.6,33.7
Harsh Acceleration,0,36.76,44.94,45.51,77.84,-7.69,90.45,50.33
Harsh Braking,0,25.51,30.69,38.01,63.86,-17.13,45.58,41.29
Harsh Acceleration,0,34.55,37.16,42.0,75.37,-39.89,84.28,41.61
Harsh Braking,0,30.21,38.51,45.77,70.28,-3.95,63.43,48.61
Deep Discharge Warning,1,38.78,49.47,58.12,45.27,-43.85,11.3,5.98
Deep Discharge Warning,1,54.81,72.55,81.56,45.86,-24.86,4.43,0.49
Harsh Acceleration,0,32.08,39.4,45.52,65.71,-11.34,52.33,18.29
Deep Discharge Warning,1,42.72,54.87,67.03,47.31,-41.79,0.82,7.0
Battery Under Voltage,1,38.72,49.75,62.68,47.26,-52.05,7.22,0.17
Low SoC,1,42.16,55.85,65.72,50.31,-55.86,23.97,1.12
Harsh Acceleration,0,38.25,47.8,53.22,65.49,-16.3,48.68,36.17
Low SoC,1,44.08,48.13,67.17,45.05,-45.84,1.24,2.34
Low SoC,1,41.02,60.65,65.11,47.2,-40.93,2.88,6.29
Harsh Acceleration,0,29.14,38.84,37.25,64.59,-43.01,48.28,43.82
Low SoC,1,25.65,40.88,63.57,47.11,-53.12,3.63,0.26
Low SoC,1,39.4,53.21,73.59,44.62,-52.2,3.78,25.37
Deep Discharge Warning,1,45.82,58.49,67.51,46.81,-32.25,6.74,24.07
OverSpeed,0,24.16,31.18,37.29,74.05,-21.45,81.9,43.58
Harsh Acceleration,0,35.64,42.3,49.11,65.94,-11.14,50.99,55.46
Harsh Braking,0,30.6,36.47,47.45,78.13,-17.43,92.12,37.26
Harsh Braking,0,34.82,40.72,53.71,64.42,-5.54,47.59,34.47
Battery Under Voltage,1,46.5,52.13,73.11,47.04,-51.71,7.14,8.05
Consecutive Fast Charging,1,28.63,40.24,46.79,45.01,-51.13,11.83,12.99
Harsh Cornering,0,32.91,40.75,41.67,68.33,-30.37,57.81,38.01
Harsh Acceleration,0,33.82,44.01,39.64,70.68,-20.84,67.18,24.92
OverSpeed,0,28.76,35.38,44.21,74.07,-9.29,77.94,27.79
Harsh Acceleration,0,31.43,38.6,49.29,71.08,-1.31,67.94,16.77
Harsh Acceleration,0,38.25,43.24,46.37,67.66,-16.68,51.67,45.22
Battery Under Voltage,1,51.22,59.98,72.33,46.48,-56.61,8.5,6.78
Harsh Braking,0,31.66,40.86,38.71,64.74,-23.6,47.11,28.07
Battery Under Voltage,1,44.52,55.67,67.9,44.5,-31.1,0.61,0.5
Low SoC,1,68.79,80.82,100.79,46.59,-26.72,5.86,4.16
Harsh Braking,0,27.7,32.56,42.91,66.3,-7.22,52.65,21.26
Thermal Overheat Surge,1,37.45,52.5,49.25,45.39,-50.06,5.74,12.14
Battery Under Voltage,1,36.27,41.43,64.6,47.83,-36.5,13.21,1.04
Low SoC,1,37.74,47.49,64.4,45.52,-64.86,2.94,20.32
Harsh Acceleration,0,28.22,34.37,38.56,66.26,-4.28,56.21,41.8
Deep Discharge Warning,1,39.3,51.86,41.02,50.26,-25.38,14.09,7.71
Harsh Cornering,0,33.49,44.19,47.48,69.44,-14.11,60.32,25.43
Low SoC,1,37.37,47.93,64.92,49.25,-19.3,16.01,0.46
Consecutive Fast Charging,1,47.55,51.54,75.63,46.28,-57.84,2.79,14.07
Harsh Braking,0,33.05,38.57,46.91,66.89,-5.78,56.82,31.04
Harsh Cornering,0,32.31,37.76,53.74,77.46,-20.82,91.34,21.2
Deep Discharge Warning,1,32.14,45.21,76.56,49.97,-41.22,25.04,3.66
Harsh Acceleration,0,31.22,35.69,40.95,76.29,-25.6,91.33,6.17
Low SoC,1,48.0,59.53,79.08,46.55,-18.03,5.34,17.44
Harsh Braking,0,34.52,39.34,48.1,80.19,-13.86,97.13,6.47
Low SoC,1,44.12,53.32,68.91,44.9,-69.27,2.02,2.18
Harsh Braking,0,31.35,37.27,40.44,71.68,-22.41,76.89,31.69
Deep Discharge Warning,1,50.99,59.87,68.27,46.23,-57.08,13.12,6.88
OverSpeed,0,31.55,40.23,41.17,65.41,-25.72,46.48,9.56
Deep Discharge Warning,1,47.92,57.29,68.36,46.39,-54.8,5.32,5.44
Low SoC,1,39.6,47.9,70.59,45.04,-50.5,3.18,17.02
Battery Under Voltage,1,64.18,75.44,94.4,46.49,-50.79,4.76,24.3
Consecutive Fast Charging,1,37.03,51.48,59.6,46.12,-55.19,8.2,79.11
Harsh Braking,0,19.95,27.51,29.15,68.79,-23.82,61.4,31.79
Harsh Acceleration,0,30.31,34.71,40.43,77.31,-20.02,88.31,27.55
Deep Discharge Warning,1,39.12,46.35,70.17,47.68,-49.5,9.42,24.22
Battery Under Voltage,1,23.42,28.38,37.82,46.33,-58.89,5.02,18.14
Harsh Acceleration,0,36.98,39.64,55.71,73.79,-31.06,81.36,35.4
OverSpeed,0,31.02,34.47,43.32,70.62,3.63,66.67,34.63
Consecutive Fast Charging,1,47.52,61.71,69.2,44.44,-58.19,3.95,4.27
Harsh Acceleration,0,28.57,35.05,45.1,74.17,0.94,78.44,33.93
Deep Discharge Warning,1,35.79,45.47,58.32,48.75,-45.96,15.54,25.36
Harsh Acceleration,0,28.18,34.02,38.77,63.03,-10.14,40.9,21.98
Consecutive Fast Charging,1,39.5,45.04,62.83,47.34,-26.4,10.47,5.71
Battery Under Voltage,1,39.6,58.65,71.3,47.09,-54.73,9.5,9.84
Harsh Acceleration,0,26.29,31.95,39.85,77.45,8.18,89.84,19.05
Consecutive Fast Charging,1,48.25,60.64,61.01,44.36,-42.07,1.94,4.86
Harsh Braking,0,34.09,41.01,47.53,76.94,-4.21,88.45,19.39
Battery Under Voltage,1,42.81,59.25,81.36,47.69,-28.64,8.03,2.05
Harsh Acceleration,0,29.71,37.46,35.62,71.52,-4.33,66.12,32.61
Deep Discharge Warning,1,28.75,38.28,47.52,46.72,-53.83,11.95,0.43
Harsh Acceleration,0,27.83,37.71,38.56,67.54,-20.82,55.27,13.47
Deep Discharge Warning,1,51.02,65.76,80.51,46.36,-26.73,17.29,14.45
Consecutive Fast Charging,1,46.28,63.98,62.02,44.36,-57.26,6.02,13.86
Deep Discharge Warning,1,29.2,39.49,42.85,45.91,-43.86,2.87,20.21
Consecutive Fast Charging,1,47.65,66.87,67.81,49.32,-41.2,15.98,19.01
Harsh Acceleration,0,31.66,36.38,49.24,77.71,-22.41,95.34,41.06
Battery Under Voltage,1,40.55,52.08,63.23,45.47,-59.11,5.17,2.15
Harsh Braking,0,28.34,34.92,38.52,68.48,-7.87,64.68,37.49
Harsh Cornering,0,28.96,33.37,34.73,77.96,-9.76,89.93,51.27
Harsh Braking,0,31.6,36.48,38.75,66.84,-2.13,53.92,47.79
Consecutive Fast Charging,1,40.44,56.35,75.54,45.33,-79.45,7.85,20.45
Battery Under Voltage,1,49.67,58.25,59.38,47.86,-42.52,9.79,0.84
Low SoC,1,37.32,56.77,57.48,45.76,-36.74,5.12,0.96
Battery Under Voltage,1,40.81,58.66,57.67,47.15,-56.6,16.84,12.62
Harsh Acceleration,0,26.02,31.22,45.64,76.93,-31.96,85.52,24.54
Battery Under Voltage,1,42.46,60.76,66.87,46.02,-58.16,6.21,7.82
Deep Discharge Warning,1,34.74,44.97,54.78,46.1,-65.26,8.86,6.77
Harsh Braking,0,26.31,31.53,39.5,75.13,-22.98,83.46,27.5
Harsh Acceleration,0,32.43,37.85,37.7,78.05,-6.56,97.74,8.61
OverSpeed,0,31.12,36.11,42.26,79.4,-5.86,97.31,37.01
Harsh Braking,0,29.0,35.13,42.89,77.54,4.16,89.09,20.94
Low SoC,1,45.11,59.18,60.09,48.5,-43.13,20.9,12.51
Deep Discharge Warning,1,37.24,49.79,66.27,46.51,-23.96,5.46,25.31
Battery Under Voltage,1,45.08,58.68,73.8,45.49,-22.35,6.25,5.47
Deep Discharge Warning,1,47.25,61.66,61.9,47.14,-35.38,8.62,7.36
Deep Discharge Warning,1,40.72,53.5,53.99,46.36,-59.61,3.24,17.47
Low SoC,1,44.59,55.09,65.37,46.5,-77.89,8.4,3.39
Harsh Acceleration,0,27.65,30.13,45.4,74.81,-19.4,85.01,50.47
Deep Discharge Warning,1,35.78,51.01,71.11,46.87,-51.06,6.5,3.85
Consecutive Fast Charging,1,38.39,58.91,70.75,46.41,-32.17,7.43,8.16
Harsh Braking,0,31.03,35.72,40.2,77.44,-15.89,89.03,35.16
Harsh Cornering,0,23.38,27.43,33.08,63.27,-35.49,45.01,37.5
Harsh Braking,0,30.71,39.06,35.29,70.13,-2.31,63.05,29.07
Consecutive Fast Charging,1,55.76,66.76,87.23,44.55,-49.53,1.97,17.99
Deep Discharge Warning,1,51.68,65.11,65.63,44.27,-68.38,5.34,26.63
Harsh Acceleration,0,28.39,31.67,37.31,64.23,-25.43,46.29,27.59
Harsh Acceleration,0,26.56,32.58,31.28,72.39,-20.01,76.93,36.7
Deep Discharge Warning,1,47.52,62.06,75.51,44.03,-39.49,8.21,30.17
Harsh Braking,0,29.73,36.45,43.29,71.96,-4.3,65.35,22.05
Harsh Acceleration,0,23.61,27.89,27.7,77.92,-10.1,94.6,44.67
Harsh Braking,0,34.27,36.91,50.23,79.3,-25.99,96.45,12.78
Deep Discharge Warning,1,41.91,56.71,61.06,46.91,-52.07,3.8,4.4
Harsh Braking,0,32.41,36.98,47.05,65.8,-4.44,48.95,34.58
Thermal Overheat Surge,1,27.97,44.56,54.17,44.16,-45.39,2.0,11.52
Battery Under Voltage,1,20.11,25.16,54.83,48.14,-34.23,19.73,17.48
Deep Discharge Warning,1,31.46,45.37,49.75,46.88,-30.88,8.6,1.44
Harsh Cornering,0,35.42,37.88,61.1,66.22,-21.98,55.39,29.36
Deep Discharge Warning,1,61.95,73.92,73.03,48.34,-40.49,15.82,23.03
OverSpeed,0,28.53,33.91,34.87,73.17,-24.09,77.16,35.01
Deep Discharge Warning,1,32.59,42.27,52.62,47.25,-27.7,3.79,34.56
Harsh Braking,0,30.37,40.37,42.09,65.22,-12.06,43.68,25.96
Deep Discharge Warning,1,38.17,54.32,67.66,46.48,-33.25,9.11,9.2
Harsh Cornering,0,30.1,36.31,45.36,77.47,-27.66,93.57,23.24
Harsh Braking,0,29.39,37.54,41.17,74.27,-13.82,78.83,23.42
Harsh Cornering,0,34.74,42.92,49.74,63.53,-28.52,40.23,15.56
Low SoC,1,51.07,61.84,82.83,51.03,-47.0,19.5,32.3
Harsh Braking,0,35.09,39.54,49.11,74.18,-7.99,79.79,45.08
Harsh Braking,0,35.08,40.36,46.54,64.32,-14.15,40.85,31.97
OverSpeed,0,35.07,38.52,49.95,75.66,-18.54,81.73,45.23
Deep Discharge Warning,1,40.82,53.83,55.38,46.63,-54.22,5.44,5.87
Harsh Acceleration,0,27.95,34.09,38.88,69.82,-17.98,66.7,15.22
OverSpeed,0,32.36,34.97,45.93,69.35,-28.07,63.99,26.28
Harsh Acceleration,0,29.19,40.07,40.85,71.13,-15.42,66.59,28.04
Deep Discharge Warning,1,44.02,56.46,73.03,47.37,-60.77,10.2,66.46
OverSpeed,0,32.47,39.63,51.81,77.74,-16.13,93.25,22.6
Harsh Braking,0,24.77,31.57,35.77,78.8,-6.63,94.82,21.79
Deep Discharge Warning,1,41.04,61.7,73.76,45.07,-11.56,7.98,27.91
Harsh Acceleration,0,31.43,33.74,36.68,66.34,-23.56,52.51,43.24
Deep Discharge Warning,1,48.85,57.31,80.54,50.19,-52.4,18.43,98.88
Deep Discharge Warning,1,61.57,69.36,86.6,50.56,-52.69,21.51,6.21
Deep Discharge Warning,1,30.45,42.24,57.38,46.05,-70.61,7.68,13.65
Low SoC,1,50.41,67.54,72.25,50.89,-43.1,16.27,7.85
Deep Discharge Warning,1,45.25,54.21,71.98,45.56,-72.55,10.93,11.23
Harsh Cornering,0,29.98,35.46,42.12,77.64,-13.67,85.86,6.71
Harsh Acceleration,0,20.46,22.1,29.82,76.13,-5.71,87.28,54.55
Low SoC,1,59.43,73.04,86.62,48.64,-62.51,9.6,5.48
Thermal Overheat Surge,1,53.44,59.81,90.93,47.94,-41.02,7.32,26.84
Harsh Braking,0,35.54,45.0,53.68,75.07,-3.4,78.85,26.87
Deep Discharge Warning,1,42.76,48.53,62.95,48.22,-33.26,14.66,7.73
Low SoC,1,47.93,56.83,77.13,46.15,-67.88,0.82,7.6
Low SoC,1,53.25,70.69,79.81,47.13,-33.09,16.3,3.49
OverSpeed,0,28.38,37.48,35.87,73.84,-3.22,81.32,31.99
Battery Under Voltage,1,45.92,53.74,72.42,47.01,-31.94,1.63,5.03
Battery Under Voltage,1,35.57,54.42,56.0,47.01,-53.15,3.15,2.39
Consecutive Fast Charging,1,30.84,42.25,37.47,47.07,-44.12,14.46,2.3
Harsh Cornering,0,27.48,34.57,36.32,68.17,-19.4,57.06,23.95
Battery Under Voltage,1,49.95,67.42,68.18,48.28,-57.88,11.72,18.98
Battery Under Voltage,1,53.52,64.39,77.13,45.16,-73.59,9.04,7.39
Harsh Acceleration,0,23.35,27.42,30.34,68.42,-3.36,55.29,10.07
Harsh Braking,0,28.26,31.35,40.74,73.85,-25.08,76.43,18.86
Harsh Acceleration,0,36.39,40.47,55.62,73.91,-23.93,81.76,50.37
Harsh Cornering,0,28.9,33.54,45.03,73.46,-4.93,73.64,40.47
Harsh Braking,0,33.64,38.52,40.19,73.92,-16.13,76.65,21.78
Low SoC,1,43.78,48.63,63.56,43.97,-63.37,5.26,34.38
Harsh Acceleration,0,24.92,30.13,31.85,65.09,-7.54,48.73,37.71
Low SoC,1,47.01,61.21,62.09,47.45,-15.72,12.16,46.21
Harsh Cornering,0,28.19,31.86,42.6,73.67,-29.42,81.05,15.82
Harsh Acceleration,0,21.56,30.16,37.97,69.92,-14.27,65.27,49.33
Deep Discharge Warning,1,44.73,52.21,71.03,45.92,-45.53,7.3,16.97
Low SoC,1,35.37,45.71,56.22,46.68,-35.56,3.0,0.7
Low SoC,1,51.59,61.01,76.71,43.87,-64.79,0.78,1.11
Low SoC,1,49.03,64.38,71.63,47.18,-78.9,2.19,0.14
Harsh Braking,0,31.16,33.12,48.41,67.16,-39.27,53.64,44.88
Low SoC,1,44.09,56.74,75.19,47.29,-39.06,6.67,24.68
Harsh Acceleration,0,29.17,34.12,35.38,68.19,-24.78,55.33,22.19
OverSpeed,0,29.58,35.62,41.84,75.44,-23.8,85.2,31.69
Deep Discharge Warning,1,50.82,60.21,70.4,44.93,-28.84,4.13,2.52
Harsh Braking,0,30.66,35.18,43.28,69.6,-13.55,59.96,30.81
Harsh Braking,0,25.34,36.31,31.17,68.56,-5.3,53.85,18.39
OverSpeed,0,30.17,40.28,37.78,69.88,-30.68,62.46,16.76
Harsh Acceleration,0,33.2,37.65,40.39,70.74,-9.55,66.2,35.6
Low SoC,1,50.58,59.9,74.64,46.05,-62.2,2.61,5.58
Low SoC,1,38.73,47.48,51.59,45.35,-44.2,2.5,14.5
OverSpeed,0,32.18,36.05,39.22,70.69,-12.14,67.11,40.75
Battery Under Voltage,1,41.42,52.36,73.86,46.96,-25.37,8.62,0.77
Deep Discharge Warning,1,53.89,68.58,68.29,46.34,-35.07,5.87,3.53
Deep Discharge Warning,1,50.36,56.09,79.06,47.63,-37.53,4.99,19.35
Deep Discharge Warning,1,35.36,46.45,66.59,48.08,-68.99,14.83,9.59
Harsh Braking,0,30.88,37.58,35.97,67.88,-17.26,63.19,37.48
Harsh Acceleration,0,24.78,31.47,35.3,76.37,-4.86,85.02,44.48
Deep Discharge Warning,1,38.8,52.85,61.08,46.78,-35.83,9.69,6.55
Harsh Acceleration,0,30.77,38.01,32.37,68.98,-21.48,57.36,12.09
Low SoC,1,59.59,72.88,93.61,47.54,-41.87,3.33,42.19
Low SoC,1,42.98,48.53,67.73,44.46,-37.97,4.39,20.55
Harsh Acceleration,0,31.04,39.96,40.41,77.83,-10.39,93.12,29.0
Harsh Acceleration,0,33.89,43.27,48.03,71.62,-31.06,70.37,9.77
OverSpeed,0,26.63,28.3,38.91,72.93,0.91,78.0,14.88
OverSpeed,0,30.83,35.89,36.18,63.9,-20.39,47.63,45.76
Low SoC,1,46.17,58.36,70.38,45.44,-65.31,6.44,2.02
Low SoC,1,37.38,53.52,65.23,43.39,-34.24,4.59,35.71
Deep Discharge Warning,1,45.81,55.7,69.35,45.65,-54.95,3.38,4.34
Low SoC,1,25.53,34.3,50.21,44.97,-46.42,4.38,40.14
Deep Discharge Warning,1,52.75,67.01,90.0,52.37,-53.18,27.59,72.77
Deep Discharge Warning,1,30.04,41.14,42.2,46.14,-55.12,8.17,8.65
Deep Discharge Warning,1,36.21,46.23,72.67,44.77,-63.01,1.53,25.51
OverSpeed,0,38.05,40.59,48.03,69.07,-15.47,62.06,33.36
Consecutive Fast Charging,1,45.9,64.09,70.67,42.99,-32.34,4.87,6.04
Battery Under Voltage,1,50.93,67.15,59.58,47.17,-38.55,9.43,21.46
Deep Discharge Warning,1,64.47,76.47,85.27,47.4,-15.62,16.54,54.5
Deep Discharge Warning,1,32.09,40.3,71.71,45.42,-19.44,5.17,0.36
Battery Under Voltage,1,43.57,55.96,61.53,48.11,-21.86,8.44,17.92
Harsh Braking,0,37.13,40.27,44.85,73.71,-0.32,78.13,46.57
Harsh Braking,0,26.78,30.77,45.76,70.1,-9.88,58.16,28.28
Harsh Acceleration,0,25.47,27.71,36.95,76.05,-18.85,90.39,27.7
Thermal Overheat Surge,1,39.95,54.35,54.3,45.49,-42.47,6.21,7.25
Low SoC,1,27.25,40.55,65.62,46.75,-55.12,8.1,31.38
Harsh Braking,0,29.73,33.25,39.48,70.55,-13.57,64.98,24.2
Harsh Acceleration,0,29.06,35.62,44.61,64.67,-31.6,42.58,30.11
Harsh Cornering,0,33.37,40.27,54.33,76.85,-21.84,90.46,18.26
Consecutive Fast Charging,1,55.75,70.22,89.09,46.98,-40.62,0.87,3.77
Battery Under Voltage,1,52.03,59.39,71.76,49.1,-38.59,15.49,12.85
Thermal Overheat Surge,1,49.93,70.22,85.11,44.69,-14.38,0.58,13.02
Thermal Overheat Surge,1,25.26,34.75,47.26,46.77,-43.39,11.44,89.45
Harsh Braking,0,36.09,41.84,53.43,70.52,-19.27,63.6,38.14
Battery Under Voltage,1,43.98,51.91,69.41,44.47,-43.75,4.0,35.57
Harsh Acceleration,0,30.22,32.73,38.5,67.56,-5.79,54.4,41.22
Harsh Braking,0,29.6,37.98,36.75,70.13,-14.54,65.6,36.47
Deep Discharge Warning,1,29.71,42.3,67.97,45.43,-47.77,14.68,19.31
Low SoC,1,53.14,65.58,77.95,50.13,-46.14,19.47,29.2
Harsh Braking,0,35.17,39.58,52.99,79.45,-19.1,97.24,44.26
Low SoC,1,49.03,59.02,79.65,46.69,-39.27,3.25,15.02
Harsh Braking,0,26.63,32.51,49.79,64.0,-6.1,41.27,39.05
Deep Discharge Warning,1,43.99,48.96,67.18,46.36,-49.15,3.24,4.06
Harsh Braking,0,29.87,34.07,46.3,66.46,-18.04,50.92,36.71
Harsh Acceleration,0,31.49,36.11,35.58,77.2,-16.56,89.83,23.76
Harsh Acceleration,0,33.95,36.81,43.58,79.01,-15.96,96.22,18.62
Low SoC,1,55.38,67.99,86.15,44.95,-27.16,1.9,2.19
Harsh Braking,0,32.02,40.79,38.82,78.52,-12.08,91.47,35.39
Battery Under Voltage,1,39.07,44.93,60.26,48.27,-46.32,17.61,31.56
Harsh Acceleration,0,29.46,33.05,34.47,70.73,-16.96,70.95,8.6
Harsh Braking,0,30.27,36.26,43.05,74.22,-35.39,84.56,23.83
Deep Discharge Warning,1,47.63,54.65,88.32,48.78,-38.08,6.63,13.63
Consecutive Fast Charging,1,44.14,58.0,82.06,46.41,-44.7,5.01,8.63
Low SoC,1,37.36,46.52,53.43,45.46,-32.65,5.74,1.05
Battery Under Voltage,1,47.1,59.94,67.87,46.83,-38.57,14.94,0.05
Harsh Acceleration,0,26.34,32.37,35.37,74.42,-13.91,81.59,51.86
Battery Under Voltage,1,38.83,49.5,73.56,48.36,-49.52,16.16,44.2
Low SoC,1,44.07,60.57,78.04,46.3,-49.48,3.04,4.55
Harsh Acceleration,0,34.66,44.17,51.85,64.78,-21.73,42.57,37.55
Battery Under Voltage,1,39.28,49.14,64.78,47.16,-61.44,10.7,58.02
Thermal Overheat Surge,1,47.22,62.62,84.03,46.67,-78.32,7.35,6.09
Deep Discharge Warning,1,57.75,68.81,83.62,51.68,-44.96,20.99,38.28
OverSpeed,0,29.92,36.66,49.51,76.54,8.9,86.36,35.51
Low SoC,1,45.51,59.05,74.44,45.3,-21.17,5.25,3.37
Harsh Braking,0,33.71,41.56,29.73,74.98,-14.07,86.6,31.77
Battery Under Voltage,1,47.4,59.07,76.16,45.41,-42.52,3.05,8.38
Harsh Braking,0,23.16,30.38,34.96,63.95,-9.17,41.65,49.52
OverSpeed,0,24.13,32.9,38.87,75.08,-15.18,84.02,20.22
Consecutive Fast Charging,1,46.88,55.89,72.21,45.87,-61.57,2.83,18.59
Consecutive Fast Charging,1,40.56,50.52,68.04,46.75,-28.92,7.97,1.56
Low SoC,1,51.85,66.98,68.89,45.67,-42.44,4.81,2.25
Deep Discharge Warning,1,44.62,51.92,76.97,48.16,-64.14,7.66,38.89
Harsh Braking,0,28.75,33.13,49.97,64.05,-6.32,44.09,26.08
Harsh Braking,0,30.87,36.78,47.11,67.35,-31.56,49.16,25.62
Low SoC,1,39.78,59.32,70.24,45.24,-36.89,9.24,2.95
Harsh Acceleration,0,31.94,39.2,44.71,76.28,-2.17,79.51,34.58
Harsh Braking,0,22.84,27.6,37.32,72.26,2.78,74.37,36.95
Harsh Braking,0,30.86,35.72,43.93,77.38,-11.67,92.67,5.2
Low SoC,1,46.3,64.21,54.08,48.49,-53.88,9.67,14.28
OverSpeed,0,30.96,34.03,49.91,68.1,-20.46,63.4,43.31
Harsh Acceleration,0,27.04,30.1,37.37,78.35,-24.32,94.72,33.14
Harsh Braking,0,28.3,34.62,38.49,76.08,6.18,89.33,52.72
Battery Under Voltage,1,47.48,66.37,69.54,48.5,-22.37,14.81,4.38
Low SoC,1,52.78,74.87,88.31,47.14,-60.32,1.11,8.3
OverSpeed,0,32.38,35.0,48.25,71.1,-13.12,72.17,24.05
Low SoC,1,34.75,50.2,39.16,46.61,-48.52,8.44,14.02
Harsh Braking,0,29.56,33.42,48.52,71.7,-36.14,68.01,33.07
Deep Discharge Warning,1,47.59,60.4,61.2,44.49,-63.29,2.59,8.55
Low SoC,1,47.59,63.37,73.11,49.02,-36.05,14.2,5.15
Low SoC,1,34.41,42.22,58.44,48.83,-29.52,14.33,4.5
Harsh Braking,0,29.34,35.45,37.38,66.59,-13.84,49.82,41.17
Harsh Braking,0,29.37,35.39,38.12,71.02,-33.17,66.74,38.0
Low SoC,1,51.73,65.54,66.13,46.24,-11.77,11.28,7.57
Harsh Braking,0,27.68,35.69,36.98,64.84,1.77,47.02,45.6
Harsh Braking,0,36.41,41.28,52.86,65.43,-39.38,51.02,29.51
Harsh Acceleration,0,24.12,28.95,45.83,69.16,-10.67,65.17,59.84
Harsh Braking,0,31.74,36.81,48.61,71.56,-28.62,72.48,58.18
Deep Discharge Warning,1,52.59,65.73,70.25,48.13,-37.83,17.31,14.25
Harsh Braking,0,25.33,30.65,39.94,77.41,-16.42,92.36,36.77
Harsh Braking,0,23.52,30.62,37.49,74.05,-16.9,80.49,36.26
Harsh Acceleration,0,27.48,37.28,41.33,68.6,-11.01,52.67,21.69
Harsh Acceleration,0,34.63,38.59,42.86,73.42,-21.74,73.85,38.99
Deep Discharge Warning,1,29.75,45.24,50.49,48.03,-27.43,5.12,5.66
Harsh Acceleration,0,30.58,34.6,32.59,65.26,-9.51,49.13,35.49
Harsh Braking,0,30.45,38.27,48.73,67.09,-9.27,50.76,42.79
Harsh Braking,0,29.32,31.28,36.06,76.12,-22.36,88.13,19.98
Deep Discharge Warning,1,34.43,44.3,53.17,45.92,-57.24,2.5,14.24
Deep Discharge Warning,1,50.23,67.2,77.7,46.34,-48.55,4.8,0.85
OverSpeed,0,32.68,36.51,40.1,72.78,-19.03,72.84,60.12
Harsh Acceleration,0,31.24,39.69,55.33,78.04,-3.4,97.62,34.18
OverSpeed,0,29.68,38.24,46.02,76.98,-17.76,89.67,42.65
Battery Under Voltage,1,44.5,54.76,71.13,43.82,-54.19,6.28,2.71
Deep Discharge Warning,1,36.8,51.83,64.78,44.34,-54.12,7.16,12.29
Harsh Braking,0,28.19,31.58,49.19,69.81,-25.72,68.16,37.76
Battery Under Voltage,1,41.69,55.43,68.66,45.09,-48.18,11.11,35.19
Low SoC,1,36.35,42.51,71.33,47.2,-27.14,14.49,1.2
Deep Discharge Warning,1,46.13,60.76,59.29,44.73,-44.9,5.21,5.83
Harsh Acceleration,0,29.32,35.85,45.96,73.47,-26.65,74.42,11.74
Harsh Cornering,0,31.06,36.44,52.86,74.59,-26.93,79.76,40.07
Harsh Cornering,0,23.44,30.6,42.98,73.77,-4.34,79.23,19.42
Harsh Acceleration,0,28.32,36.11,48.13,70.01,-11.38,63.21,21.99
Deep Discharge Warning,1,31.14,43.66,47.59,44.23,-29.5,14.97,30.45
Low SoC,1,46.81,56.35,89.46,48.23,-67.39,11.39,32.28
Harsh Acceleration,0,31.44,38.05,44.18,76.33,-25.57,85.43,29.94
OverSpeed,0,35.99,41.77,49.4,73.08,-20.51,78.28,39.11
Battery Under Voltage,1,46.99,59.16,60.13,45.21,-41.28,0.7,14.92
Harsh Acceleration,0,33.78,36.15,48.31,78.2,-13.01,90.01,49.99
Harsh Braking,0,26.19,29.03,31.57,66.99,-5.48,52.28,52.43
Harsh Acceleration,0,34.23,40.53,41.37,66.86,-14.23,49.47,21.68
Battery Under Voltage,1,53.89,68.01,79.0,45.97,-9.61,5.39,4.47
Deep Discharge Warning,1,46.91,59.31,68.4,46.02,-45.76,5.41,7.79
Low SoC,1,46.2,59.88,84.28,47.44,-45.21,1.08,30.4
Battery Under Voltage,1,39.51,48.64,81.42,48.26,-45.94,3.12,2.28
Harsh Braking,0,40.18,47.23,51.08,65.2,-18.03,50.23,28.48
Battery Under Voltage,1,36.13,47.76,60.44,47.32,-25.26,8.28,18.85
Harsh Acceleration,0,31.79,37.0,42.42,73.54,-30.67,82.31,32.58
Deep Discharge Warning,1,31.03,44.53,45.9,46.05,-16.62,2.12,7.77
Harsh Acceleration,0,23.46,27.64,38.64,64.82,-31.44,50.6,43.2
Harsh Braking,0,31.67,38.51,46.65,63.96,-18.05,44.35,41.09
Deep Discharge Warning,1,44.38,52.73,87.18,46.81,-55.65,9.68,12.54
Harsh Braking,0,31.36,43.18,42.86,68.77,-13.83,58.48,33.4
Harsh Acceleration,0,24.39,29.43,26.46,74.38,-21.04,88.86,17.87
Harsh Acceleration,0,33.15,39.14,37.28,77.69,-33.6,94.02,40.03
Deep Discharge Warning,1,39.17,54.58,66.81,42.64,-50.51,2.55,21.66
Low SoC,1,51.61,62.47,73.65,48.73,-67.55,13.72,3.01
Consecutive Fast Charging,1,49.62,67.89,72.89,43.97,-75.61,4.64,1.59
Harsh Acceleration,0,24.69,30.85,40.56,69.48,-30.48,65.48,8.48
Deep Discharge Warning,1,43.96,55.62,64.8,48.13,-72.55,6.42,45.28
Harsh Cornering,0,25.96,35.5,36.29,75.12,-28.2,87.38,29.05
Harsh Acceleration,0,26.7,32.55,27.96,63.94,-9.44,44.9,19.18
Harsh Cornering,0,26.64,34.42,34.28,72.75,-9.03,79.37,31.95
Low SoC,1,49.53,66.95,78.39,48.56,-51.26,15.52,38.45
Deep Discharge Warning,1,33.8,48.58,70.15,47.29,-66.35,3.58,3.75
Battery Under Voltage,1,47.39,61.47,85.72,45.06,-18.11,8.47,5.0
Harsh Cornering,0,33.68,39.62,44.01,73.19,-26.02,74.95,38.9
Deep Discharge Warning,1,53.2,68.92,76.33,44.4,-35.74,4.91,22.44
Harsh Braking,0,30.82,36.95,44.66,77.15,-0.7,84.61,38.75
Thermal Overheat Surge,1,43.68,57.62,62.18,46.52,-64.73,7.16,18.12
Deep Discharge Warning,1,45.38,55.82,63.28,45.54,-64.7,9.03,83.7
Low SoC,1,44.95,59.71,67.36,45.08,-32.78,2.56,2.34
Harsh Acceleration,0,37.39,42.07,45.3,72.07,-1.78,71.26,32.93
Harsh Braking,0,35.46,43.3,50.53,75.57,-17.93,80.89,44.15
Consecutive Fast Charging,1,39.75,54.27,78.77,46.19,-73.75,4.56,5.8
Harsh Braking,0,30.1,34.17,49.05,77.01,-8.54,89.01,24.19
Harsh Cornering,0,28.97,31.69,34.52,76.85,-24.8,95.2,30.37
Harsh Braking,0,37.85,45.59,52.23,63.77,-22.41,44.86,37.6
Harsh Braking,0,34.7,37.76,46.06,77.32,-18.21,90.41,44.12
Harsh Cornering,0,26.97,35.9,40.19,66.92,-17.43,51.36,40.82
OverSpeed,0,28.92,35.8,42.4,69.38,-9.87,57.26,14.12
Battery Under Voltage,1,43.98,57.42,69.04,48.66,-39.22,8.93,100.62
Harsh Acceleration,0,27.66,33.84,35.91,74.66,-16.08,76.87,19.33
Harsh Braking,0,33.06,37.44,50.3,76.71,-17.18,86.32,28.72
Harsh Cornering,0,24.96,30.71,41.95,72.26,-17.69,69.33,31.16
Battery Under Voltage,1,30.1,38.3,59.71,46.68,-42.98,0.29,2.58
Deep Discharge Warning,1,42.73,59.56,63.66,46.88,-70.74,10.82,1.0
Harsh Acceleration,0,30.77,39.66,38.75,76.93,2.52,90.17,6.83
Low SoC,1,37.61,52.5,61.86,45.76,-50.03,6.93,39.33
Harsh Acceleration,0,25.08,33.49,46.89,76.98,-21.78,88.03,19.88
Battery Under Voltage,1,33.25,43.67,56.28,48.6,-62.67,9.19,4.14
Harsh Cornering,0,32.04,38.08,41.49,66.28,-4.44,46.05,41.15
Harsh Braking,0,32.05,38.32,46.46,71.17,-14.36,65.69,26.75
Deep Discharge Warning,1,31.2,47.03,48.26,48.2,-22.06,8.06,22.21
Harsh Cornering,0,29.85,33.33,44.39,77.83,-15.76,90.46,32.65
Harsh Cornering,0,28.43,34.87,39.04,68.56,-28.4,52.82,39.47
Low SoC,1,47.21,53.55,70.46,44.11,-18.65,4.56,27.3
Battery Under Voltage,1,36.54,48.2,55.38,48.03,-49.2,11.89,4.09
Harsh Cornering,0,30.57,40.22,47.31,76.76,-44.37,86.77,42.88
Deep Discharge Warning,1,39.75,52.44,69.66,47.95,-47.91,12.88,23.02
Deep Discharge Warning,1,46.96,54.9,67.22,44.29,-35.93,5.21,19.43
Harsh Braking,0,24.95,29.84,36.18,75.97,-15.66,82.19,30.29
OverSpeed,0,37.0,45.63,48.57,62.52,-18.53,41.87,23.35
Consecutive Fast Charging,1,39.35,52.02,73.03,51.9,-26.65,21.9,40.13
Harsh Braking,0,32.18,36.91,49.12,63.66,-22.63,41.81,33.98
Deep Discharge Warning,1,50.91,52.23,69.69,49.56,-48.83,15.81,11.33
Thermal Overheat Surge,1,53.28,66.96,66.78,49.62,-51.37,12.79,25.6
OverSpeed,0,29.28,39.56,37.56,67.78,-12.28,58.36,14.27
Thermal Overheat Surge,1,47.69,64.13,71.76,47.63,-38.44,8.65,24.27
Battery Under Voltage,1,42.01,56.68,77.63,47.76,-45.52,5.23,1.75
Harsh Braking,0,32.11,38.84,37.54,70.64,-6.45,60.93,24.15
Deep Discharge Warning,1,54.69,63.18,81.65,43.96,-27.49,2.81,0.34
Harsh Braking,0,30.94,34.65,45.57,62.5,-18.54,40.01,13.89
Low SoC,1,45.93,59.45,61.8,47.7,-37.63,7.61,1.57
Deep Discharge Warning,1,44.96,56.4,87.18,45.87,-41.14,0.9,1.66
Harsh Braking,0,22.84,27.58,35.49,66.15,-17.84,50.59,37.68
Consecutive Fast Charging,1,47.6,58.11,83.5,47.15,-29.93,16.6,7.7
Battery Under Voltage,1,48.73,63.74,63.24,48.63,-49.43,12.82,16.21
Low SoC,1,53.39,67.51,89.57,49.14,-47.28,22.14,10.02
Harsh Braking,0,35.67,47.56,43.29,75.98,-4.12,88.24,40.14
Harsh Braking,0,30.28,36.76,44.04,68.21,-25.01,54.58,42.82
Harsh Acceleration,0,33.2,40.58,46.16,73.18,-3.77,72.66,21.33
Harsh Cornering,0,27.57,33.5,39.96,69.54,-15.41,64.11,19.88
Low SoC,1,42.59,49.58,57.53,46.53,-58.79,6.86,4.04
Harsh Braking,0,28.29,34.27,30.87,73.77,10.93,77.58,33.25
Harsh Acceleration,0,26.22,33.45,37.74,68.81,-13.43,59.99,35.9
Consecutive Fast Charging,1,42.81,52.85,80.37,46.95,-50.32,6.35,58.0
Low SoC,1,35.85,46.53,64.75,50.47,-32.58,21.09,8.96
Harsh Cornering,0,37.98,45.58,45.45,71.58,-16.92,70.88,36.92
OverSpeed,0,31.75,36.94,47.55,71.84,-19.06,71.83,26.88
Consecutive Fast Charging,1,46.66,63.69,80.4,48.92,-30.16,7.21,2.4
Harsh Cornering,0,35.64,44.18,57.67,64.01,3.35,43.7,30.06
Harsh Cornering,0,35.71,41.2,36.61,72.77,-9.1,73.1,27.72
Low SoC,1,35.76,47.78,59.15,47.23,-32.66,8.72,12.37
Deep Discharge Warning,1,49.23,54.96,92.79,48.14,-59.41,8.59,6.07
Harsh Braking,0,36.26,42.79,55.57,74.9,10.24,79.61,36.6
Battery Under Voltage,1,46.63,56.62,79.38,46.77,-39.56,2.78,16.6
Deep Discharge Warning,1,28.56,37.39,46.78,50.44,-29.08,16.73,26.78
OverSpeed,0,34.83,35.87,53.98,76.31,-7.66,89.57,29.95
Deep Discharge Warning,1,41.63,56.82,79.86,48.04,-36.04,17.01,3.12
Harsh Acceleration,0,24.46,30.85,32.56,71.7,-13.46,71.49,16.98
Low SoC,1,38.92,58.61,54.55,46.17,-39.19,6.09,3.8
Low SoC,1,39.3,48.0,64.84,45.83,-21.27,4.43,10.26
Harsh Acceleration,0,34.09,41.19,49.68,71.57,-20.36,72.73,20.63
OverSpeed,0,30.31,35.17,46.72,77.59,-10.41,91.84,39.74
Thermal Overheat Surge,1,43.41,57.26,76.49,45.88,-48.34,6.77,28.53
Harsh Acceleration,0,30.14,36.09,46.84,64.35,-15.38,48.79,23.78
Harsh Cornering,0,24.21,28.59,33.79,73.21,-20.24,79.43,15.71
Deep Discharge Warning,1,46.57,59.2,65.23,49.71,-60.3,16.56,1.56
Harsh Cornering,0,29.39,37.2,42.59,77.96,-9.73,95.13,39.23
Deep Discharge Warning,1,40.78,51.25,71.34,46.31,-30.05,8.92,13.96
OverSpeed,0,34.17,37.66,46.36,76.56,-22.99,90.19,23.97
Battery Under Voltage,1,53.29,68.78,75.13,46.37,-26.05,8.65,33.96
Harsh Braking,0,32.91,37.87,45.03,79.38,-11.26,94.89,45.18
Low SoC,1,28.05,34.79,61.97,45.98,-62.05,2.07,13.55
Battery Under Voltage,1,45.87,49.87,61.06,43.28,-58.03,7.4,8.49
Harsh Acceleration,0,31.74,39.33,35.77,72.12,-3.4,71.95,28.16
Low SoC,1,42.27,60.43,67.31,48.28,-28.69,7.75,18.67
Harsh Braking,0,28.16,37.67,42.52,74.66,-0.13,82.56,38.08
Harsh Braking,0,38.54,43.45,48.02,79.44,-15.36,96.36,42.91
Harsh Braking,0,28.92,36.58,41.57,64.85,1.63,47.68,35.2
Harsh Braking,0,32.23,39.61,45.52,63.96,-6.39,48.89,50.33
Deep Discharge Warning,1,48.63,67.54,73.35,46.16,-34.64,4.08,3.97
Low SoC,1,37.88,48.17,53.4,47.19,-39.86,8.15,1.43
Battery Under Voltage,1,46.69,64.44,67.88,44.64,-41.75,5.66,11.22
Deep Discharge Warning,1,47.46,58.19,66.6,46.4,-40.18,0.81,12.39
Harsh Acceleration,0,24.29,32.13,30.55,65.28,-16.87,48.89,45.21
Thermal Overheat Surge,1,39.6,51.26,71.75,43.12,-53.76,0.26,33.03
Harsh Acceleration,0,35.76,41.7,45.93,79.99,-19.9,97.6,10.21
Harsh Braking,0,32.67,40.96,45.67,76.74,-16.22,87.79,21.86
Harsh Braking,0,32.87,37.05,43.4,73.01,-28.72,70.66,42.98
OverSpeed,0,25.9,30.12,38.59,74.99,-20.06,86.12,50.48
Consecutive Fast Charging,1,46.71,61.7,73.73,48.08,-31.47,9.06,8.94
Harsh Braking,0,38.6,47.1,51.69,68.68,-21.2,59.86,51.43
Harsh Cornering,0,25.8,28.72,39.91,65.76,3.54,43.99,15.16
Harsh Acceleration,0,22.85,28.42,40.94,64.42,-7.77,44.7,25.9
Harsh Acceleration,0,28.69,34.39,42.04,78.28,-12.39,94.57,20.99
Harsh Acceleration,0,35.98,41.94,52.56,64.67,-12.7,49.47,24.07
Harsh Acceleration,0,30.34,37.81,52.27,71.11,-2.24,63.18,36.76
Harsh Acceleration,0,30.17,38.1,47.47,75.88,-11.87,83.71,59.96
Low SoC,1,41.77,50.0,77.8,45.91,-24.78,4.32,2.1
Deep Discharge Warning,1,55.59,75.68,81.28,46.82,-55.55,6.32,8.91
Deep Discharge Warning,1,46.67,61.88,76.75,46.27,-53.36,2.15,9.04
Harsh Acceleration,0,27.69,33.72,34.99,75.14,-21.62,81.69,38.34
Low SoC,1,40.19,55.49,81.19,47.36,-43.72,7.0,17.24
Deep Discharge Warning,1,34.77,43.19,79.97,46.46,-40.03,13.85,12.84
Low SoC,1,39.23,50.02,64.19,48.39,-9.95,6.78,14.82
Consecutive Fast Charging,1,55.92,67.83,91.9,45.43,-43.14,2.61,55.19
Harsh Braking,0,31.42,35.61,50.86,70.31,-18.34,66.05,34.0
Battery Under Voltage,1,35.8,42.98,55.8,45.54,-34.64,9.34,1.8
Low SoC,1,22.5,39.38,54.09,48.99,-34.01,9.8,13.52
OverSpeed,0,36.76,41.8,39.9,64.79,-10.14,50.14,42.73
Harsh Braking,0,23.2,26.82,32.84,75.38,-9.62,85.41,4.71
Harsh Acceleration,0,25.86,34.89,45.46,72.79,-30.98,72.9,31.52
Harsh Braking,0,34.76,41.33,44.06,73.18,-16.23,71.0,24.23
Low SoC,1,30.77,38.1,63.69,48.28,-10.45,6.39,29.43
Low SoC,1,45.24,65.49,72.06,48.4,-35.26,7.88,23.33
Deep Discharge Warning,1,36.87,45.52,63.23,46.0,-43.45,6.52,30.57
Harsh Acceleration,0,27.57,33.4,42.66,78.93,-13.77,92.31,15.78
Low SoC,1,33.59,39.98,62.8,47.04,-27.33,6.59,22.87
Harsh Braking,0,29.16,35.87,35.07,70.73,3.24,65.44,29.34
Consecutive Fast Charging,1,48.1,59.84,81.22,49.11,-6.47,17.26,2.83
OverSpeed,0,28.89,35.15,39.92,76.49,-37.21,87.84,56.33
Harsh Braking,0,32.95,37.4,46.66,70.89,-7.66,65.73,39.55
Deep Discharge Warning,1,42.75,56.72,60.96,45.63,-44.08,6.18,12.44
Harsh Braking,0,31.2,39.09,47.1,70.59,-11.14,68.27,35.97
Harsh Acceleration,0,31.64,39.71,43.6,78.86,-32.39,92.93,29.94
Harsh Acceleration,0,21.76,27.26,37.11,69.22,-5.98,58.41,26.47
OverSpeed,0,30.86,37.9,39.75,73.82,-14.91,76.77,12.18
Harsh Braking,0,29.67,32.83,40.24,73.14,-29.83,75.48,44.74
Low SoC,1,44.34,53.01,58.63,44.88,-68.98,7.51,12.87
Consecutive Fast Charging,1,36.75,47.58,60.12,46.22,-56.83,6.68,13.54
OverSpeed,0,27.81,33.02,44.01,65.95,-1.14,51.14,36.62
Harsh Acceleration,0,23.12,33.32,31.71,72.2,-31.89,71.54,8.06
Harsh Acceleration,0,28.34,32.3,33.51,68.03,-27.1,54.27,41.48
Harsh Braking,0,27.03,31.64,37.01,67.35,-15.55,55.1,17.21
Deep Discharge Warning,1,38.67,51.56,62.14,50.58,-41.23,9.78,3.49
Deep Discharge Warning,1,45.76,55.66,73.13,47.09,-50.93,4.45,54.1
Harsh Braking,0,31.3,32.73,42.27,66.22,-26.35,55.96,48.26
Harsh Braking,0,30.33,37.18,44.21,71.43,-24.17,68.72,22.54
Consecutive Fast Charging,1,57.36,65.38,91.71,48.97,-69.75,16.05,13.94
Deep Discharge Warning,1,34.57,40.95,62.06,47.26,-37.33,0.67,11.07
Battery Under Voltage,1,34.18,41.26,62.04,48.06,-55.18,17.55,1.82
Harsh Braking,0,31.72,41.38,44.73,64.55,-24.77,44.86,48.05
Thermal Overheat Surge,1,30.65,48.56,47.46,47.71,-26.11,11.61,12.71
Harsh Cornering,0,33.83,40.02,48.21,72.24,-23.63,67.97,14.22
Consecutive Fast Charging,1,42.96,58.32,73.69,45.86,-54.42,4.76,47.67
Deep Discharge Warning,1,47.31,56.46,68.97,46.5,-29.4,6.65,1.95
Low SoC,1,43.25,56.62,70.55,46.94,-40.44,10.33,24.33
Harsh Cornering,0,27.36,29.91,39.88,66.58,-0.31,50.51,16.58
Low SoC,1,49.3,57.28,71.76,48.81,-35.78,13.89,4.24
Harsh Braking,0,29.35,33.85,50.23,75.1,-16.25,77.57,35.5
Harsh Braking,0,28.23,33.33,48.32,64.04,-21.91,46.36,31.81
Battery Under Voltage,1,33.98,47.15,59.64,48.78,-38.51,8.41,7.9
OverSpeed,0,33.14,45.29,50.82,66.64,2.15,47.7,36.5
Harsh Acceleration,0,26.17,29.36,36.8,71.38,-15.82,67.71,29.93
Harsh Acceleration,0,26.82,31.36,39.48,75.4,-4.34,83.0,33.29
Harsh Cornering,0,24.83,27.72,34.87,76.26,-14.01,89.24,45.23
OverSpeed,0,34.14,40.51,50.74,62.84,-25.78,42.07,13.51
Deep Discharge Warning,1,32.71,47.06,50.08,46.23,-68.11,1.24,1.57
Thermal Overheat Surge,1,47.89,60.62,65.34,44.42,-47.33,1.36,19.05
Low SoC,1,46.2,54.54,65.32,46.1,-66.59,1.76,9.11
Consecutive Fast Charging,1,35.39,48.73,74.45,45.36,-25.67,4.35,36.24
Low SoC,1,40.43,49.58,61.9,44.29,-83.89,1.29,22.71
Battery Under Voltage,1,46.26,57.46,58.62,45.97,-37.89,3.47,33.73
Harsh Acceleration,0,28.78,38.25,39.91,64.81,-33.27,44.51,31.87
Harsh Cornering,0,37.67,45.07,43.38,66.56,-10.89,53.78,36.75
Low SoC,1,49.35,55.25,72.43,47.51,-40.79,11.92,24.67
Deep Discharge Warning,1,42.04,49.47,63.05,49.47,-28.25,19.43,15.74
Deep Discharge Warning,1,42.7,48.58,82.49,48.7,-50.78,18.76,11.03
Deep Discharge Warning,1,46.26,63.43,61.27,47.02,-15.96,9.07,16.54
Harsh Cornering,0,30.32,33.87,49.7,77.43,-26.71,89.12,43.07
Deep Discharge Warning,1,42.55,53.58,70.25,49.24,-64.37,12.85,8.87
Harsh Cornering,0,29.0,30.98,40.17,76.79,-17.06,84.81,34.42
Harsh Braking,0,31.9,36.68,45.75,67.1,-18.53,56.98,39.42
Deep Discharge Warning,1,35.28,52.3,58.65,45.74,-66.71,13.53,0.31
Low SoC,1,41.92,55.06,75.77,46.24,-55.46,7.86,28.6
Harsh Cornering,0,33.25,39.69,37.51,75.85,1.58,87.69,30.16
Battery Under Voltage,1,38.12,51.85,61.75,46.83,-41.2,3.61,20.04
Harsh Braking,0,26.82,31.16,38.06,78.41,-17.0,88.58,37.94
Harsh Braking,0,33.48,43.17,41.85,73.58,-9.62,76.08,49.31
Deep Discharge Warning,1,50.37,63.88,70.79,46.47,-30.83,14.04,31.5
Low SoC,1,45.68,65.05,78.83,44.86,-54.03,7.11,13.6
Harsh Braking,0,30.9,35.8,47.37,77.14,-7.49,90.02,21.9
Harsh Braking,0,30.87,37.16,41.51,68.16,-20.73,58.19,40.01
Harsh Acceleration,0,30.2,35.55,42.92,68.03,-22.43,62.54,26.72
Deep Discharge Warning,1,47.31,52.1,79.11,48.81,-66.2,5.01,1.81
Low SoC,1,28.9,45.89,45.87,46.06,-40.62,5.82,48.18
Low SoC,1,40.52,49.92,67.92,47.09,-79.96,14.59,9.54
Deep Discharge Warning,1,47.35,54.85,88.34,48.13,-39.94,13.66,13.37
Low SoC,1,36.34,45.76,65.91,47.29,-41.92,6.63,51.41
Harsh Acceleration,0,29.73,34.93,43.82,67.55,-20.67,56.02,32.14
Thermal Overheat Surge,1,41.28,56.68,68.45,45.6,-29.05,14.63,62.02
Consecutive Fast Charging,1,30.6,43.28,62.28,46.21,-73.55,9.62,1.51
Harsh Braking,0,31.17,40.92,43.52,75.28,-31.3,83.46,25.19
Low SoC,1,40.48,53.08,63.49,45.85,-56.45,7.67,1.2
OverSpeed,0,26.48,31.5,35.93,70.52,0.14,63.35,43.23
Harsh Braking,0,32.91,36.29,48.44,70.87,-23.99,69.6,18.59
Harsh Braking,0,29.75,33.95,43.15,74.11,-17.29,77.77,28.09
Low SoC,1,39.26,54.69,68.08,46.42,-31.16,1.26,37.93
OverSpeed,0,35.93,38.34,51.38,70.15,-4.24,61.53,28.52
Consecutive Fast Charging,1,35.3,52.79,54.63,45.64,-60.09,1.36,29.56
Harsh Acceleration,0,27.55,33.86,42.43,70.07,-12.77,62.11,62.67
Harsh Braking,0,25.35,35.8,40.36,72.08,-16.01,74.17,30.63
Harsh Braking,0,31.65,39.45,42.26,74.15,-17.39,80.34,58.69
OverSpeed,0,24.87,27.89,46.25,73.29,-11.1,69.09,36.88
Deep Discharge Warning,1,51.02,59.54,80.14,48.48,-32.9,10.92,7.17
Low SoC,1,34.6,48.57,57.02,45.19,-34.36,4.62,4.34
Harsh Braking,0,31.6,36.5,47.89,72.57,-10.34,66.03,12.93
Low SoC,1,41.01,56.97,61.82,48.26,-36.93,2.92,3.76
OverSpeed,0,35.93,42.96,48.6,73.07,-14.04,73.28,35.28
Thermal Overheat Surge,1,38.0,54.89,66.38,45.3,-56.96,2.43,15.08
Consecutive Fast Charging,1,42.86,55.61,61.56,45.46,-42.74,3.36,8.88
Consecutive Fast Charging,1,59.85,72.53,89.61,48.54,-40.52,11.34,39.75
Harsh Acceleration,0,26.09,35.56,36.89,66.89,-9.26,51.06,24.46
Thermal Overheat Surge,1,54.3,65.5,83.67,45.16,-34.93,2.69,3.24
Battery Under Voltage,1,43.57,56.01,72.74,45.89,-14.9,10.05,8.07
Low SoC,1,48.71,56.91,77.33,45.25,-49.59,11.43,20.16
Deep Discharge Warning,1,49.68,65.28,80.94,46.59,-49.37,10.82,16.53
Battery Under Voltage,1,58.27,67.44,74.91,47.37,-38.48,9.37,18.75
Battery Under Voltage,1,32.65,49.37,64.71,47.73,-51.99,11.64,9.58
Harsh Braking,0,26.49,32.14,37.66,71.64,-20.03,73.12,48.39
Harsh Acceleration,0,33.27,41.96,46.89,73.4,-10.81,79.99,26.68
OverSpeed,0,31.07,34.58,44.5,67.17,-14.07,54.32,29.99
Harsh Braking,0,24.86,30.11,33.09,74.1,-21.13,81.87,50.15
Battery Under Voltage,1,39.93,56.37,56.15,49.69,-64.41,11.82,80.97
Harsh Braking,0,27.98,34.9,42.2,70.28,-12.91,66.55,26.9
Deep Discharge Warning,1,47.55,51.94,70.29,47.25,-20.95,9.83,33.96
Harsh Braking,0,31.3,36.65,41.33,70.71,-20.59,64.32,34.52
Harsh Cornering,0,32.05,40.51,51.31,68.86,-15.19,62.51,52.37
Battery Under Voltage,1,33.73,42.03,51.72,47.53,-44.43,14.4,40.89
Harsh Acceleration,0,32.09,38.84,43.25,68.05,-16.01,58.69,42.6
Low SoC,1,33.6,54.07,52.67,48.48,-36.05,5.11,21.23
Battery Under Voltage,1,37.55,47.95,70.05,48.44,-53.99,6.3,1.17
Harsh Acceleration,0,33.12,41.41,51.47,70.53,0.37,69.63,14.2
Deep Discharge Warning,1,36.07,45.55,55.58,46.84,-44.0,12.52,11.9
Low SoC,1,44.01,64.23,66.11,45.25,-63.07,0.86,30.4
OverSpeed,0,35.55,47.65,45.81,72.82,-8.94,77.08,36.65
Deep Discharge Warning,1,50.44,65.38,74.85,45.93,-45.15,6.55,3.81
Deep Discharge Warning,1,41.94,52.8,70.86,49.84,-29.48,14.82,17.0
Deep Discharge Warning,1,50.11,64.0,84.31,46.58,-34.32,6.87,27.83
Harsh Braking,0,30.65,38.32,39.82,66.26,-11.48,47.44,22.27
Harsh Braking,0,28.81,34.72,38.03,67.92,-37.9,58.45,38.76
Harsh Acceleration,0,30.21,34.25,44.62,63.91,-37.21,42.19,29.28
Consecutive Fast Charging,1,53.23,57.66,78.65,44.55,-29.5,1.71,23.47
Harsh Cornering,0,34.55,39.7,55.67,65.94,-10.55,46.01,36.43
Low SoC,1,41.67,51.78,50.86,48.74,-40.19,17.8,2.04
Harsh Acceleration,0,29.7,37.98,41.76,66.66,-6.09,53.16,48.25
Deep Discharge Warning,1,47.03,57.67,65.11,46.66,-38.53,1.93,5.0
Harsh Acceleration,0,29.97,34.79,36.85,72.54,1.49,75.68,40.15
Low SoC,1,42.4,60.03,79.14,46.87,-45.49,15.36,12.56
Deep Discharge Warning,1,28.49,38.46,59.75,47.95,-46.89,4.9,26.53
Harsh Braking,0,35.58,41.65,42.78,64.34,-28.46,44.01,37.13
Deep Discharge Warning,1,52.35,66.0,64.02,46.82,-78.15,11.12,3.23
Low SoC,1,37.36,43.04,59.12,44.72,-55.65,3.26,64.44
Low SoC,1,42.89,54.56,58.67,47.79,-68.86,15.37,8.84
Deep Discharge Warning,1,44.96,55.34,65.62,45.76,-48.66,3.67,2.23
Low SoC,1,33.5,46.25,58.14,47.78,-70.19,14.2,16.86
Harsh Braking,0,28.18,30.32,47.14,78.86,-18.47,95.33,45.35
Harsh Braking,0,29.57,39.11,40.43,76.43,-23.07,88.04,27.71
Battery Under Voltage,1,40.27,51.91,70.4,46.35,-39.4,11.14,17.66
Harsh Braking,0,35.27,43.65,44.62,70.09,-8.82,66.17,34.91
Low SoC,1,38.61,56.72,82.77,45.8,-39.29,3.92,2.95
Harsh Cornering,0,24.58,29.87,37.91,68.46,-22.94,59.6,21.28
Harsh Acceleration,0,33.34,38.88,41.3,70.46,-8.74,62.87,29.61
Deep Discharge Warning,1,41.08,53.75,68.35,49.24,-34.19,14.11,25.16
Deep Discharge Warning,1,47.34,56.07,72.65,48.73,-56.66,19.46,4.11
Deep Discharge Warning,1,53.73,63.26,69.98,44.75,-47.38,0.44,8.58
Harsh Braking,0,33.62,42.38,43.96,72.99,2.78,77.66,37.32
Low SoC,1,37.82,44.94,52.23,47.04,-59.77,5.47,2.78
Consecutive Fast Charging,1,49.69,61.4,76.31,44.75,-34.59,3.31,3.25
Low SoC,1,47.28,56.6,67.68,46.66,-40.72,11.24,6.72
Consecutive Fast Charging,1,39.66,44.99,62.67,43.19,-61.42,1.05,0.22
Harsh Braking,0,27.53,33.05,40.62,67.9,-8.54,59.23,20.09
Low SoC,1,42.67,54.28,68.78,44.22,-25.79,2.52,31.73
Low SoC,1,45.38,59.93,70.59,47.9,-41.14,7.46,39.32
Low SoC,1,51.91,63.67,91.19,47.95,-36.22,10.7,7.59
Harsh Cornering,0,22.3,25.76,31.21,69.97,-19.2,60.9,24.64
Low SoC,1,37.84,47.17,62.48,46.54,-56.66,5.61,1.1
Harsh Braking,0,34.32,38.88,48.84,64.11,-33.47,43.11,24.33
Battery Under Voltage,1,38.28,45.44,53.67,46.73,-35.8,9.46,56.62
Thermal Overheat Surge,1,46.99,61.74,69.64,45.47,-42.89,1.07,39.67
Harsh Braking,0,27.18,32.77,34.88,67.0,-20.05,54.12,32.66
Harsh Braking,0,29.52,35.25,40.15,72.57,-25.7,70.92,43.47
Battery Under Voltage,1,53.3,67.43,86.97,48.61,-40.16,21.32,12.7
Low SoC,1,41.15,55.09,65.59,49.5,-47.17,14.35,10.54
Harsh Cornering,0,30.86,39.78,42.74,71.14,-8.13,65.29,28.15
OverSpeed,0,28.6,35.23,33.59,76.54,-37.33,90.28,40.27
Low SoC,1,41.44,50.39,62.39,48.67,-46.72,17.58,4.91
Deep Discharge Warning,1,41.25,54.38,76.53,45.47,-27.91,10.83,57.47
Consecutive Fast Charging,1,44.21,56.94,61.12,46.63,-61.12,6.13,17.84
Low SoC,1,40.36,47.42,68.85,48.61,-41.42,11.42,17.05
Harsh Braking,0,27.23,33.53,44.5,78.02,-23.71,92.59,35.27
Harsh Braking,0,27.09,30.46,30.18,73.52,-9.64,77.45,19.86
Harsh Acceleration,0,38.07,44.38,49.69,72.04,-27.21,71.07,38.13
Deep Discharge Warning,1,55.28,68.64,78.56,47.12,-34.66,4.28,33.78
Low SoC,1,52.56,69.38,86.72,46.25,-28.84,0.49,21.77
Harsh Acceleration,0,26.17,34.82,35.56,74.75,-17.31,81.22,33.86
Low SoC,1,40.76,48.73,67.19,45.63,-41.15,14.13,34.84
Consecutive Fast Charging,1,32.67,41.28,55.31,46.91,-61.4,13.54,33.26
Battery Under Voltage,1,27.0,34.72,41.23,46.64,-53.53,8.88,1.68
OverSpeed,0,29.17,37.94,37.9,66.6,-29.87,47.0,39.7
Low SoC,1,48.62,60.26,70.94,46.27,-59.5,1.37,30.0
Battery Under Voltage,1,27.76,38.34,64.56,49.73,-46.64,25.52,60.5
Deep Discharge Warning,1,39.96,47.4,59.13,48.11,-33.53,9.64,4.98
Harsh Braking,0,33.24,41.84,45.28,76.71,-3.41,87.94,25.99
Harsh Acceleration,0,26.3,33.52,46.21,70.56,-12.31,65.78,20.82
Battery Under Voltage,1,45.87,56.95,63.15,47.96,-32.31,8.82,1.49
Consecutive Fast Charging,1,47.75,56.8,85.13,43.64,-67.28,1.62,41.46
Harsh Acceleration,0,38.57,44.63,51.3,65.57,-15.53,45.29,23.34
Battery Under Voltage,1,48.07,62.81,74.93,46.77,-37.67,11.52,16.8
Harsh Braking,0,29.85,36.44,38.9,74.98,-16.4,81.7,41.57
Harsh Braking,0,34.87,41.76,55.02,71.18,-20.37,71.12,35.28
Harsh Acceleration,0,25.31,31.54,40.68,64.84,-18.94,46.26,49.06
Harsh Cornering,0,33.37,38.26,53.66,65.37,3.21,48.83,26.5
Deep Discharge Warning,1,36.03,45.4,55.58,47.09,-55.08,2.49,7.61
Deep Discharge Warning,1,45.09,62.25,49.42,45.27,-45.54,3.11,7.05
Battery Under Voltage,1,43.61,64.66,61.24,45.62,-18.18,7.62,1.42
Battery Under Voltage,1,40.98,58.59,70.43,45.48,-48.59,3.09,25.83
Harsh Braking,0,33.4,38.17,43.18,74.95,-20.68,85.06,24.3
Deep Discharge Warning,1,29.01,41.88,65.78,46.98,-56.61,9.02,1.62
Battery Under Voltage,1,42.16,57.44,74.43,46.43,-45.65,1.58,20.39
Low SoC,1,51.15,61.24,76.49,44.85,-61.8,5.21,12.19
OverSpeed,0,30.44,41.71,38.92,79.1,-8.54,93.05,24.07
Harsh Cornering,0,37.02,43.65,47.94,68.67,-23.52,57.87,30.03
Deep Discharge Warning,1,56.85,68.99,66.54,45.86,-27.04,4.52,11.04
Harsh Braking,0,30.83,37.8,40.6,70.2,19.39,62.68,14.13
OverSpeed,0,29.91,32.58,44.64,74.64,-32.96,83.19,25.15
Deep Discharge Warning,1,40.72,55.45,74.01,45.6,-21.44,1.74,0.45
OverSpeed,0,26.99,33.45,39.96,69.15,-44.53,58.76,26.27
Battery Under Voltage,1,49.24,58.26,72.4,48.89,-48.04,25.04,9.82
Harsh Acceleration,0,26.76,34.32,33.2,78.26,-27.47,95.31,26.63
Harsh Acceleration,0,35.51,42.96,47.85,71.26,-19.27,69.3,18.37
Deep Discharge Warning,1,46.08,59.94,72.86,47.29,-9.15,6.49,52.38
Harsh Cornering,0,30.21,38.32,43.87,73.38,-14.02,82.1,36.71
Consecutive Fast Charging,1,44.33,52.4,76.69,45.88,-30.94,4.17,37.94
Low SoC,1,41.37,48.63,61.26,47.15,-20.52,6.37,13.43
Harsh Cornering,0,34.52,42.25,47.43,70.54,-9.8,64.67,47.34
OverSpeed,0,32.43,38.75,39.49,74.85,-21.97,81.45,21.97
Consecutive Fast Charging,1,45.81,53.79,56.88,46.61,-43.66,15.52,21.96
Harsh Acceleration,0,33.07,38.67,46.12,73.93,-7.63,76.96,37.16
Deep Discharge Warning,1,40.71,54.52,77.15,49.2,-37.31,20.83,17.78
Low SoC,1,48.58,62.46,78.29,47.53,-36.26,14.6,7.59
Harsh Braking,0,35.27,41.33,40.65,76.6,-18.71,86.94,10.67
Harsh Cornering,0,32.06,34.21,46.61,73.95,-9.86,77.83,11.46
OverSpeed,0,33.77,39.67,46.38,76.45,-3.02,84.05,19.25
Harsh Braking,0,29.72,33.97,43.87,66.05,-11.42,43.64,26.74
Consecutive Fast Charging,1,37.24,43.04,59.3,46.05,-61.79,14.13,29.29
Battery Under Voltage,1,43.47,56.73,62.64,48.75,-48.24,2.51,1.98
Consecutive Fast Charging,1,54.77,65.69,80.39,45.41,-51.62,3.29,25.34
Harsh Braking,0,35.06,35.2,45.55,63.08,-8.21,41.22,40.45
Harsh Braking,0,30.13,31.45,45.34,75.27,-9.79,80.0,63.51
Consecutive Fast Charging,1,34.9,45.99,57.54,47.08,-28.84,5.9,17.66
Harsh Braking,0,33.03,40.65,48.83,72.71,-36.39,74.94,25.26
Low SoC,1,52.15,68.0,82.07,48.07,-50.36,11.43,10.8
Deep Discharge Warning,1,51.1,60.8,81.24,47.37,-60.75,4.85,1.99
Harsh Braking,0,35.82,47.27,44.64,67.27,-6.36,57.33,34.26
Harsh Braking,0,33.95,41.05,41.0,77.16,-0.42,93.39,26.97
Harsh Braking,0,25.21,31.31,41.98,69.7,-25.05,57.29,8.14
Low SoC,1,48.95,64.91,76.12,45.7,-42.74,1.94,3.12
Harsh Acceleration,0,32.65,38.72,43.33,72.9,-16.15,75.23,45.12
Deep Discharge Warning,1,26.04,42.14,61.76,45.67,-52.82,9.77,16.45
Harsh Braking,0,29.17,31.13,42.06,69.79,-11.38,61.2,40.3
Deep Discharge Warning,1,36.45,44.1,57.09,45.11,-84.32,3.77,1.82
Battery Under Voltage,1,44.99,58.31,67.84,46.71,-46.47,7.55,54.18
Harsh Braking,0,24.72,28.73,41.76,78.53,-1.13,96.15,43.08
Low SoC,1,36.0,40.02,67.95,45.19,-35.37,6.73,12.94
Harsh Cornering,0,33.24,35.76,45.09,73.48,-4.31,76.28,21.19
Harsh Cornering,0,30.49,34.21,39.24,77.05,-12.28,89.79,35.6
OverSpeed,0,31.32,41.27,42.1,65.95,-23.07,49.26,40.79
Consecutive Fast Charging,1,42.76,54.94,50.79,45.22,-30.61,8.04,7.35
Low SoC,1,42.58,50.69,68.73,46.17,-70.71,13.42,26.67
Thermal Overheat Surge,1,47.26,60.09,68.97,48.48,-28.27,19.44,18.71
Harsh Braking,0,28.6,35.03,37.95,73.06,-7.48,71.2,49.15
Harsh Acceleration,0,25.53,31.65,42.99,66.17,-14.25,54.04,25.41
Deep Discharge Warning,1,38.21,55.83,63.49,47.27,-42.9,10.71,12.45
Deep Discharge Warning,1,49.24,59.99,64.22,44.73,-32.18,5.97,1.53
Low SoC,1,39.93,44.91,66.28,44.86,-28.82,4.79,3.73
Low SoC,1,43.27,56.41,55.13,43.92,-33.36,1.17,7.16
Battery Under Voltage,1,48.43,61.05,72.86,46.29,-35.06,3.37,71.66
OverSpeed,0,25.08,34.56,32.81,65.92,-10.49,48.76,34.01
Deep Discharge Warning,1,43.48,57.15,58.72,48.08,-34.22,15.59,31.31
Thermal Overheat Surge,1,39.4,56.54,49.99,45.23,-45.29,1.39,39.13
Deep Discharge Warning,1,34.42,40.34,58.66,45.23,-41.22,5.67,22.16
Harsh Braking,0,35.83,42.44,45.23,78.1,-5.57,92.35,29.87
Harsh Cornering,0,29.83,34.01,45.25,75.06,3.4,80.41,43.29
Harsh Acceleration,0,23.98,31.11,42.78,65.99,-7.03,49.14,38.99
Low SoC,1,43.19,59.09,60.51,47.66,-43.86,3.46,46.9
Harsh Braking,0,28.17,33.5,36.28,71.43,-0.95,70.78,22.88
OverSpeed,0,34.27,40.92,48.75,73.56,13.59,79.52,29.55
Battery Under Voltage,1,54.73,70.05,75.72,44.41,-51.48,3.69,6.15
Battery Under Voltage,1,37.57,52.61,62.15,48.61,-48.89,10.11,35.04
Harsh Braking,0,30.12,32.14,43.9,78.44,1.87,91.06,43.32
Low SoC,1,57.57,65.0,68.08,47.78,-40.73,10.42,13.65
Consecutive Fast Charging,1,46.28,56.92,68.82,46.56,-25.08,5.8,37.69
Battery Under Voltage,1,47.2,59.36,83.16,47.67,-49.06,5.45,5.06
Deep Discharge Warning,1,46.14,56.77,78.26,44.3,-37.0,4.08,30.03
OverSpeed,0,27.72,36.38,40.67,68.65,1.08,59.27,18.22
OverSpeed,0,34.17,38.54,47.18,68.0,-15.1,55.62,32.53
OverSpeed,0,26.19,36.38,32.6,69.27,-14.03,59.58,19.19
Harsh Acceleration,0,29.22,32.98,41.14,72.81,-10.83,76.21,29.64
Harsh Acceleration,0,33.59,37.34,50.54,68.2,-15.06,58.7,47.07
Low SoC,1,42.22,51.42,62.04,46.48,-25.84,13.43,25.92
Battery Under Voltage,1,33.65,50.62,61.84,45.83,-39.35,3.97,13.56
Harsh Cornering,0,34.13,38.99,44.87,71.89,-11.83,71.06,40.08
Harsh Braking,0,32.92,39.75,47.53,69.11,-4.79,64.37,19.75
Harsh Acceleration,0,28.07,32.45,35.48,67.07,-6.75,55.45,30.3
Low SoC,1,48.91,58.06,68.55,46.42,-57.08,3.72,3.23
Deep Discharge Warning,1,44.73,54.75,68.33,46.88,-37.53,7.57,4.25
Harsh Acceleration,0,27.53,28.13,33.71,64.29,-12.94,42.38,30.07
Harsh Acceleration,0,31.07,39.06,40.6,70.56,-23.73,62.92,53.99
Harsh Braking,0,26.44,33.33,44.26,69.27,2.96,56.09,55.77
Deep Discharge Warning,1,30.57,42.9,57.6,45.47,-31.96,6.95,37.34
Harsh Braking,0,33.64,38.57,45.57,67.37,-6.6,59.5,36.57
Deep Discharge Warning,1,58.31,76.64,82.92,45.1,-70.53,3.4,2.61
Harsh Acceleration,0,28.58,34.43,45.64,79.48,-12.57,97.12,31.13
Harsh Acceleration,0,30.21,37.14,37.9,76.2,-5.77,88.37,38.43
OverSpeed,0,28.33,33.05,42.59,70.91,-10.08,67.75,31.65
Low SoC,1,50.01,62.01,67.31,46.98,-63.24,5.97,3.92
Battery Under Voltage,1,57.72,68.83,83.38,48.75,-13.67,18.8,1.14
Harsh Acceleration,0,36.86,37.55,39.92,68.2,-22.19,59.33,42.31
Battery Under Voltage,1,37.37,48.29,52.27,43.23,-45.73,2.97,2.47
Harsh Acceleration,0,29.62,35.05,41.21,71.91,-15.72,71.35,48.83
OverSpeed,0,27.97,34.39,45.11,70.42,-15.0,63.66,37.45
Harsh Braking,0,28.12,37.69,36.75,68.9,-24.63,61.07,25.11
Harsh Braking,0,32.23,37.59,51.08,63.06,-19.29,43.33,13.47
Harsh Braking,0,30.66,36.68,36.39,70.12,-25.19,62.84,48.53
OverSpeed,0,25.73,30.94,42.9,74.25,-18.27,81.55,51.03
Harsh Braking,0,36.37,44.99,44.14,65.56,-17.69,47.9,12.35
Consecutive Fast Charging,1,47.32,60.53,82.11,45.68,-50.13,4.97,6.18
Harsh Braking,0,28.38,35.94,32.68,71.38,-33.85,69.8,12.77
Harsh Acceleration,0,35.84,42.51,54.1,66.71,-33.55,52.45,10.54
Harsh Braking,0,31.64,37.87,46.07,74.72,-17.28,81.69,10.69
Deep Discharge Warning,1,37.48,50.67,74.67,44.1,-43.77,3.59,4.15
Harsh Acceleration,0,30.22,38.94,45.94,78.85,-16.45,91.18,28.38
Deep Discharge Warning,1,37.87,60.75,67.34,45.94,-63.98,6.04,17.08
Deep Discharge Warning,1,41.05,43.46,65.23,47.63,-49.83,0.99,43.33
Consecutive Fast Charging,1,39.81,48.68,64.2,44.48,-81.03,9.54,3.83
Low SoC,1,53.17,63.75,77.81,46.14,-17.89,5.16,8.36
OverSpeed,0,35.01,35.13,46.65,75.9,-10.69,82.16,50.62
Low SoC,1,32.13,41.89,62.09,45.57,-29.75,12.82,8.45
Deep Discharge Warning,1,37.5,49.68,64.3,48.87,-81.66,10.92,5.33
Deep Discharge Warning,1,47.46,64.04,78.72,47.7,-43.06,15.26,3.45
OverSpeed,0,30.42,34.86,44.13,70.16,-14.48,68.19,16.8
Battery Under Voltage,1,41.81,54.8,83.37,46.01,-63.95,12.79,13.01
Deep Discharge Warning,1,39.93,50.85,66.99,45.87,-36.65,11.94,18.4
Harsh Acceleration,0,30.36,37.3,46.96,69.58,-16.53,64.38,15.11
Harsh Acceleration,0,30.21,33.33,40.74,77.94,-24.82,93.85,36.47
Low SoC,1,43.69,55.56,78.55,46.28,-31.85,1.9,3.92
Battery Under Voltage,1,53.62,64.54,82.99,45.17,-30.32,1.09,9.71
Harsh Braking,0,27.57,34.59,36.44,63.45,-0.95,44.02,49.35
Consecutive Fast Charging,1,43.87,59.16,73.5,46.02,-45.85,2.85,1.07
Battery Under Voltage,1,41.27,51.94,68.68,46.71,-38.12,14.07,66.46
Deep Discharge Warning,1,44.72,56.77,76.02,46.91,-46.06,1.25,49.1
Deep Discharge Warning,1,51.58,64.1,72.31,43.55,-27.47,0.86,17.54
OverSpeed,0,36.89,42.98,46.35,61.48,-14.44,40.19,20.43
Harsh Cornering,0,29.89,37.52,46.65,72.66,-18.82,77.62,24.85
Deep Discharge Warning,1,45.53,53.45,97.23,49.53,-59.03,15.38,3.07
Deep Discharge Warning,1,44.89,51.46,67.26,47.82,-52.78,2.12,31.82
OverSpeed,0,24.31,33.26,45.73,72.52,-32.31,74.66,34.24
Deep Discharge Warning,1,40.4,50.19,78.99,45.46,-44.52,8.21,12.16
Harsh Acceleration,0,24.91,31.27,43.28,70.76,-24.82,67.88,8.88
Harsh Acceleration,0,32.46,36.32,41.22,78.89,-26.89,97.62,33.0
Harsh Acceleration,0,25.66,29.91,43.88,67.15,-11.91,55.87,19.74
Low SoC,1,39.07,47.62,62.93,41.71,-49.79,2.75,15.7
Thermal Overheat Surge,1,35.63,53.4,59.1,47.55,-36.65,6.62,29.33
Deep Discharge Warning,1,35.97,45.63,66.19,47.05,-48.4,17.18,30.65
Deep Discharge Warning,1,35.95,46.06,69.21,45.58,-70.37,14.41,8.13
Low SoC,1,35.62,52.45,59.69,49.67,-30.51,15.08,9.83
Harsh Acceleration,0,33.33,41.45,40.37,63.62,-9.75,42.56,36.09
Low SoC,1,35.44,36.94,52.91,50.16,-40.33,14.31,7.79
Battery Under Voltage,1,34.74,48.42,55.37,48.89,-54.7,18.23,19.43
OverSpeed,0,28.6,31.13,44.04,71.93,-19.94,75.52,36.48
Deep Discharge Warning,1,47.1,65.07,88.88,47.12,-50.8,6.0,30.02
Deep Discharge Warning,1,49.79,59.36,78.4,47.06,-43.29,1.8,5.04
Harsh Cornering,0,24.49,34.17,43.66,77.86,-12.75,93.76,41.35
Low SoC,1,37.51,52.26,66.91,44.5,-34.37,8.26,8.35
Battery Under Voltage,1,44.29,48.31,70.34,46.07,-50.73,8.43,8.43
Harsh Braking,0,23.92,37.8,32.89,74.02,-19.63,85.9,43.8
Harsh Braking,0,34.74,42.41,42.48,74.7,-4.42,81.46,3.6
Low SoC,1,43.91,61.46,67.55,46.22,-38.12,9.3,17.53
Harsh Braking,0,35.79,40.91,40.52,78.63,-17.4,90.2,33.62
Deep Discharge Warning,1,43.99,59.68,79.59,47.21,-54.53,7.62,0.4
Harsh Braking,0,33.62,35.53,43.4,72.46,-12.49,69.7,20.67
Low SoC,1,54.91,70.4,82.8,44.06,-53.55,10.54,6.01
Harsh Braking,0,30.7,40.93,36.21,68.99,-8.69,59.7,34.76
OverSpeed,0,31.99,38.79,42.8,65.65,-6.44,48.43,20.61
Harsh Acceleration,0,30.69,38.62,50.1,69.11,-24.74,58.93,18.08
Harsh Acceleration,0,30.99,37.85,44.24,71.19,-16.03,70.32,28.66
Harsh Acceleration,0,37.51,39.59,51.48,78.1,-20.44,93.41,9.37
Low SoC,1,45.53,58.83,56.95,46.45,-39.88,10.76,6.79
Harsh Cornering,0,32.31,42.13,41.36,78.3,-7.65,93.24,24.84
Harsh Cornering,0,34.59,37.7,40.48,78.47,-8.53,92.88,35.16
Harsh Acceleration,0,28.59,34.85,40.51,75.55,-9.9,86.06,43.63
Harsh Braking,0,35.47,38.1,40.8,74.09,-18.29,79.57,31.58
Harsh Braking,0,28.26,35.82,41.91,64.39,-38.19,45.47,37.61
Harsh Braking,0,32.82,38.91,55.84,71.35,-19.82,70.39,23.6
Harsh Acceleration,0,28.42,37.22,36.59,69.51,-17.22,57.18,51.98
Deep Discharge Warning,1,37.08,49.43,70.27,46.59,-25.2,8.71,1.98
Deep Discharge Warning,1,34.68,44.51,66.32,43.82,-40.43,3.52,0.86
Low SoC,1,47.62,60.34,71.19,45.59,-42.28,0.78,19.15
Deep Discharge Warning,1,58.07,66.89,97.76,46.71,-79.62,7.83,6.05
Low SoC,1,49.63,67.59,70.36,46.49,-37.53,3.27,16.55
Low SoC,1,41.8,53.09,67.83,47.81,-41.31,10.65,36.76
Harsh Braking,0,35.81,43.28,50.33,77.89,-1.16,93.95,14.79
Harsh Cornering,0,27.77,33.67,37.87,71.72,-20.92,68.35,42.82
Harsh Braking,0,31.18,40.87,46.37,64.29,-23.34,44.48,31.48
Low SoC,1,49.3,61.58,85.56,45.16,-48.44,6.41,1.29
Deep Discharge Warning,1,44.29,59.51,57.1,45.08,-41.0,6.38,18.58
Consecutive Fast Charging,1,36.99,48.35,61.19,46.0,-31.42,7.66,15.07
Harsh Acceleration,0,35.36,39.24,43.72,62.43,-31.35,42.35,13.83
Deep Discharge Warning,1,49.99,62.57,74.6,45.31,-33.95,5.59,4.43
Battery Under Voltage,1,49.79,61.26,86.16,46.52,-50.77,6.21,9.98
Harsh Braking,0,31.23,36.98,43.33,78.62,-27.85,91.73,28.44
Low SoC,1,48.29,56.26,64.54,46.81,-40.06,4.18,13.65
Harsh Acceleration,0,36.11,44.35,54.9,75.52,-17.15,83.74,24.26
Harsh Braking,0,30.17,39.59,34.19,77.17,-17.16,93.79,37.22
Harsh Acceleration,0,35.27,42.91,51.53,76.37,-21.48,86.61,13.93
Harsh Braking,0,32.43,35.56,37.47,64.49,-25.77,45.42,18.55
Deep Discharge Warning,1,44.76,57.53,61.55,46.26,-43.21,1.75,10.91
Low SoC,1,48.44,51.22,76.96,45.95,-51.82,9.04,26.14
Harsh Braking,0,31.42,39.74,47.54,67.21,-32.23,54.02,23.47
OverSpeed,0,33.18,40.0,34.99,74.61,-0.27,78.85,42.77
Deep Discharge Warning,1,47.2,56.82,86.27,51.69,-31.02,25.93,11.2
Deep Discharge Warning,1,41.02,49.24,74.23,47.77,-22.55,12.84,21.46
Deep Discharge Warning,1,51.97,64.22,81.22,48.28,-31.52,11.18,5.92
Deep Discharge Warning,1,46.9,50.32,69.2,44.08,-49.7,4.21,18.84
Harsh Braking,0,22.54,25.46,36.57,72.87,-39.03,74.16,29.16
Harsh Braking,0,33.16,41.63,47.43,69.83,-20.76,63.42,11.67
Harsh Acceleration,0,29.12,34.94,47.51,76.19,8.99,82.05,36.45
Harsh Braking,0,26.08,28.03,39.25,70.22,-20.77,64.74,26.33
Deep Discharge Warning,1,37.05,49.97,58.7,49.38,-21.46,19.19,5.32
Deep Discharge Warning,1,60.44,75.08,87.38,44.91,-51.47,1.89,10.88
Low SoC,1,55.36,65.78,85.8,47.3,-55.42,4.14,4.26
Deep Discharge Warning,1,48.3,59.47,65.59,45.72,-21.46,5.33,29.72
Battery Under Voltage,1,49.18,66.55,63.96,44.66,-44.08,2.41,6.83
Deep Discharge Warning,1,53.25,69.42,77.45,46.1,-48.5,19.05,9.38
Deep Discharge Warning,1,46.68,50.76,79.67,47.4,-44.77,11.65,26.02
Low SoC,1,42.75,66.31,64.47,44.98,-39.26,2.75,50.24
Harsh Acceleration,0,22.22,26.36,30.08,77.42,-26.98,89.52,63.89
Harsh Acceleration,0,25.6,34.43,41.66,67.54,-30.34,47.66,29.28
Harsh Cornering,0,38.46,43.62,46.31,71.13,-18.63,71.55,34.99
Deep Discharge Warning,1,36.13,54.7,68.15,45.43,-53.69,3.45,6.12
Harsh Acceleration,0,31.55,36.12,45.66,69.61,-10.6,66.22,42.09
Low SoC,1,27.15,39.26,62.46,46.43,-69.75,8.74,10.33
Consecutive Fast Charging,1,51.87,61.58,85.54,46.09,-27.41,6.3,46.92
Battery Under Voltage,1,48.35,61.57,73.27,44.13,-58.9,0.29,27.53
Harsh Acceleration,0,28.8,31.81,42.19,78.02,-3.06,90.74,24.2
Battery Under Voltage,1,37.95,49.28,63.47,50.11,-21.81,25.86,12.58
OverSpeed,0,30.72,41.53,30.17,63.57,-10.56,46.07,30.72
Harsh Braking,0,24.63,32.94,37.91,74.23,-26.48,82.38,20.93
Consecutive Fast Charging,1,36.5,54.13,63.22,48.88,-29.64,15.03,0.57
Harsh Acceleration,0,26.1,30.86,44.96,64.09,3.33,43.86,23.08
Harsh Braking,0,28.86,34.93,36.03,78.08,-27.39,94.83,20.23
Harsh Cornering,0,28.86,34.91,27.25,70.84,-25.84,61.68,24.59
Harsh Cornering,0,21.57,22.95,39.67,77.89,-10.74,91.41,27.28
Consecutive Fast Charging,1,39.68,47.13,60.0,44.29,-78.36,0.62,21.23
Low SoC,1,36.89,49.74,62.11,44.89,-60.84,3.06,7.29
Harsh Braking,0,24.52,27.89,41.06,71.55,-29.2,70.97,61.45
Harsh Braking,0,32.33,38.25,43.97,73.02,-24.0,76.03,35.0
Harsh Braking,0,31.8,34.6,33.79,69.54,-15.93,64.5,38.53
Harsh Braking,0,33.25,38.2,45.29,78.62,-27.38,90.46,51.83
Harsh Braking,0,30.53,37.88,43.0,72.53,-3.62,71.94,50.25
Low SoC,1,32.68,50.25,71.01,46.94,-67.62,5.34,20.29
Harsh Acceleration,0,27.74,34.52,33.09,66.0,-3.19,49.26,52.45
Harsh Cornering,0,30.99,36.29,49.07,75.1,-12.24,83.13,36.65
Deep Discharge Warning,1,55.11,69.65,75.09,47.02,-49.45,5.44,13.79
Battery Under Voltage,1,46.9,60.6,70.27,44.78,-27.46,5.79,8.55
Deep Discharge Warning,1,56.27,66.54,86.4,47.05,-61.42,6.51,10.02
Harsh Braking,0,27.9,35.72,37.58,70.78,-8.69,60.55,20.38
Harsh Acceleration,0,30.34,38.25,45.07,78.11,-3.92,89.29,28.16
Battery Under Voltage,1,50.6,61.26,76.05,50.86,-57.48,20.29,30.45
Low SoC,1,43.5,65.32,68.84,48.57,-38.92,15.28,9.49
Harsh Cornering,0,27.65,28.98,37.56,70.7,-22.36,65.21,36.23
Low SoC,1,34.02,41.31,57.99,48.45,-25.09,10.79,20.09
Harsh Cornering,0,26.04,35.1,33.3,70.04,-11.91,67.16,39.12
Harsh Cornering,0,31.45,37.23,36.72,77.54,-26.22,92.83,19.28
Consecutive Fast Charging,1,47.05,53.35,64.52,45.38,-37.89,3.97,3.39
Thermal Overheat Surge,1,46.6,62.89,67.76,46.17,-46.88,6.06,12.62
Battery Under Voltage,1,40.33,44.89,74.92,45.18,-55.14,1.2,5.26
Harsh Braking,0,30.0,38.82,39.1,78.24,-8.28,90.85,52.47
Deep Discharge Warning,1,34.46,46.2,55.37,44.95,-44.99,5.77,21.29
Harsh Acceleration,0,25.6,32.71,46.7,67.34,-12.01,52.02,34.21
OverSpeed,0,26.47,29.26,44.97,76.27,-24.28,89.65,10.58
OverSpeed,0,33.48,41.51,43.35,66.07,-20.43,52.1,46.62
Harsh Acceleration,0,27.87,35.77,38.68,68.51,-3.66,53.38,39.13
Harsh Braking,0,34.47,44.54,41.11,78.04,-16.57,92.58,36.38
Harsh Braking,0,32.34,35.41,40.27,69.92,-19.9,66.57,42.65
Deep Discharge Warning,1,48.55,65.18,78.89,45.58,-50.43,2.99,1.12
Low SoC,1,43.67,62.66,74.17,46.13,-14.69,12.6,0.59
Harsh Braking,0,30.52,35.84,45.08,64.02,-17.91,47.22,29.25
Harsh Braking,0,28.97,37.24,38.82,70.57,-31.95,69.75,20.02
Low SoC,1,49.09,56.35,83.83,44.57,-70.95,2.67,16.78
Low SoC,1,39.7,50.93,56.94,47.48,-55.9,8.42,1.49
Harsh Braking,0,22.57,29.06,39.76,76.74,-3.09,85.64,37.15
Battery Under Voltage,1,39.1,48.85,59.14,44.87,-43.32,8.4,3.76
Harsh Acceleration,0,30.65,34.15,40.42,69.61,-21.11,62.49,40.35
Harsh Braking,0,30.86,34.56,43.89,70.74,-13.06,61.31,24.78
Harsh Acceleration,0,27.84,34.31,42.24,74.2,-23.38,82.25,42.3
Harsh Braking,0,25.8,32.78,50.71,76.26,-3.77,81.52,28.06
OverSpeed,0,26.49,33.01,36.46,73.65,-13.74,74.91,39.92
Harsh Braking,0,33.12,39.75,41.8,69.56,-22.46,68.1,24.72
OverSpeed,0,28.92,32.54,36.46,70.11,-7.79,64.56,32.72
Harsh Acceleration,0,20.76,28.35,35.04,73.78,-13.97,77.84,7.88
Harsh Acceleration,0,29.28,35.22,41.65,78.79,-13.13,88.38,27.51
Deep Discharge Warning,1,54.72,66.06,77.83,45.21,-64.8,6.15,14.86
Harsh Braking,0,29.75,37.96,46.71,70.02,-14.75,63.25,39.21
Harsh Acceleration,0,23.03,26.73,24.41,78.06,-18.12,97.33,34.21
OverSpeed,0,29.87,39.77,45.8,66.27,-7.36,49.53,40.25
Low SoC,1,34.19,39.21,66.9,47.95,-33.87,14.56,7.09
Battery Under Voltage,1,41.68,54.74,68.84,44.94,-42.66,5.93,21.17
Harsh Braking,0,33.68,42.14,36.94,75.47,-1.26,82.57,27.07
Battery Under Voltage,1,46.16,45.73,85.2,45.39,-46.17,3.8,3.06
Battery Under Voltage,1,39.32,48.1,71.85,46.15,-35.79,3.43,22.18
Harsh Acceleration,0,29.54,32.6,32.29,79.13,-21.77,96.55,27.9
Low SoC,1,47.88,55.0,64.84,46.06,-46.07,5.93,1.43
Deep Discharge Warning,1,48.98,62.65,83.06,45.33,-62.28,5.35,12.95
OverSpeed,0,34.85,42.49,44.05,66.09,-3.69,51.02,34.63
Harsh Braking,0,30.55,35.1,42.5,72.1,-30.74,70.21,39.64
Harsh Acceleration,0,28.93,35.74,45.89,69.18,-23.72,64.52,38.18
Consecutive Fast Charging,1,31.99,44.23,63.01,43.29,-38.94,3.6,21.01
Battery Under Voltage,1,58.74,72.22,82.79,47.67,-52.58,22.82,25.04
Low SoC,1,39.64,50.86,64.08,45.27,-24.09,1.32,17.38
Harsh Braking,0,26.3,31.4,42.63,64.98,-18.73,44.6,38.3
Harsh Braking,0,29.11,33.9,34.93,65.89,-8.99,48.7,29.71
Harsh Braking,0,32.48,35.27,39.77,73.73,-10.48,81.67,21.96
Harsh Braking,0,30.6,35.08,37.83,72.82,4.47,74.87,18.57
Low SoC,1,60.03,74.15,83.47,49.05,-57.2,7.33,0.53
Low SoC,1,34.56,43.05,54.59,46.36,-26.03,2.64,6.47
Consecutive Fast Charging,1,41.63,51.33,58.87,45.41,-31.69,5.2,4.8
Deep Discharge Warning,1,36.71,40.57,80.73,48.3,-55.67,4.15,0.77
Consecutive Fast Charging,1,46.32,66.85,69.82,50.67,-55.83,19.65,5.28
Thermal Overheat Surge,1,33.86,46.72,55.77,47.75,-21.86,6.2,0.32
Harsh Braking,0,27.59,37.37,39.24,69.33,-29.87,61.92,39.13
Harsh Acceleration,0,32.23,33.06,39.72,67.05,-5.13,53.25,41.36
Harsh Acceleration,0,31.75,34.47,46.12,76.84,-24.9,92.26,38.12
Low SoC,1,37.9,51.13,74.96,46.22,-63.81,1.75,16.84
OverSpeed,0,33.41,42.94,39.63,69.78,-14.64,67.97,46.24
OverSpeed,0,23.1,32.18,33.71,66.49,-4.01,53.72,22.16
OverSpeed,0,19.78,26.78,26.82,69.18,-26.03,64.95,38.43
Deep Discharge Warning,1,46.62,49.68,66.36,49.77,-40.38,11.0,62.69
Harsh Acceleration,0,35.28,41.04,48.33,63.57,-18.86,45.03,21.98
Battery Under Voltage,1,45.44,56.67,70.27,47.3,-61.26,8.87,79.04
Harsh Braking,0,36.2,38.66,51.92,77.64,-24.84,95.17,50.96
Thermal Overheat Surge,1,35.63,48.11,55.97,48.03,-50.82,14.25,11.46
Harsh Braking,0,25.59,32.38,32.26,79.93,-28.89,96.49,23.68
Deep Discharge Warning,1,37.2,50.47,62.45,45.51,-35.89,4.27,28.09
Deep Discharge Warning,1,37.79,55.87,68.34,47.45,-52.01,13.51,2.43
Harsh Braking,0,27.53,35.47,47.59,68.54,-20.21,67.66,30.94
Harsh Cornering,0,28.71,32.08,41.33,77.07,-13.34,87.82,39.02
Consecutive Fast Charging,1,35.68,51.06,84.17,44.87,-39.57,3.3,10.21
Low SoC,1,43.52,54.35,56.46,46.93,-28.07,3.09,8.75
Battery Under Voltage,1,32.95,49.77,57.64,46.22,-21.53,1.26,45.02
Harsh Cornering,0,32.22,36.44,47.3,66.35,0.55,44.32,48.93
OverSpeed,0,29.51,32.12,31.9,67.73,7.43,60.33,23.24
Harsh Acceleration,0,29.99,41.77,54.36,78.58,-23.77,91.47,10.15
OverSpeed,0,30.93,39.16,38.9,68.68,-22.06,61.34,31.39
Deep Discharge Warning,1,44.32,60.65,66.08,45.1,-43.14,3.19,60.72
Harsh Braking,0,26.85,28.89,46.84,71.56,-14.56,72.83,32.71
Battery Under Voltage,1,32.23,38.33,53.2,45.95,-27.21,6.84,27.15
Deep Discharge Warning,1,36.36,49.28,67.82,47.34,-59.84,12.75,61.26
OverSpeed,0,30.08,38.03,46.45,68.2,-9.61,57.08,38.34
Harsh Acceleration,0,25.17,34.09,34.59,72.79,-3.03,73.49,0.0
OverSpeed,0,22.46,31.27,32.97,66.21,3.12,53.24,35.13
Harsh Acceleration,0,26.54,33.62,39.61,63.81,-27.75,40.52,13.54
Deep Discharge Warning,1,43.91,58.73,65.2,47.13,-40.63,16.12,56.03
Harsh Cornering,0,24.64,30.86,44.51,72.83,-8.46,76.4,34.38
Consecutive Fast Charging,1,39.42,57.84,56.71,49.04,-68.35,6.28,4.55
Low SoC,1,48.73,62.52,90.33,47.62,-20.41,8.2,2.04
Deep Discharge Warning,1,34.04,43.94,64.74,46.57,-26.26,12.05,11.25
Harsh Cornering,0,34.37,36.86,47.98,68.57,-10.08,55.55,29.29
Low SoC,1,46.97,55.65,60.44,47.27,-12.3,9.68,0.71
Deep Discharge Warning,1,49.55,54.76,50.01,48.65,-58.81,15.09,24.92
Low SoC,1,48.76,57.83,75.32,47.96,-61.03,8.92,14.48
Battery Under Voltage,1,34.57,51.36,51.14,49.03,-43.09,13.13,17.6
Deep Discharge Warning,1,33.73,47.69,64.69,46.92,-62.8,3.03,8.95
Battery Under Voltage,1,40.41,50.29,67.73,46.16,-55.16,3.91,21.52
Harsh Braking,0,32.61,37.18,41.55,66.39,-11.17,51.71,42.54
Harsh Braking,0,29.89,39.41,48.13,78.83,-25.23,97.03,34.17
Harsh Acceleration,0,36.11,38.37,56.35,72.54,6.21,67.89,0.63
Low SoC,1,34.2,42.54,70.73,49.82,-58.97,24.0,12.67
Harsh Acceleration,0,36.05,40.25,55.25,76.3,-21.02,90.75,18.72
Harsh Cornering,0,35.14,44.32,47.71,80.7,-0.82,97.31,23.03
Harsh Braking,0,26.35,31.59,45.03,62.22,-9.35,40.31,27.46
Low SoC,1,42.21,55.23,59.08,45.09,-3.19,4.61,15.47
Low SoC,1,45.45,52.3,66.03,45.23,-39.04,7.02,16.46
Harsh Cornering,0,31.29,34.87,37.01,64.6,-9.99,40.75,53.74
Low SoC,1,43.91,56.64,54.79,48.0,-52.37,4.69,12.12
Low SoC,1,39.27,45.27,71.32,45.64,-14.36,0.63,40.85
Battery Under Voltage,1,38.85,46.51,67.01,48.55,-74.91,22.73,30.21
Harsh Acceleration,0,25.68,28.16,42.11,68.94,-6.68,63.25,50.31
OverSpeed,0,27.57,31.48,33.56,65.38,-18.82,43.89,37.07
Battery Under Voltage,1,53.51,62.69,89.06,46.97,-42.77,3.28,23.27
Harsh Braking,0,29.01,36.37,40.99,68.81,-9.41,62.19,37.91
Battery Under Voltage,1,36.4,44.69,67.88,47.9,-32.05,7.09,5.98
Low SoC,1,34.76,47.89,72.18,44.64,-51.58,2.79,14.3
Harsh Acceleration,0,25.2,32.24,46.48,74.9,-23.31,87.61,39.21
Low SoC,1,42.01,53.11,65.67,47.19,-32.89,2.91,37.4
Harsh Braking,0,29.05,33.96,39.96,77.34,-16.08,92.35,38.56
Consecutive Fast Charging,1,47.98,54.72,77.44,47.03,-63.28,4.17,74.56
Consecutive Fast Charging,1,40.31,48.81,60.85,44.26,-50.47,0.78,4.52
Harsh Braking,0,35.86,41.22,45.96,67.41,-13.91,53.97,50.52
Harsh Acceleration,0,31.0,40.25,33.96,68.45,-19.99,55.29,40.32
Deep Discharge Warning,1,35.35,53.43,64.02,46.42,-45.3,7.63,0.17
Deep Discharge Warning,1,28.85,39.38,48.23,47.09,-48.67,1.72,4.45
Deep Discharge Warning,1,44.61,56.76,69.43,48.46,-48.79,15.78,5.98
Harsh Braking,0,30.06,34.88,39.11,77.35,-11.98,89.67,38.03
Consecutive Fast Charging,1,25.13,21.26,48.2,46.44,-58.08,2.66,9.85
Harsh Cornering,0,28.65,37.72,42.26,68.42,-17.78,58.23,21.17
Deep Discharge Warning,1,40.22,52.77,58.61,45.8,-49.05,10.92,3.28
Low SoC,1,38.17,47.87,74.06,46.8,-44.96,6.59,93.72
Harsh Acceleration,0,26.57,31.4,43.94,71.2,-18.91,69.22,28.87
Low SoC,1,51.3,59.86,85.79,47.26,-28.87,14.66,4.86
Harsh Cornering,0,25.76,33.06,32.1,72.36,-16.65,72.88,13.16
Harsh Braking,0,28.33,34.03,37.65,76.03,-25.34,84.35,49.15
Deep Discharge Warning,1,57.22,69.84,91.87,46.48,-39.96,7.51,1.98
Harsh Cornering,0,34.07,35.63,48.57,68.82,-16.68,58.87,14.07
Low SoC,1,43.68,61.33,77.64,46.64,-41.58,12.16,13.66
Deep Discharge Warning,1,37.74,44.86,79.61,46.96,-32.12,2.22,32.76
OverSpeed,0,33.29,39.81,46.91,75.79,4.61,84.46,35.51
Harsh Braking,0,32.85,39.07,41.1,66.33,-27.1,48.38,21.61
Harsh Acceleration,0,29.99,36.68,39.21,71.53,-17.07,65.05,21.86
Battery Under Voltage,1,41.58,48.54,74.28,48.83,-30.34,22.79,3.96
Harsh Cornering,0,33.04,40.75,46.09,70.4,-16.97,69.77,29.24
Harsh Braking,0,24.25,29.68,43.86,72.76,-25.54,75.72,19.7
Low SoC,1,43.53,56.49,66.57,45.95,-54.41,8.9,8.76
Battery Under Voltage,1,31.24,48.55,58.01,45.03,-53.23,2.34,15.72
Deep Discharge Warning,1,34.19,46.85,58.24,45.92,-42.96,10.05,3.21
Low SoC,1,43.84,49.36,69.69,45.96,-30.68,6.48,14.22
Battery Under Voltage,1,42.36,52.81,67.11,45.25,-49.09,4.61,40.34
Harsh Acceleration,0,33.2,40.0,47.1,64.96,-31.93,48.07,35.95
Harsh Cornering,0,30.71,35.63,51.51,65.82,-7.48,47.5,16.85
Harsh Acceleration,0,28.38,32.35,49.47,78.72,-6.84,93.34,15.27
Harsh Braking,0,28.89,38.16,40.16,66.48,-1.11,53.35,24.92
OverSpeed,0,27.68,30.42,36.5,73.44,-0.95,75.62,29.2
Harsh Cornering,0,33.68,38.52,44.64,70.75,-18.93,62.21,21.96
Low SoC,1,41.5,53.66,57.23,44.98,-39.59,10.61,13.54
Harsh Cornering,0,27.59,31.74,39.67,67.02,-17.23,56.67,35.08
Harsh Cornering,0,34.11,40.05,44.86,77.42,-22.69,87.45,20.16
Harsh Braking,0,33.55,40.73,48.33,69.47,-9.2,65.46,33.01
OverSpeed,0,15.1,18.98,20.53,77.93,-16.01,90.49,49.78
Low SoC,1,47.83,62.84,64.74,43.43,-11.38,1.57,42.13
Battery Under Voltage,1,55.1,70.38,83.65,45.49,-27.61,16.13,0.72
Battery Under Voltage,1,31.04,40.21,59.37,43.52,-32.7,1.8,30.81
Deep Discharge Warning,1,38.81,51.07,66.4,44.41,-51.1,0.06,0.68
Harsh Braking,0,30.65,36.73,43.31,72.94,-9.18,74.13,23.32
Thermal Overheat Surge,1,47.98,55.18,79.0,46.88,-26.13,1.98,42.95
Deep Discharge Warning,1,32.12,46.56,48.12,44.73,-18.66,5.35,4.2
Harsh Cornering,0,28.69,29.63,38.91,72.33,-20.14,73.35,52.33
Harsh Cornering,0,28.5,34.19,36.29,76.93,-9.14,84.09,23.99
Harsh Cornering,0,30.77,36.86,47.42,73.55,-30.09,74.85,33.0
Battery Under Voltage,1,34.92,46.3,63.19,46.75,-60.05,6.57,12.76
Harsh Acceleration,0,29.81,38.98,36.04,78.93,-23.72,93.75,24.92
Battery Under Voltage,1,43.69,52.23,49.34,46.36,-45.39,5.31,5.95
Thermal Overheat Surge,1,42.09,48.11,49.86,45.82,-48.83,4.89,10.21
Deep Discharge Warning,1,42.68,56.65,66.91,45.43,-32.81,1.52,11.44
Harsh Cornering,0,32.41,37.47,45.26,76.96,-13.94,95.21,44.88
Deep Discharge Warning,1,43.52,58.85,66.04,44.97,-32.49,7.96,8.49
Harsh Braking,0,29.09,34.21,35.0,63.37,-2.84,41.65,19.66
Harsh Acceleration,0,30.9,36.11,41.68,74.77,-6.79,82.15,44.2
Deep Discharge Warning,1,41.56,57.51,77.26,47.44,-37.27,5.64,14.92
Battery Under Voltage,1,53.09,64.95,101.73,44.93,-49.33,4.41,16.45
Battery Under Voltage,1,42.77,51.84,71.82,46.37,-26.52,4.5,12.2
Battery Under Voltage,1,43.69,49.64,64.96,48.15,-10.84,3.67,23.66
Harsh Acceleration,0,33.28,38.71,52.46,75.7,-27.58,84.02,37.26
Consecutive Fast Charging,1,47.37,61.42,72.45,50.13,-41.08,21.08,6.19
OverSpeed,0,25.92,31.58,42.1,65.79,-15.54,45.41,44.79
Consecutive Fast Charging,1,41.43,56.47,59.38,46.88,-69.9,15.5,17.94
Harsh Acceleration,0,32.57,36.42,48.08,65.53,-22.87,49.0,40.71
Deep Discharge Warning,1,47.95,60.19,76.61,45.4,-56.1,0.5,0.29
Deep Discharge Warning,1,35.23,44.13,69.57,46.26,-34.91,6.4,29.89
Harsh Acceleration,0,28.5,33.61,47.85,64.75,-33.52,45.82,38.62
OverSpeed,0,24.96,29.97,29.55,71.9,-31.2,68.03,34.71
Consecutive Fast Charging,1,20.5,26.4,56.58,45.83,-51.58,4.54,49.0
Harsh Acceleration,0,28.76,37.67,42.63,64.89,-15.5,43.59,28.78
Deep Discharge Warning,1,32.28,48.89,54.81,48.39,-55.75,15.79,2.55
Harsh Braking,0,25.57,31.21,28.24,76.34,-19.33,89.32,30.07
Deep Discharge Warning,1,48.11,56.56,78.44,46.63,-19.94,6.63,23.09
Thermal Overheat Surge,1,44.86,64.99,66.33,46.43,-43.01,5.6,9.07
Low SoC,1,47.35,64.47,61.08,46.23,-47.74,7.95,8.51
Low SoC,1,50.46,61.56,67.26,47.93,-71.57,16.55,9.31
Battery Under Voltage,1,51.88,61.07,90.07,49.98,-69.92,21.71,28.72
OverSpeed,0,30.08,32.2,45.5,71.12,-21.04,69.01,22.89
Low SoC,1,42.04,52.74,70.62,48.34,-66.88,10.48,55.23
Harsh Cornering,0,32.95,42.46,45.96,63.61,-33.87,44.44,36.65
Harsh Braking,0,30.6,34.79,39.06,75.1,-9.2,89.16,35.13
Deep Discharge Warning,1,44.04,53.68,80.06,44.73,-32.89,1.57,10.68
Harsh Braking,0,35.92,43.0,44.1,67.15,-32.08,52.46,30.06
Battery Under Voltage,1,47.44,60.47,73.69,47.71,-20.55,8.06,1.22
Low SoC,1,32.4,42.56,64.14,44.47,-39.69,0.47,28.18
Harsh Cornering,0,22.56,22.47,35.23,76.78,-13.84,86.91,22.71
Deep Discharge Warning,1,36.04,54.08,49.59,48.89,-48.08,16.59,45.35
Harsh Acceleration,0,28.91,38.15,49.56,78.83,-9.46,97.92,43.17
Deep Discharge Warning,1,41.84,51.61,56.61,47.74,-46.51,9.62,0.34
Low SoC,1,41.74,56.39,69.35,46.6,-62.4,9.18,3.31
OverSpeed,0,32.94,36.71,53.44,63.84,-14.37,41.41,20.69
Deep Discharge Warning,1,48.48,59.24,76.62,43.56,-52.41,7.88,13.12
Deep Discharge Warning,1,18.3,25.93,47.72,45.81,-49.41,1.09,13.43
Deep Discharge Warning,1,39.72,50.08,78.71,48.21,-60.03,8.31,26.24
Battery Under Voltage,1,50.72,56.79,76.26,44.57,-5.5,7.11,2.54
Low SoC,1,33.86,42.85,46.23,49.18,-46.35,13.86,3.8
Low SoC,1,46.41,55.6,65.01,48.12,-49.49,17.57,9.35
Deep Discharge Warning,1,35.74,47.17,67.74,47.97,-33.53,7.26,11.68
Harsh Acceleration,0,25.25,32.51,37.09,67.42,-13.35,57.31,41.55
Harsh Cornering,0,28.25,32.55,38.95,72.6,-24.44,77.04,28.62
Low SoC,1,39.98,53.51,76.4,43.81,-41.09,0.76,22.28
Harsh Acceleration,0,25.96,33.42,32.87,65.0,-18.68,49.17,16.47
Harsh Braking,0,35.31,43.14,47.8,64.14,-0.61,43.98,29.8
Low SoC,1,46.38,66.96,67.2,48.28,-32.95,18.81,23.3
Harsh Acceleration,0,20.36,24.45,30.65,75.21,-30.29,79.64,12.48
Harsh Braking,0,23.38,27.86,32.65,66.39,-7.42,53.35,53.25
Low SoC,1,58.1,71.32,85.64,45.81,-54.87,3.03,13.44
Deep Discharge Warning,1,36.93,46.4,77.96,46.65,-51.69,6.62,11.75
Harsh Cornering,0,30.89,36.35,39.6,74.41,-8.86,86.05,22.14
Low SoC,1,44.25,60.86,74.3,46.02,-43.78,5.68,15.66
Deep Discharge Warning,1,41.84,56.21,74.19,46.65,-43.4,4.57,12.61
Thermal Overheat Surge,1,31.66,40.06,74.05,48.48,-46.17,16.15,17.62
Low SoC,1,46.17,56.42,75.47,47.77,-18.86,10.01,11.41
Harsh Acceleration,0,35.28,40.53,40.9,64.96,-18.57,46.43,27.94
Low SoC,1,29.06,45.76,57.21,45.0,-41.49,4.49,17.46
Low SoC,1,39.0,48.49,65.42,48.17,-40.27,9.05,25.01
Deep Discharge Warning,1,28.53,47.37,57.47,49.98,-55.62,17.12,31.64
Harsh Acceleration,0,22.3,29.79,39.04,77.82,-17.58,87.34,45.16
Harsh Braking,0,37.03,42.61,51.76,69.14,-16.86,61.13,36.85
Deep Discharge Warning,1,32.45,47.08,51.58,44.5,-30.79,6.32,4.22
Low SoC,1,36.32,48.49,50.63,47.95,-51.14,12.57,2.91
Harsh Acceleration,0,27.11,36.75,43.84,65.98,-10.68,48.25,26.59
Harsh Acceleration,0,29.1,30.66,33.45,65.49,-12.37,45.46,17.61
Harsh Braking,0,34.46,40.22,51.38,72.82,1.02,75.6,45.02
Harsh Braking,0,26.72,30.03,31.74,72.02,-13.77,70.91,42.45
Battery Under Voltage,1,43.29,59.88,67.94,47.36,-29.46,11.39,33.48
Deep Discharge Warning,1,44.49,61.37,74.71,47.9,-73.34,9.67,9.94
Harsh Braking,0,27.46,35.12,45.74,66.71,-22.33,56.44,40.72
Battery Under Voltage,1,57.05,66.19,94.98,46.95,-57.94,1.94,12.64
Low SoC,1,18.01,28.68,44.05,47.85,-47.4,11.18,23.14
Harsh Acceleration,0,26.86,31.46,39.94,64.2,-13.49,41.2,9.79
Battery Under Voltage,1,42.5,55.01,68.5,45.94,-52.02,2.32,33.69
Low SoC,1,53.68,64.94,74.53,45.28,-49.92,1.83,0.72
Harsh Braking,0,32.46,36.63,45.6,67.94,-16.72,56.65,37.14
Battery Under Voltage,1,43.11,50.73,87.69,45.88,-43.54,6.52,2.16
Harsh Acceleration,0,33.77,44.33,35.97,66.53,-10.67,48.65,53.32
Harsh Acceleration,0,32.08,38.85,42.45,76.25,-23.14,81.67,49.22
Battery Under Voltage,1,38.36,47.14,56.01,47.27,-32.1,10.95,11.73
Deep Discharge Warning,1,50.8,64.21,74.96,47.52,-50.76,10.81,5.3
Low SoC,1,31.68,47.73,56.13,45.91,-23.55,5.47,11.14
Harsh Braking,0,29.64,40.2,49.09,79.17,-12.79,92.71,10.5
Low SoC,1,50.72,58.32,72.84,50.7,-18.36,15.49,10.25
Harsh Cornering,0,30.75,36.58,44.25,72.52,-4.0,71.65,53.57
Battery Under Voltage,1,40.32,56.39,69.64,47.38,-48.52,4.74,5.82
Harsh Braking,0,33.16,39.78,52.53,63.32,-3.8,40.38,30.0
Battery Under Voltage,1,30.01,44.25,58.86,45.27,-15.21,3.93,0.3
Thermal Overheat Surge,1,45.93,57.7,81.56,46.76,-58.35,2.39,11.34
Harsh Acceleration,0,35.08,41.75,50.69,69.86,-10.49,68.15,24.54
Harsh Acceleration,0,28.06,35.22,47.03,70.16,-20.39,63.37,36.15
Battery Under Voltage,1,45.98,62.53,81.92,47.75,-72.03,4.06,25.63
Harsh Cornering,0,32.05,44.32,44.78,64.13,-6.24,42.12,9.17
OverSpeed,0,36.48,42.77,45.0,75.77,-20.79,86.24,22.97
Deep Discharge Warning,1,51.13,57.53,75.44,48.67,-42.98,16.06,2.23
Harsh Cornering,0,32.62,36.81,41.51,75.58,-6.95,85.27,13.33
Harsh Braking,0,35.55,43.05,47.55,73.51,-10.62,75.17,31.29
Harsh Braking,0,26.17,35.5,38.86,76.35,-16.97,86.0,39.31
Harsh Braking,0,27.87,38.29,37.58,71.39,-18.69,75.42,31.01
Harsh Acceleration,0,30.69,36.44,45.41,63.02,-12.69,41.13,43.16
Deep Discharge Warning,1,43.33,57.53,81.93,47.47,-11.55,9.18,21.74
OverSpeed,0,30.95,36.78,31.96,66.66,-14.58,51.9,23.82
OverSpeed,0,29.46,32.13,42.92,63.32,3.47,42.24,0.91
Harsh Braking,0,31.39,37.18,43.04,77.66,-18.39,90.87,19.45
Deep Discharge Warning,1,41.56,55.25,71.74,45.74,-40.31,1.12,16.39
Deep Discharge Warning,1,32.77,48.2,61.75,47.39,-37.91,13.63,2.42
Consecutive Fast Charging,1,39.8,56.38,68.89,48.03,-46.77,14.85,6.12
Harsh Acceleration,0,25.45,27.86,43.03,76.82,-21.0,93.48,9.4
Consecutive Fast Charging,1,45.42,60.03,65.13,46.89,-26.79,8.39,6.31
Consecutive Fast Charging,1,36.42,49.01,60.76,49.13,-44.77,7.59,32.83
Harsh Braking,0,36.02,46.08,42.55,65.47,-11.62,46.32,23.59
Harsh Acceleration,0,28.07,38.51,38.74,76.12,-9.16,83.17,54.22
Battery Under Voltage,1,36.7,47.83,46.67,46.01,-42.1,1.09,10.21
Consecutive Fast Charging,1,41.84,48.89,64.38,47.78,-47.4,9.85,6.62
Harsh Acceleration,0,26.22,29.09,37.36,66.03,-16.89,50.44,15.76
Deep Discharge Warning,1,46.79,56.66,86.21,48.53,-28.22,5.51,1.18
Deep Discharge Warning,1,44.96,56.14,71.7,44.8,-19.97,5.16,1.16
Harsh Acceleration,0,23.1,27.76,46.28,70.99,-35.22,66.66,37.16
Battery Under Voltage,1,39.79,52.44,67.12,46.42,-59.86,15.25,32.42
Harsh Cornering,0,27.43,32.38,46.76,76.31,3.59,90.78,46.0
Harsh Acceleration,0,26.3,27.25,40.5,71.29,-38.49,67.0,25.98
Deep Discharge Warning,1,44.79,60.12,56.07,47.85,-55.91,12.21,2.02
Harsh Acceleration,0,38.73,45.48,51.08,63.84,-30.58,42.53,23.63
Low SoC,1,61.01,76.44,70.27,45.92,-49.48,13.35,0.09
Battery Under Voltage,1,46.35,62.76,82.15,44.3,-66.17,0.91,19.86
Harsh Acceleration,0,25.18,28.97,35.06,78.3,-21.9,96.57,44.11
Harsh Acceleration,0,32.46,36.87,45.26,69.12,-12.76,62.2,30.77
Battery Under Voltage,1,27.06,32.36,58.49,45.76,-43.07,8.78,2.53
Harsh Acceleration,0,35.76,38.84,51.14,74.11,-9.85,77.92,43.67
Harsh Cornering,0,29.24,37.13,54.93,67.34,-25.18,56.14,36.76
Harsh Braking,0,27.42,31.6,41.05,75.53,-12.37,81.89,20.53
Harsh Acceleration,0,37.71,45.48,43.77,66.77,-15.46,49.14,43.04
Harsh Acceleration,0,24.51,29.14,38.74,74.56,-4.81,83.93,28.86
Harsh Braking,0,29.2,31.76,40.29,63.4,-2.63,41.31,28.94
Harsh Acceleration,0,34.28,43.34,54.35,63.25,-43.18,41.02,18.78
Low SoC,1,46.36,62.91,59.63,45.44,-60.14,4.96,22.05
Harsh Braking,0,26.42,34.19,29.96,78.26,-13.95,90.4,17.85
Harsh Braking,0,31.97,42.99,49.89,68.89,-14.45,57.67,42.62
Low SoC,1,47.19,61.2,79.39,43.95,-35.11,7.73,33.16
Deep Discharge Warning,1,45.67,60.65,70.25,46.61,-50.35,4.86,1.45
Harsh Braking,0,31.08,41.29,37.57,78.41,-6.31,96.45,31.99
Harsh Acceleration,0,27.47,33.82,40.63,68.39,-10.95,63.75,29.6
Harsh Braking,0,27.22,31.16,49.08,74.93,-19.42,83.14,31.17
Harsh Cornering,0,27.82,33.1,44.08,75.56,-16.19,83.91,27.42
Deep Discharge Warning,1,43.96,54.97,76.38,46.13,-33.87,6.38,22.72
Harsh Braking,0,32.56,35.36,49.76,71.14,8.77,68.21,47.65
Deep Discharge Warning,1,32.68,46.93,61.78,47.12,-43.81,10.75,10.57
Consecutive Fast Charging,1,29.49,41.86,59.45,49.89,-30.1,15.76,1.67
Low SoC,1,39.44,47.99,66.03,49.46,-50.44,15.28,57.93
Deep Discharge Warning,1,29.58,39.26,56.71,42.04,-38.51,5.46,40.37
Deep Discharge Warning,1,37.98,49.7,60.16,44.68,-51.66,1.54,0.6
Harsh Acceleration,0,36.19,40.73,35.71,65.38,-18.65,51.18,1.3
Harsh Acceleration,0,28.38,32.61,43.4,79.15,-10.26,93.52,16.47
Harsh Acceleration,0,31.08,34.43,40.67,74.24,-18.13,80.01,28.71
Harsh Acceleration,0,24.89,30.04,34.99,71.81,0.11,74.92,37.21
Thermal Overheat Surge,1,44.97,50.45,70.26,45.7,-54.51,10.86,5.12
Low SoC,1,53.88,64.99,70.6,46.46,-28.11,5.56,11.35
Harsh Braking,0,34.18,39.24,52.03,73.8,-10.1,74.68,31.59
Deep Discharge Warning,1,31.63,42.7,54.65,47.77,-75.09,13.09,19.9
Battery Under Voltage,1,23.02,39.4,55.58,47.25,-37.91,7.9,7.79
Low SoC,1,35.67,57.95,66.71,47.16,-48.19,7.78,2.87
Battery Under Voltage,1,31.63,42.47,73.37,47.04,-72.75,6.16,6.33
Harsh Braking,0,31.12,32.91,40.72,64.67,-0.48,46.3,32.85
Low SoC,1,34.74,45.82,42.24,45.56,-58.72,2.1,15.84
Harsh Acceleration,0,21.66,26.38,38.42,75.85,-17.62,78.67,31.55
OverSpeed,0,30.32,35.43,37.94,78.77,-4.51,93.77,27.94
Harsh Braking,0,27.37,40.88,33.38,67.17,-11.75,58.57,15.15
Harsh Braking,0,35.76,41.31,45.09,77.38,-24.46,91.61,37.52
Low SoC,1,44.71,54.58,67.46,48.31,-13.94,11.0,17.81
Harsh Acceleration,0,33.52,37.34,44.04,69.72,-21.69,55.6,29.55
Battery Under Voltage,1,55.44,66.63,73.55,46.18,-70.05,5.54,0.63
OverSpeed,0,37.03,47.98,47.87,78.38,-15.43,94.35,31.42
Deep Discharge Warning,1,50.21,51.6,79.39,49.01,-73.69,13.99,19.15
OverSpeed,0,25.55,27.07,33.44,78.41,-2.28,86.78,16.33
Harsh Braking,0,26.5,32.84,36.54,75.5,-4.89,88.12,28.91
Harsh Braking,0,22.58,26.05,30.52,77.03,-4.04,94.65,50.75
Harsh Braking,0,30.13,37.85,39.99,70.08,-17.18,68.67,31.23
Consecutive Fast Charging,1,51.25,69.75,74.14,46.53,-63.9,10.65,11.35
Harsh Acceleration,0,28.44,34.06,35.46,73.02,-12.86,71.91,39.1
Harsh Acceleration,0,32.4,39.64,41.57,64.81,-20.94,45.42,25.12
Harsh Acceleration,0,30.72,34.57,43.64,70.8,-7.81,69.92,40.11
Harsh Cornering,0,22.59,27.55,33.47,76.33,-21.82,86.99,23.55
Battery Under Voltage,1,46.74,56.75,68.89,42.78,-59.48,3.77,33.87
OverSpeed,0,36.68,44.03,56.13,73.69,-12.4,78.43,28.29
Harsh Braking,0,33.42,40.38,45.39,78.33,-2.73,92.81,26.52
OverSpeed,0,28.28,32.26,41.13,65.91,-20.82,53.29,47.78
Harsh Braking,0,25.77,33.29,40.1,64.57,-21.67,47.41,25.86
Thermal Overheat Surge,1,36.2,52.97,68.85,43.57,-51.19,3.86,17.31
Harsh Acceleration,0,30.56,35.89,40.1,67.7,-10.29,56.04,44.39
OverSpeed,0,38.39,45.3,51.95,70.25,-23.2,65.47,16.72
Deep Discharge Warning,1,25.06,38.23,51.56,45.54,-32.38,7.12,3.63
Harsh Acceleration,0,29.64,35.99,37.67,66.97,-19.32,59.88,10.34
Harsh Braking,0,27.31,27.16,27.7,76.42,-9.43,88.87,35.83
Harsh Braking,0,36.2,41.55,46.52,68.04,-0.08,56.69,55.6
Harsh Braking,0,29.11,32.84,41.99,65.97,-7.77,53.8,30.11
Harsh Braking,0,41.86,48.18,47.7,75.31,-14.19,81.28,16.37
Deep Discharge Warning,1,48.44,59.31,75.83,47.5,-27.46,8.7,0.85
Harsh Cornering,0,31.8,35.92,53.78,75.78,-14.11,82.39,14.58
Deep Discharge Warning,1,45.04,57.62,65.61,43.71,-48.58,0.85,12.01
OverSpeed,0,33.6,40.02,43.86,72.62,-19.34,77.02,29.72
Harsh Cornering,0,38.78,46.22,51.63,64.66,-14.69,41.77,60.19
Harsh Braking,0,24.64,34.58,27.25,76.18,-32.2,83.42,32.48
Battery Under Voltage,1,39.47,47.7,69.53,46.27,-44.22,2.58,15.76
Low SoC,1,67.59,81.3,87.97,45.3,-54.65,0.48,9.03
Harsh Braking,0,33.63,38.6,47.52,75.12,6.51,84.73,42.68
Deep Discharge Warning,1,39.8,54.54,72.52,44.43,-36.24,2.05,1.96
Battery Under Voltage,1,39.88,49.21,73.2,47.81,-32.62,11.78,1.99
Harsh Braking,0,33.51,38.76,47.43,75.48,-20.54,85.27,30.14
Deep Discharge Warning,1,34.87,39.26,57.49,45.85,-53.38,5.26,32.86
Low SoC,1,47.86,63.96,65.64,46.11,-55.89,8.71,23.97
Low SoC,1,47.8,58.7,55.76,49.46,-57.02,18.86,14.04
Deep Discharge Warning,1,28.22,44.25,47.16,47.55,-38.9,18.35,2.73
Battery Under Voltage,1,43.01,56.24,79.76,47.82,-45.1,4.58,7.23
Low SoC,1,53.07,61.88,76.49,46.41,-48.07,7.29,21.0
Harsh Cornering,0,26.22,33.3,35.94,74.07,-12.85,81.52,57.64
Harsh Acceleration,0,28.47,33.19,45.32,76.82,-14.68,89.98,26.01
Deep Discharge Warning,1,35.24,47.18,46.55,44.86,-41.34,4.5,2.06
Deep Discharge Warning,1,51.72,64.39,62.48,46.91,-55.41,2.94,11.49
Low SoC,1,28.95,45.33,46.56,48.2,-34.21,8.11,4.64
Harsh Cornering,0,27.31,34.59,42.93,70.57,5.54,65.85,43.22
Harsh Acceleration,0,31.55,36.1,41.32,70.5,-12.5,70.84,28.18
Harsh Acceleration,0,31.53,37.95,39.87,76.36,-20.8,87.48,29.58
Low SoC,1,61.14,70.13,81.54,47.6,-44.12,6.14,11.24
Harsh Acceleration,0,24.21,29.26,39.88,72.21,-24.2,75.93,44.52
Harsh Braking,0,29.84,39.09,51.13,64.42,-9.75,44.87,28.62
Harsh Acceleration,0,29.75,39.34,46.29,64.63,-20.62,44.81,33.58
Deep Discharge Warning,1,41.4,56.62,65.05,46.99,-60.72,9.87,15.82
Deep Discharge Warning,1,44.0,49.96,83.1,47.51,-56.13,20.98,47.51
Low SoC,1,32.89,39.08,48.68,46.06,-25.54,5.5,21.74
Deep Discharge Warning,1,44.42,59.56,60.45,45.81,-58.27,7.86,45.01
Harsh Acceleration,0,36.74,42.3,42.98,75.59,-11.36,85.47,45.31
Deep Discharge Warning,1,43.07,51.57,58.03,45.72,-49.99,9.13,23.4
Deep Discharge Warning,1,52.8,66.32,72.81,45.43,-41.83,9.74,15.96
Low SoC,1,41.08,54.39,63.68,47.57,-40.81,10.31,29.38
Battery Under Voltage,1,41.31,53.33,76.97,45.38,-53.16,5.56,5.45
Harsh Acceleration,0,36.74,41.95,50.61,73.07,-10.44,79.8,25.6
Low SoC,1,46.98,61.7,64.67,44.81,-37.58,2.56,17.0
Harsh Cornering,0,30.05,34.05,48.56,77.32,-15.43,87.68,37.33
Harsh Cornering,0,31.95,35.68,46.14,68.44,-33.74,57.55,25.39
Low SoC,1,34.17,44.53,55.95,47.62,-13.74,13.42,33.88
Deep Discharge Warning,1,46.67,60.24,72.14,46.75,-44.74,8.53,28.01
Battery Under Voltage,1,40.96,56.74,64.41,45.97,-50.95,2.33,0.5
Consecutive Fast Charging,1,45.49,59.03,75.11,48.33,-83.06,15.26,15.12
Battery Under Voltage,1,35.11,43.56,54.63,43.46,-40.29,2.26,10.13
OverSpeed,0,29.09,31.82,41.75,76.55,-25.13,89.68,48.83
Deep Discharge Warning,1,35.65,50.67,74.3,45.8,-17.82,3.36,6.41
Harsh Acceleration,0,29.79,35.03,46.12,79.17,-16.92,97.4,41.02
Thermal Overheat Surge,1,43.12,54.6,58.78,47.17,-43.14,11.54,1.08
Harsh Braking,0,26.45,32.44,35.77,68.4,-13.82,58.91,15.75
Harsh Cornering,0,31.33,38.5,45.4,65.65,-13.09,47.18,23.47
Consecutive Fast Charging,1,29.56,49.36,63.16,47.04,-33.91,9.64,70.39
OverSpeed,0,31.12,38.29,49.47,63.15,7.4,40.8,30.93
Harsh Cornering,0,28.48,34.12,41.63,78.65,1.71,93.66,24.12
Harsh Braking,0,24.56,28.25,44.84,67.65,-15.62,55.19,33.92
Harsh Acceleration,0,29.98,39.24,46.38,66.39,1.82,52.56,22.9
Harsh Braking,0,31.35,41.05,44.02,68.61,-22.53,56.35,26.92
Battery Under Voltage,1,48.12,56.81,86.04,44.89,-76.29,2.26,7.64
Harsh Braking,0,23.85,26.17,42.6,65.78,-1.29,47.51,37.13
Deep Discharge Warning,1,38.53,47.16,75.52,46.81,-45.29,2.5,8.91
OverSpeed,0,25.22,30.62,38.13,65.08,-18.59,44.75,36.31
Harsh Braking,0,37.21,42.17,42.56,72.41,-18.88,76.0,0.64
OverSpeed,0,29.35,36.96,27.66,68.55,-14.61,54.81,43.0
Harsh Braking,0,36.38,45.42,55.55,76.56,-23.88,84.6,32.99
Harsh Braking,0,30.74,36.27,41.37,73.73,-20.96,77.33,3.0
Deep Discharge Warning,1,46.8,61.58,71.69,43.87,-29.57,4.82,2.78
Harsh Braking,0,39.02,45.49,57.51,73.61,-10.05,76.49,29.62
Deep Discharge Warning,1,47.2,58.53,68.71,47.57,-55.19,12.21,29.34
OverSpeed,0,24.91,30.3,39.38,75.96,-3.24,84.02,32.89
Low SoC,1,44.02,54.81,78.74,44.67,-48.54,5.44,2.47
Battery Under Voltage,1,47.99,53.09,75.0,47.28,-64.28,6.26,15.62
Battery Under Voltage,1,35.8,52.09,73.32,50.24,-50.18,11.85,8.64
Battery Under Voltage,1,53.51,70.3,80.34,45.74,-42.57,6.84,6.19
Harsh Acceleration,0,30.33,36.68,36.36,64.76,1.58,44.5,31.53
Harsh Braking,0,31.06,40.3,43.99,73.33,-18.04,75.17,50.54
OverSpeed,0,30.37,40.04,47.3,70.77,-21.27,69.97,54.21
Deep Discharge Warning,1,43.91,58.65,57.0,48.35,-18.78,15.92,12.91
Deep Discharge Warning,1,47.94,54.46,68.44,45.07,-53.32,6.63,16.13
Harsh Cornering,0,31.21,38.02,39.82,68.95,-23.4,59.81,1.09
Harsh Acceleration,0,27.92,31.99,39.52,71.24,-13.97,68.92,32.95
Deep Discharge Warning,1,48.68,59.58,69.83,46.73,-18.49,4.99,23.74
Harsh Braking,0,22.42,24.95,38.42,63.06,-18.05,42.15,39.53
Battery Under Voltage,1,50.57,74.27,74.38,49.24,-87.38,10.18,48.39
Harsh Braking,0,27.86,35.12,48.85,77.66,-10.77,93.16,25.16
Harsh Acceleration,0,31.52,38.24,33.78,78.08,-10.8,96.54,14.32
Harsh Acceleration,0,27.02,31.28,38.56,73.43,-19.14,76.53,28.91
Harsh Acceleration,0,33.29,43.17,45.56,78.47,-6.65,95.82,36.07
Harsh Cornering,0,25.04,29.23,38.7,65.08,-20.05,46.26,17.27
Harsh Braking,0,38.17,45.07,57.67,70.75,-17.25,67.02,27.85
Harsh Braking,0,29.91,37.42,36.44,68.83,-15.11,56.48,20.41
Battery Under Voltage,1,49.64,60.21,71.91,47.61,-72.34,11.33,0.21
OverSpeed,0,26.59,30.53,42.25,70.66,-22.74,66.21,48.43
Battery Under Voltage,1,32.0,52.83,58.95,46.66,-69.81,1.55,17.43
Low SoC,1,41.46,57.22,65.38,43.61,-52.67,2.72,15.15
Deep Discharge Warning,1,47.19,63.66,70.22,44.24,-40.63,3.94,14.07
Low SoC,1,46.58,59.25,72.51,42.93,-43.15,2.96,54.23
Harsh Cornering,0,30.39,34.05,38.6,76.52,-11.77,86.33,34.02
Harsh Cornering,0,30.07,35.62,43.09,70.93,-12.98,68.15,49.67
Deep Discharge Warning,1,34.22,43.71,52.98,44.84,-46.07,2.45,8.44
Deep Discharge Warning,1,39.54,54.16,60.0,45.23,-52.96,2.79,9.84
Low SoC,1,25.56,43.19,55.25,47.58,-61.87,10.34,4.53
Harsh Braking,0,40.91,46.57,44.11,72.13,-19.38,74.26,35.22
Low SoC,1,42.7,55.52,78.72,47.66,-41.42,4.11,21.36
OverSpeed,0,33.23,44.03,39.33,71.1,-12.73,64.4,44.14
Harsh Acceleration,0,27.43,36.14,41.56,70.71,-32.05,61.26,22.47
Harsh Cornering,0,28.96,37.85,37.25,74.16,-8.49,81.85,48.69
OverSpeed,0,27.61,34.23,42.86,66.38,-6.06,55.22,29.32
Harsh Cornering,0,32.19,34.83,39.16,69.92,-11.58,56.59,55.34
Deep Discharge Warning,1,29.04,42.38,73.01,47.39,-19.58,18.24,27.63
Battery Under Voltage,1,44.44,58.04,76.62,45.38,-42.48,10.79,9.52
Low SoC,1,51.5,63.2,66.62,47.33,-51.33,7.82,26.95
Battery Under Voltage,1,50.53,57.96,79.39,47.78,-39.09,21.44,46.8
Low SoC,1,52.55,65.13,77.69,47.63,-50.58,7.43,1.86
Deep Discharge Warning,1,41.15,49.84,52.69,48.9,-42.94,5.31,15.75
Harsh Acceleration,0,29.73,33.88,50.25,65.06,-18.74,46.82,35.08
Battery Under Voltage,1,37.65,47.84,56.66,48.96,-60.82,16.7,15.26
Deep Discharge Warning,1,47.74,54.88,84.62,47.16,-42.48,6.58,34.04
Harsh Braking,0,29.45,33.96,45.1,75.85,-17.52,82.27,38.12
Low SoC,1,40.33,50.34,48.78,47.42,-47.4,4.98,39.46
OverSpeed,0,31.33,36.04,49.29,75.37,-30.78,81.56,19.14
Harsh Acceleration,0,31.7,39.9,50.96,68.62,-5.68,56.03,13.43
OverSpeed,0,28.3,37.16,43.13,76.45,-13.77,83.4,38.04
Battery Under Voltage,1,36.78,45.91,62.74,46.56,-56.59,6.86,12.46
OverSpeed,0,28.99,35.45,39.36,75.22,-15.91,80.22,32.56
Harsh Braking,0,27.63,30.8,35.7,73.67,-33.1,77.69,27.04
Deep Discharge Warning,1,56.87,68.61,80.2,45.71,-45.9,1.61,32.85
Low SoC,1,44.04,57.53,71.08,43.94,-58.14,4.85,10.4
Harsh Cornering,0,31.77,39.92,37.43,71.47,-25.8,73.86,23.03
Battery Under Voltage,1,39.66,57.9,86.98,46.23,-29.65,0.52,8.91
Consecutive Fast Charging,1,35.01,44.53,62.41,48.83,-13.38,20.11,2.63
Deep Discharge Warning,1,51.16,66.52,82.76,46.32,-60.06,4.98,1.6
Battery Under Voltage,1,44.0,52.64,75.65,45.15,-27.62,4.49,1.18
Harsh Acceleration,0,29.18,37.83,42.51,66.87,-15.35,57.7,51.17
Harsh Braking,0,36.06,46.67,45.83,72.21,-19.8,72.83,32.91
OverSpeed,0,30.81,36.48,43.38,77.27,-16.49,84.23,44.6
Harsh Acceleration,0,30.06,36.0,40.06,64.75,-20.81,48.49,52.35
Battery Under Voltage,1,40.41,51.02,67.8,48.33,-29.74,15.15,47.38
Low SoC,1,34.43,49.64,56.92,46.15,-9.41,4.21,8.29
Low SoC,1,35.22,51.42,63.2,47.49,-48.96,6.16,6.59
Harsh Braking,0,30.09,36.35,46.77,70.65,-13.81,63.18,26.15
Consecutive Fast Charging,1,44.05,51.6,67.85,44.03,-30.7,4.74,7.77
Consecutive Fast Charging,1,43.92,53.75,62.19,45.49,-57.57,4.81,46.18
Low SoC,1,30.83,43.93,47.9,45.44,-58.5,4.41,11.49
Low SoC,1,36.81,40.85,53.87,46.28,-40.53,9.08,6.37
Harsh Braking,0,27.35,30.75,41.41,74.05,-11.92,74.91,32.87
Harsh Braking,0,34.54,41.38,48.01,77.2,-20.14,89.25,38.48
Harsh Acceleration,0,23.29,32.74,34.73,77.22,-8.34,86.35,15.14
Harsh Braking,0,32.48,44.23,47.19,76.8,-12.12,82.01,18.05
Harsh Braking,0,36.49,41.04,49.39,72.88,-4.75,72.52,42.06
Deep Discharge Warning,1,32.28,44.53,50.72,45.13,-43.73,3.11,6.23
Deep Discharge Warning,1,38.19,56.38,59.73,49.13,-46.63,12.06,11.36
Battery Under Voltage,1,33.47,42.88,49.63,46.92,-68.12,17.79,9.47
Deep Discharge Warning,1,31.79,43.71,56.85,47.38,-52.7,6.98,21.44
Harsh Cornering,0,31.88,36.05,39.54,68.56,-17.9,64.03,41.64
Harsh Cornering,0,37.52,45.64,50.94,74.45,-21.43,80.76,26.98
Battery Under Voltage,1,43.43,61.42,72.04,44.49,-46.65,2.15,4.95
Deep Discharge Warning,1,42.48,59.09,84.18,49.75,-36.43,21.53,5.71
Low SoC,1,43.95,60.87,80.3,44.49,-38.11,7.75,14.17
Low SoC,1,53.85,69.31,80.4,45.85,-51.41,7.28,26.41
Consecutive Fast Charging,1,41.83,51.09,68.88,46.7,-58.64,11.57,5.56
Harsh Acceleration,0,33.01,42.01,39.15,71.01,-10.11,67.1,23.98
Low SoC,1,42.63,53.19,76.03,48.52,-30.17,12.89,72.54
Harsh Acceleration,0,29.91,31.3,44.95,77.39,-13.07,96.02,43.6
Deep Discharge Warning,1,33.31,48.44,51.67,45.69,-74.64,7.82,1.32
Harsh Braking,0,28.73,34.84,40.98,77.79,-6.87,92.53,46.73
Low SoC,1,36.94,48.74,63.94,51.79,-53.09,22.62,6.92
Harsh Braking,0,36.26,45.67,53.37,78.15,-17.67,94.65,43.53
Harsh Acceleration,0,35.67,40.79,53.12,71.95,-35.67,70.56,27.36
Harsh Acceleration,0,24.19,31.72,34.34,70.36,-8.35,66.83,26.27
Harsh Braking,0,25.81,27.69,36.7,65.5,-15.77,47.19,21.3
Consecutive Fast Charging,1,38.25,46.55,50.78,46.24,-33.03,4.4,16.23
Low SoC,1,46.54,62.4,56.65,46.62,-43.88,7.56,15.75
Low SoC,1,36.1,47.74,68.12,45.63,-47.33,12.52,1.78
Harsh Braking,0,27.55,35.38,44.39,69.2,-23.94,65.06,57.52
Low SoC,1,30.38,40.29,52.31,46.34,-39.69,7.83,28.31
Harsh Braking,0,23.54,32.54,39.87,67.18,-10.43,53.78,34.5
Thermal Overheat Surge,1,42.37,56.73,68.86,43.6,-48.02,4.22,12.06
OverSpeed,0,32.62,39.44,44.67,71.92,-17.58,76.92,63.97
Deep Discharge Warning,1,26.93,37.44,55.34,47.29,-57.8,18.0,3.71
Consecutive Fast Charging,1,44.0,49.56,81.49,46.57,-62.07,2.5,13.04
Thermal Overheat Surge,1,50.22,64.22,80.48,48.24,-61.24,4.17,0.23
Harsh Cornering,0,24.0,30.08,38.33,66.74,-28.85,48.88,23.26
Low SoC,1,32.8,44.26,54.48,44.73,-45.07,0.85,0.73
Consecutive Fast Charging,1,43.86,51.28,65.19,50.89,-36.87,17.99,0.58
Deep Discharge Warning,1,47.76,61.7,62.66,49.35,-40.24,12.64,22.58
Low SoC,1,44.78,66.77,69.24,47.38,-53.46,18.01,2.32
Harsh Acceleration,0,28.7,36.1,39.1,66.63,-16.25,53.94,39.94
Low SoC,1,39.74,51.62,51.91,47.1,-29.86,9.08,3.62
OverSpeed,0,33.41,40.2,35.55,77.96,-7.26,97.97,31.01
OverSpeed,0,27.09,33.22,43.15,73.68,0.16,81.29,15.03
Low SoC,1,32.34,42.05,63.61,45.13,-44.58,3.57,3.38
Battery Under Voltage,1,41.71,59.51,79.53,45.64,-46.62,0.39,3.8
Deep Discharge Warning,1,41.44,54.18,78.17,46.4,-45.54,7.32,3.06
Harsh Braking,0,31.89,35.24,48.66,68.04,-8.87,54.36,36.34
Deep Discharge Warning,1,36.04,50.0,42.64,46.5,-21.67,7.49,14.16
Deep Discharge Warning,1,34.16,41.38,64.43,46.71,-58.34,6.25,12.25
Low SoC,1,39.18,54.69,70.77,45.24,-50.97,1.98,0.77
Deep Discharge Warning,1,57.66,71.21,98.81,46.06,-61.73,4.37,2.12
Harsh Braking,0,32.38,38.57,47.47,76.96,-25.02,83.57,28.33
Battery Under Voltage,1,38.4,53.7,72.6,46.82,-51.29,8.66,9.07
Harsh Cornering,0,29.6,35.73,44.61,67.51,-10.23,56.54,44.54
Deep Discharge Warning,1,45.53,57.53,74.52,45.13,-33.88,2.85,4.59
Harsh Acceleration,0,43.63,45.86,62.01,79.7,-11.62,96.19,45.19
Harsh Cornering,0,35.09,37.97,56.33,69.05,-10.19,60.25,23.7
Harsh Acceleration,0,31.63,38.78,43.21,75.92,-3.67,84.53,35.88
Low SoC,1,40.65,56.56,64.63,50.66,-58.81,21.25,2.61
Battery Under Voltage,1,38.92,50.18,78.08,48.51,-49.28,14.15,21.1
Deep Discharge Warning,1,52.31,55.76,76.03,46.55,-53.75,1.87,1.83
Low SoC,1,42.86,56.18,64.79,46.69,-43.88,5.07,1.38
Low SoC,1,31.67,39.26,53.63,46.7,-42.62,7.4,5.94
Battery Under Voltage,1,37.47,53.91,54.02,45.93,-54.95,9.1,15.34
Deep Discharge Warning,1,41.27,55.76,64.54,46.42,-45.4,9.05,10.0
Harsh Acceleration,0,26.0,33.34,36.04,80.29,-0.52,95.2,47.9
Low SoC,1,44.06,59.53,83.82,45.43,-44.3,2.07,0.36
Harsh Cornering,0,32.36,35.95,54.36,66.22,-7.67,46.71,20.43
Harsh Braking,0,35.68,43.76,41.33,76.76,-18.31,89.33,18.9
Low SoC,1,33.34,48.35,63.77,46.1,-43.21,2.6,20.78
Harsh Cornering,0,35.21,40.26,45.91,77.99,-25.29,91.46,39.77
Harsh Braking,0,33.56,40.44,44.53,69.84,-15.51,66.06,36.85
Harsh Braking,0,25.02,29.0,36.02,73.16,-20.41,78.77,20.24
Harsh Acceleration,0,25.93,33.9,35.18,71.95,-12.81,67.76,27.98
Battery Under Voltage,1,42.98,59.49,59.7,47.53,-50.55,16.6,7.46
Low SoC,1,48.53,61.95,76.37,47.17,-34.88,12.44,6.58
Harsh Acceleration,0,34.4,40.41,46.16,68.48,2.02,58.5,24.48
Battery Under Voltage,1,48.52,62.28,82.91,47.21,-33.69,1.6,19.52
Low SoC,1,54.09,68.16,77.9,47.52,-34.81,7.01,7.82
Consecutive Fast Charging,1,37.49,45.66,65.57,46.45,-45.54,4.85,18.72
Deep Discharge Warning,1,43.31,50.16,59.2,45.47,-40.41,6.24,4.81
Battery Under Voltage,1,51.06,65.84,80.71,45.66,-62.43,9.96,2.97
Low SoC,1,38.51,44.79,77.26,46.01,-33.76,6.49,7.92
Low SoC,1,47.17,52.54,74.84,44.57,-49.93,0.65,13.0
Harsh Cornering,0,31.05,34.97,40.18,68.81,-18.01,57.77,42.42
Harsh Braking,0,30.41,33.86,39.28,75.29,-22.09,79.53,14.76
Low SoC,1,36.24,44.12,57.82,43.3,-46.34,7.48,11.61
Deep Discharge Warning,1,39.99,47.43,63.5,48.23,-40.94,5.17,9.47
Deep Discharge Warning,1,43.65,49.55,67.14,47.66,-68.87,14.52,5.19
Consecutive Fast Charging,1,58.7,69.41,79.57,47.78,-56.73,4.47,3.24
Thermal Overheat Surge,1,36.64,49.87,59.93,45.9,-8.55,5.96,30.52
Low SoC,1,56.31,68.5,85.55,49.33,-54.21,24.2,59.23
Deep Discharge Warning,1,33.95,49.97,57.47,49.95,-34.16,26.63,27.76
Battery Under Voltage,1,30.52,36.89,60.81,48.45,-20.61,13.9,16.82
Consecutive Fast Charging,1,38.96,51.66,67.96,47.49,-48.93,11.73,0.07
Harsh Acceleration,0,21.99,24.06,42.63,78.57,3.87,97.9,14.68
Harsh Braking,0,28.29,37.0,43.5,76.17,-15.96,84.86,56.3
Deep Discharge Warning,1,57.44,72.82,82.01,47.82,-43.82,7.66,2.76
OverSpeed,0,30.62,34.95,40.33,72.37,-6.78,75.15,48.53
Harsh Acceleration,0,33.45,36.51,46.66,68.86,-28.28,56.02,19.68
Low SoC,1,24.25,40.96,45.33,47.78,-49.76,7.73,4.2
Harsh Braking,0,29.35,32.37,38.44,65.57,-16.14,47.55,19.16
Harsh Braking,0,29.4,39.93,43.44,72.57,-21.09,75.75,26.7
OverSpeed,0,35.96,45.53,41.91,63.86,-6.42,43.27,22.99
Harsh Acceleration,0,38.49,48.18,48.11,64.66,-4.57,48.14,47.96
Harsh Braking,0,28.1,35.23,38.08,68.85,6.46,64.5,26.93
Harsh Cornering,0,25.37,36.04,27.0,74.11,-17.82,81.23,48.75
Harsh Braking,0,24.34,26.05,29.78,78.0,-36.41,95.75,21.02
Deep Discharge Warning,1,55.83,64.74,76.18,49.39,-58.75,15.66,55.87
Deep Discharge Warning,1,42.28,53.13,66.06,45.21,-70.28,12.92,22.41
Harsh Acceleration,0,31.69,36.59,46.73,66.2,-27.84,52.04,43.27
Harsh Acceleration,0,28.22,35.54,36.51,63.49,-9.8,44.71,46.92
Harsh Acceleration,0,31.73,36.61,44.0,68.48,-11.1,55.02,54.74
Harsh Acceleration,0,29.47,33.69,50.84,79.53,-19.55,96.96,18.42
Harsh Acceleration,0,30.47,37.43,39.55,78.12,-25.38,95.9,9.46
Harsh Acceleration,0,33.32,36.91,41.02,70.28,-26.66,66.05,27.13
Low SoC,1,39.51,57.15,54.28,44.48,-40.18,6.01,13.56
Harsh Acceleration,0,32.83,38.97,45.54,75.98,-22.5,89.39,29.13
OverSpeed,0,38.94,42.95,43.76,77.2,-10.62,85.99,41.75
Deep Discharge Warning,1,40.66,46.68,68.57,47.73,-23.06,6.81,7.99
Battery Under Voltage,1,34.14,42.94,41.32,46.92,-40.36,6.55,1.74
OverSpeed,0,25.72,29.85,34.2,69.76,-25.91,62.27,24.22
OverSpeed,0,26.86,34.71,37.89,63.11,-17.3,44.27,34.55
Harsh Cornering,0,32.53,40.78,46.09,64.99,-6.58,47.14,26.74
Low SoC,1,40.65,52.22,79.99,47.19,-38.59,13.34,44.44
Low SoC,1,57.68,75.13,78.94,46.8,-55.11,5.58,48.62
Low SoC,1,45.94,59.12,64.94,47.11,-34.18,6.13,0.77
Deep Discharge Warning,1,33.15,45.07,53.88,46.32,-62.92,4.47,11.36
Deep Discharge Warning,1,28.38,40.98,40.67,47.11,-39.92,11.34,1.0
OverSpeed,0,25.72,28.66,36.4,72.83,-5.67,73.51,52.87
Harsh Acceleration,0,31.58,41.59,48.85,69.21,5.61,61.35,59.2
Deep Discharge Warning,1,55.94,66.29,73.88,44.15,-23.42,3.24,18.21
Low SoC,1,55.91,58.34,78.64,46.75,-55.89,12.54,30.7
Low SoC,1,48.88,61.39,85.12,45.89,-16.03,9.47,5.27
Battery Under Voltage,1,40.86,53.52,72.45,47.33,-62.43,8.42,26.95
Harsh Acceleration,0,27.25,31.11,43.12,76.05,-26.91,84.15,57.06
Harsh Braking,0,33.56,36.46,49.76,65.9,-10.48,51.62,34.73
Low SoC,1,36.83,41.88,68.57,49.41,-34.02,18.47,1.32
OverSpeed,0,33.43,38.85,47.97,74.94,-7.97,83.59,30.79
Harsh Braking,0,29.46,31.49,42.32,77.86,-29.55,91.56,31.58
Harsh Cornering,0,30.07,36.54,35.06,66.76,-27.38,47.78,31.41
Harsh Acceleration,0,33.72,37.32,49.43,79.03,-11.03,89.32,53.26
Consecutive Fast Charging,1,43.78,61.98,67.77,45.13,-50.69,5.83,28.98
Harsh Braking,0,25.9,31.28,23.9,72.03,-34.32,72.04,21.26
Harsh Cornering,0,30.45,35.69,47.26,63.49,-8.65,41.73,38.28
Battery Under Voltage,1,40.56,59.34,59.88,46.19,-56.58,6.6,13.81
Deep Discharge Warning,1,35.54,46.56,61.63,44.28,-73.91,0.82,16.19
Deep Discharge Warning,1,49.12,66.06,75.86,47.22,-24.91,3.07,11.81
Low SoC,1,46.03,62.78,63.66,45.86,-63.52,4.06,7.38
Harsh Cornering,0,28.2,33.31,41.73,69.4,-27.0,62.39,18.88
Harsh Acceleration,0,26.64,32.05,30.14,64.56,-9.26,46.96,21.79
Deep Discharge Warning,1,51.26,62.51,84.19,47.32,-71.5,2.12,28.58
Harsh Cornering,0,34.13,38.19,47.22,72.43,-19.28,74.45,36.08
Harsh Acceleration,0,34.19,37.31,45.07,73.29,-24.98,72.39,32.05
Deep Discharge Warning,1,29.66,44.25,56.43,47.84,-23.23,20.84,0.47
Harsh Acceleration,0,27.84,36.52,50.8,72.13,-31.59,72.15,53.64
Low SoC,1,40.16,45.5,57.43,45.14,-40.72,9.63,2.56
OverSpeed,0,33.04,36.83,38.67,68.89,-20.33,63.9,17.42
Harsh Cornering,0,28.13,36.17,40.17,65.2,-20.38,49.92,14.78
Harsh Braking,0,30.37,33.32,42.1,71.34,1.84,66.75,29.23
Deep Discharge Warning,1,40.74,50.79,59.12,44.86,-38.32,1.36,1.38
Harsh Cornering,0,27.92,32.59,47.14,70.99,-10.33,66.96,9.06
Battery Under Voltage,1,43.23,55.57,80.49,48.36,-40.53,13.93,1.13
Harsh Acceleration,0,30.69,43.28,47.43,79.09,-20.64,96.81,38.15
Deep Discharge Warning,1,33.95,52.58,55.4,47.1,-44.42,15.89,4.24
OverSpeed,0,27.36,31.04,29.09,77.33,-26.5,85.44,41.68
Harsh Cornering,0,32.16,38.17,39.53,72.46,-4.74,77.24,40.8
Battery Under Voltage,1,40.55,50.19,54.95,44.66,-60.64,9.41,3.6
Low SoC,1,54.76,68.76,74.6,45.03,-29.67,1.85,11.39
Harsh Acceleration,0,21.71,27.48,31.19,65.99,-16.52,52.1,47.41
Low SoC,1,57.1,69.45,72.49,44.72,-55.13,3.87,11.45
Deep Discharge Warning,1,43.68,59.15,78.1,45.61,-41.58,8.6,2.79
Harsh Acceleration,0,33.09,40.34,47.78,65.42,-12.56,48.14,30.26
Harsh Braking,0,27.29,33.58,43.4,67.66,-16.15,54.85,27.47
Deep Discharge Warning,1,43.06,54.62,65.31,45.33,-36.31,2.36,11.71
Deep Discharge Warning,1,34.01,48.63,54.26,47.77,-77.36,17.81,20.18
Consecutive Fast Charging,1,36.09,49.28,57.7,45.16,-27.56,16.92,14.29
Battery Under Voltage,1,49.12,60.11,66.96,49.85,-20.8,12.94,16.41
OverSpeed,0,22.0,24.13,22.29,77.63,-6.6,92.26,24.82
Deep Discharge Warning,1,40.79,50.91,75.19,47.56,-32.41,8.47,26.9
Harsh Acceleration,0,27.21,34.1,35.13,69.62,-4.42,63.52,51.77
Harsh Cornering,0,23.32,30.78,42.1,65.29,-21.65,48.7,30.84
Harsh Cornering,0,32.62,43.07,46.99,66.26,-19.98,49.35,36.57
Harsh Acceleration,0,31.98,36.32,41.63,68.61,-3.74,61.69,30.59
Harsh Braking,0,32.18,40.15,43.86,66.43,-10.47,53.73,13.48
Harsh Acceleration,0,29.77,33.12,51.44,67.21,-15.38,52.84,24.68
Thermal Overheat Surge,1,39.72,49.04,61.18,47.54,-49.4,13.15,6.93
Battery Under Voltage,1,57.03,66.88,83.12,46.82,-61.95,4.54,3.4
Deep Discharge Warning,1,50.03,57.71,78.72,45.0,-42.08,12.65,18.56
Harsh Acceleration,0,27.66,32.34,45.96,62.62,-15.25,41.65,60.23
Battery Under Voltage,1,36.82,49.66,54.61,50.48,-33.41,20.47,9.61
Harsh Braking,0,24.08,31.22,29.51,70.88,-9.63,67.93,20.57
Harsh Acceleration,0,33.84,38.6,41.32,72.52,-17.03,70.17,42.22
OverSpeed,0,30.27,36.06,36.42,74.54,-21.22,85.72,37.77
Harsh Acceleration,0,29.42,34.8,38.07,74.31,4.86,82.89,27.02
Deep Discharge Warning,1,51.78,67.27,66.11,48.33,-25.48,18.88,23.94
Consecutive Fast Charging,1,45.26,56.61,57.71,48.8,-21.8,9.02,25.56
Deep Discharge Warning,1,57.68,71.41,84.38,46.8,-64.61,8.79,13.07
Consecutive Fast Charging,1,37.9,49.86,55.59,47.21,-65.79,6.86,6.86
Low SoC,1,37.85,44.27,68.63,44.92,-39.08,2.54,33.49
Low SoC,1,26.88,33.62,60.24,42.76,-47.42,1.25,5.69
OverSpeed,0,28.8,36.91,47.49,73.15,-28.83,73.49,36.62
Harsh Braking,0,22.58,27.6,39.67,80.07,3.3,96.17,14.4
Deep Discharge Warning,1,34.18,46.58,59.33,47.56,-94.85,4.27,9.04
Consecutive Fast Charging,1,43.04,65.28,54.73,46.31,-40.42,7.9,12.25
Consecutive Fast Charging,1,32.47,41.7,51.96,45.31,-28.51,4.1,17.94
Harsh Braking,0,36.5,38.44,49.84,75.34,-8.28,78.56,23.29
Deep Discharge Warning,1,46.9,61.79,60.66,47.14,-34.19,16.03,27.18
Harsh Acceleration,0,25.58,30.44,37.2,77.61,-19.14,97.58,12.77
Deep Discharge Warning,1,34.26,55.49,50.53,46.38,-37.73,8.42,3.57
Battery Under Voltage,1,40.66,55.7,66.47,45.01,-68.88,4.41,19.37
Harsh Braking,0,25.62,32.09,35.22,68.47,-7.76,61.84,50.52
Harsh Acceleration,0,27.44,32.98,38.15,72.1,-18.3,69.56,32.24
Harsh Braking,0,31.74,32.1,44.06,62.74,-11.27,40.57,34.08
Harsh Acceleration,0,28.77,39.1,39.01,69.69,-20.99,64.06,38.16
Harsh Acceleration,0,26.08,32.35,26.3,65.63,-24.98,50.46,51.55
Harsh Acceleration,0,27.82,33.77,34.36,75.82,-19.66,83.11,25.25
Harsh Acceleration,0,34.61,40.55,47.46,66.9,-16.46,55.31,43.17
Harsh Acceleration,0,29.03,36.79,43.65,76.65,-18.01,85.81,28.1
Deep Discharge Warning,1,34.44,52.58,50.35,45.23,-27.9,1.25,3.59
Harsh Cornering,0,30.51,36.63,42.66,76.8,-3.75,85.24,43.05
Harsh Braking,0,31.97,36.46,38.09,77.11,-13.29,90.25,28.39
Deep Discharge Warning,1,35.42,43.68,68.89,46.65,-48.48,5.81,3.59
Harsh Braking,0,32.29,42.9,52.29,73.08,-2.05,77.18,52.51
Harsh Braking,0,28.57,37.01,38.02,76.42,-14.0,87.45,42.43
Deep Discharge Warning,1,24.69,38.87,46.72,45.68,-47.44,6.64,5.18
Deep Discharge Warning,1,40.78,58.38,55.32,46.93,-26.7,7.3,23.63
Low SoC,1,43.75,60.55,72.87,47.66,-52.31,6.24,13.51
Harsh Cornering,0,28.94,42.15,31.8,71.7,-27.27,69.16,23.1
Low SoC,1,48.73,55.22,87.81,46.67,-35.91,8.55,2.52
Low SoC,1,40.15,55.2,57.45,47.17,-23.49,10.39,6.04
OverSpeed,0,28.98,34.0,44.34,79.2,-14.46,94.46,43.53
Harsh Acceleration,0,32.34,39.66,55.56,71.5,-23.28,75.25,39.96
Deep Discharge Warning,1,33.08,44.06,65.47,45.02,-45.39,5.27,14.37
Deep Discharge Warning,1,42.41,53.22,57.62,45.65,-25.13,12.18,29.71
Thermal Overheat Surge,1,44.72,56.61,64.52,44.76,-35.38,5.82,3.76
Battery Under Voltage,1,42.55,51.93,66.69,47.31,-25.69,7.73,0.5
Deep Discharge Warning,1,36.52,44.7,50.81,45.05,-56.62,4.13,4.5
Low SoC,1,53.01,64.52,98.11,44.96,-89.81,4.32,13.01
Harsh Braking,0,32.88,36.83,41.14,75.5,-18.74,80.82,23.64
Deep Discharge Warning,1,43.58,54.84,70.91,45.07,-36.66,1.97,4.2
Harsh Acceleration,0,22.19,26.65,42.74,66.28,-1.19,52.3,45.29
Harsh Acceleration,0,21.42,26.55,28.93,72.02,-21.11,74.27,31.53
Deep Discharge Warning,1,53.07,66.72,74.32,49.19,-45.55,12.71,13.71
Harsh Acceleration,0,38.96,45.53,52.45,64.71,4.78,50.01,15.6
Harsh Braking,0,33.05,36.17,31.78,73.52,-20.77,73.89,23.9
Deep Discharge Warning,1,51.69,67.72,83.33,46.43,-54.73,4.6,1.87
Harsh Cornering,0,27.19,31.47,35.72,76.95,-21.91,86.41,35.75
Harsh Cornering,0,34.15,41.84,57.88,65.45,-12.94,49.35,25.48
Deep Discharge Warning,1,38.53,49.25,61.03,48.11,-55.47,13.89,41.88
Harsh Acceleration,0,24.02,28.13,35.66,69.0,-0.38,58.53,23.61
Deep Discharge Warning,1,45.02,56.64,63.14,46.13,-60.42,9.32,4.76
Deep Discharge Warning,1,40.81,57.43,61.93,46.4,-56.49,2.05,38.62
Consecutive Fast Charging,1,53.21,61.6,79.57,48.81,-46.56,15.73,7.23
Low SoC,1,30.6,44.7,58.67,47.04,-60.56,8.98,26.9
OverSpeed,0,29.37,39.12,42.75,64.47,-25.84,46.19,20.64
Deep Discharge Warning,1,44.58,55.3,78.46,45.95,-43.32,4.56,1.59
Battery Under Voltage,1,47.67,67.6,75.26,45.87,-52.41,6.7,11.8
Battery Under Voltage,1,46.68,66.68,80.07,44.65,-43.05,2.84,10.6
OverSpeed,0,37.53,43.88,48.74,68.89,-0.24,61.22,35.4
Deep Discharge Warning,1,36.49,55.75,68.33,47.31,-55.96,2.36,1.17
Deep Discharge Warning,1,33.87,52.0,68.71,47.41,-52.4,11.25,44.82
Low SoC,1,53.83,61.75,79.08,47.92,-54.83,15.08,7.89
Deep Discharge Warning,1,49.87,59.14,72.56,45.53,-51.3,6.97,5.16
Consecutive Fast Charging,1,33.28,40.25,63.23,44.36,-10.06,3.35,25.45
Thermal Overheat Surge,1,42.43,48.31,72.35,45.05,-53.55,2.68,5.78
Low SoC,1,35.49,44.9,67.36,45.65,-37.4,3.3,25.27
Battery Under Voltage,1,42.57,55.03,62.54,46.42,-80.16,10.23,7.08
Thermal Overheat Surge,1,42.73,55.64,59.96,46.6,-37.04,5.26,1.54
OverSpeed,0,26.07,34.75,38.2,75.01,-2.54,82.8,48.67
Deep Discharge Warning,1,50.58,57.92,74.53,48.03,-52.44,5.59,8.08
Harsh Braking,0,33.49,37.63,42.32,70.37,-14.26,69.23,23.0
Harsh Braking,0,28.99,38.26,42.65,68.9,-4.67,58.84,41.51
Deep Discharge Warning,1,24.79,37.1,41.54,45.8,-56.29,7.5,16.56
Battery Under Voltage,1,46.93,54.62,62.05,46.44,-48.87,5.93,13.44
Thermal Overheat Surge,1,36.78,44.53,62.6,46.69,-77.86,2.61,25.68
Low SoC,1,52.2,62.55,82.91,47.22,-60.03,7.38,20.93
Deep Discharge Warning,1,52.07,67.59,80.78,46.6,-54.7,11.98,1.12
Harsh Acceleration,0,26.33,32.74,35.96,71.68,-17.59,72.82,16.3
Deep Discharge Warning,1,35.72,47.61,57.38,47.54,-33.22,6.09,4.58
Low SoC,1,25.9,38.65,50.01,45.74,-16.17,3.6,7.88
Harsh Acceleration,0,23.65,29.72,29.97,69.2,-19.54,55.7,39.9
Harsh Acceleration,0,27.9,36.98,45.28,75.13,-30.2,75.78,32.93
Harsh Braking,0,29.39,36.09,40.14,67.63,-22.24,57.41,43.79
Harsh Braking,0,30.34,37.84,42.59,68.96,-10.55,62.77,18.24
Consecutive Fast Charging,1,45.95,53.62,77.19,46.02,-46.7,10.17,13.07
Harsh Cornering,0,25.79,34.38,35.75,74.05,-20.91,81.2,42.98
Deep Discharge Warning,1,34.76,51.64,67.39,47.23,-40.58,7.79,2.05
Harsh Acceleration,0,23.1,29.09,30.73,70.18,-2.47,66.17,24.08
Low SoC,1,51.37,59.28,68.88,46.06,-20.02,4.3,0.65
Low SoC,1,43.15,57.35,59.85,46.0,-54.99,5.17,10.82
Deep Discharge Warning,1,47.14,68.42,85.76,48.26,-37.24,13.12,118.09
OverSpeed,0,30.71,38.18,44.38,67.23,-25.78,53.72,18.41
Harsh Braking,0,29.29,38.33,43.88,74.7,-3.01,77.84,27.65
Deep Discharge Warning,1,47.76,60.32,73.68,46.43,-36.38,5.14,6.74
Low SoC,1,43.17,54.57,74.29,45.03,-46.65,4.84,6.46
OverSpeed,0,30.27,37.44,45.47,64.58,-22.33,50.1,29.33
Low SoC,1,46.33,52.07,77.18,46.71,-57.03,13.69,14.62
Harsh Cornering,0,25.65,36.32,31.87,67.23,-4.47,51.44,27.87
Battery Under Voltage,1,55.38,64.82,65.01,43.85,-49.99,0.84,29.68
Deep Discharge Warning,1,54.27,65.59,80.75,45.74,-44.94,5.88,52.13
Deep Discharge Warning,1,41.92,54.38,73.53,45.73,0.39,1.86,8.14
Battery Under Voltage,1,36.06,51.71,50.86,48.51,-29.63,21.52,1.97
Harsh Braking,0,26.28,32.74,36.14,76.16,-16.94,88.07,38.89
Deep Discharge Warning,1,36.16,42.77,51.02,46.48,-66.16,11.27,9.97
Harsh Acceleration,0,25.17,32.36,32.74,70.88,-20.51,69.54,26.97
Harsh Braking,0,34.91,37.19,47.39,76.99,-9.82,87.74,25.17
Harsh Braking,0,34.6,42.15,44.81,73.41,-13.48,72.82,40.8
Battery Under Voltage,1,36.41,47.64,57.17,46.82,-43.74,10.04,23.03
Harsh Acceleration,0,30.61,36.35,50.27,71.48,-22.59,70.04,29.26
Battery Under Voltage,1,35.17,49.5,60.03,46.92,-41.99,11.1,1.22
Deep Discharge Warning,1,45.48,55.29,63.57,45.8,-44.0,8.55,22.21
Harsh Braking,0,37.69,43.32,50.3,75.1,-24.56,82.76,29.27
Harsh Braking,0,31.62,39.82,40.39,73.98,-36.9,79.5,25.89
Battery Under Voltage,1,30.27,47.01,54.14,47.39,-43.38,4.44,3.13
Low SoC,1,48.41,55.77,65.41,45.5,-23.16,6.7,1.54
OverSpeed,0,25.26,30.59,40.31,65.93,-12.41,52.22,33.23
Low SoC,1,54.76,65.84,73.79,45.74,-47.64,7.49,27.88
Low SoC,1,49.16,64.68,68.45,48.72,-42.6,2.54,13.37
Low SoC,1,50.02,64.1,84.12,45.01,-36.97,2.77,0.27
Harsh Braking,0,35.08,40.53,50.37,77.89,-15.06,93.51,35.67
Deep Discharge Warning,1,30.37,43.04,61.51,46.3,-67.72,4.94,3.67
Deep Discharge Warning,1,36.83,46.92,60.06,47.5,-64.79,9.11,1.92
OverSpeed,0,27.27,29.81,38.1,66.35,-22.62,54.99,10.07
Harsh Cornering,0,33.49,39.89,39.65,67.41,-25.87,57.6,46.75
Deep Discharge Warning,1,42.57,58.8,66.35,47.42,-59.85,8.71,26.64
Harsh Acceleration,0,30.12,39.25,42.91,77.05,0.21,94.83,37.38
Low SoC,1,43.71,49.2,69.36,43.94,-48.89,3.27,9.9
Deep Discharge Warning,1,43.56,56.63,77.15,44.6,-44.78,0.42,1.64
Harsh Acceleration,0,26.03,33.91,32.72,77.96,-13.35,91.27,48.79
Deep Discharge Warning,1,46.73,61.4,67.37,45.99,-34.23,5.01,8.54
Harsh Acceleration,0,33.7,44.52,49.89,77.33,-32.04,91.16,48.58
Low SoC,1,45.71,58.74,72.17,46.63,-61.33,13.34,1.46
Harsh Braking,0,34.57,37.15,52.41,72.18,-1.57,67.71,28.26
OverSpeed,0,32.56,35.95,44.63,70.9,-27.26,68.97,31.1
Harsh Cornering,0,24.53,24.95,43.95,64.02,-28.96,45.39,11.53
Low SoC,1,46.13,62.22,76.98,48.15,-44.06,19.15,21.97
Battery Under Voltage,1,29.24,44.61,55.7,47.62,-29.12,6.73,30.55
OverSpeed,0,32.06,42.1,41.79,65.02,-36.62,47.38,34.81
Harsh Acceleration,0,34.44,39.1,39.31,71.69,0.67,67.25,43.99
Harsh Braking,0,26.9,32.54,42.81,64.97,-6.58,50.66,37.69
Harsh Acceleration,0,33.88,38.53,42.03,78.08,1.27,90.34,36.16
Harsh Cornering,0,28.39,34.89,39.77,69.38,-5.35,64.86,36.72
Deep Discharge Warning,1,49.49,63.15,73.35,48.29,-62.5,7.75,1.67
Deep Discharge Warning,1,41.97,54.38,59.85,45.11,-46.19,3.43,28.28
Deep Discharge Warning,1,62.87,69.95,98.65,47.48,-62.25,1.9,17.47
Battery Under Voltage,1,46.57,58.66,76.23,43.77,-53.75,2.14,14.55
Deep Discharge Warning,1,43.77,56.94,63.65,47.67,-30.79,17.58,18.1
Harsh Acceleration,0,28.82,35.5,32.26,72.46,-24.91,77.31,37.73
Harsh Braking,0,30.03,36.44,49.16,73.94,-23.26,77.83,26.55
Battery Under Voltage,1,40.91,55.16,64.48,47.73,-49.21,15.5,9.59
Low SoC,1,46.14,55.06,75.13,47.78,-22.18,7.31,13.1
OverSpeed,0,32.13,36.33,42.42,64.49,-8.15,43.49,35.19
Harsh Braking,0,29.25,35.94,44.18,74.75,-10.97,82.76,22.87
Harsh Braking,0,20.54,32.7,42.44,69.82,-11.31,64.97,29.52
Battery Under Voltage,1,41.48,52.38,81.69,49.57,-63.26,12.85,21.75
Deep Discharge Warning,1,39.78,54.93,76.9,45.05,-14.05,4.65,2.14
Harsh Acceleration,0,33.73,40.42,44.56,73.72,0.48,81.41,35.06
Battery Under Voltage,1,42.15,49.76,74.81,48.36,-55.8,18.29,14.45
Harsh Cornering,0,33.16,41.64,39.95,64.72,-14.5,48.51,35.25
Consecutive Fast Charging,1,31.16,47.76,68.91,46.92,-62.29,2.18,24.91
Harsh Cornering,0,31.21,34.26,47.41,64.29,-22.2,43.63,40.8
Harsh Acceleration,0,34.51,43.78,52.14,66.4,-7.94,49.14,33.5
Battery Under Voltage,1,54.97,66.59,85.47,45.68,-49.2,10.68,28.31
Battery Under Voltage,1,38.47,45.77,59.17,45.9,-74.85,1.63,6.62
Deep Discharge Warning,1,55.8,66.7,84.75,47.71,-56.33,18.95,8.66
Battery Under Voltage,1,45.28,62.46,61.04,45.89,-31.82,11.97,17.26
Harsh Braking,0,22.78,33.4,40.53,78.88,-12.37,94.28,14.29
Thermal Overheat Surge,1,36.29,51.56,77.36,47.16,-47.95,9.27,34.81
Low SoC,1,31.23,41.81,57.77,46.89,-35.76,11.74,10.31
Deep Discharge Warning,1,62.71,73.59,84.03,44.82,-57.89,8.2,38.86
Harsh Braking,0,25.28,29.44,45.82,79.25,-7.5,97.67,32.93
Low SoC,1,45.87,56.89,71.89,47.33,-23.43,3.93,7.43
Low SoC,1,42.02,55.54,80.68,46.21,-39.99,9.21,21.92
Harsh Acceleration,0,31.64,37.94,42.98,76.23,-7.39,86.73,18.0
Harsh Braking,0,28.07,36.54,36.9,68.51,-25.42,61.66,32.77
Deep Discharge Warning,1,49.0,66.48,69.71,50.76,-40.99,15.39,24.54
Low SoC,1,36.12,49.67,55.49,46.57,-27.52,0.78,64.39
Deep Discharge Warning,1,37.65,53.36,60.99,47.15,-37.21,7.78,15.0
Deep Discharge Warning,1,44.74,58.08,66.34,46.91,-84.93,9.2,5.15
Battery Under Voltage,1,52.73,68.23,80.28,47.18,-58.82,20.61,7.53
Battery Under Voltage,1,43.5,52.06,71.8,46.82,-50.52,11.71,3.83
Battery Under Voltage,1,48.35,63.1,79.47,45.15,-71.11,2.99,17.21
Deep Discharge Warning,1,42.74,53.48,62.19,48.48,-37.62,10.98,8.24
Harsh Cornering,0,32.64,38.9,47.41,65.76,-24.3,45.61,18.52
Low SoC,1,41.38,57.32,67.52,44.05,-52.34,4.0,12.12
Harsh Braking,0,31.37,33.61,43.55,66.16,-27.9,50.65,27.72
Deep Discharge Warning,1,32.96,49.77,61.33,47.89,-64.62,8.34,60.37
Harsh Acceleration,0,33.56,40.19,46.29,77.18,-4.46,83.36,28.73
Deep Discharge Warning,1,44.15,55.6,63.12,49.07,-36.9,8.69,7.6
Battery Under Voltage,1,37.78,52.01,75.27,47.82,-67.49,8.42,7.91
Low SoC,1,32.61,48.16,59.74,48.63,-64.55,1.74,0.6
Deep Discharge Warning,1,43.47,57.64,56.18,44.84,-68.18,3.34,2.69
Deep Discharge Warning,1,33.47,41.25,59.62,45.78,-58.98,6.2,8.3
Harsh Braking,0,26.18,31.95,41.07,76.84,-8.96,84.34,38.76
Harsh Acceleration,0,19.73,28.35,36.79,70.77,-7.67,61.86,27.54
Harsh Braking,0,24.6,26.38,37.76,67.82,-8.6,58.57,53.67
OverSpeed,0,35.46,43.17,41.53,70.18,-35.44,69.05,55.76
Deep Discharge Warning,1,54.56,67.56,84.38,45.42,-34.41,4.44,8.71
Low SoC,1,34.91,41.75,59.48,49.92,-28.88,22.2,1.46
Deep Discharge Warning,1,48.18,65.27,65.93,48.5,2.56,11.23,21.18
Low SoC,1,52.52,65.28,67.37,46.6,-60.09,1.58,1.75
Deep Discharge Warning,1,42.39,54.84,58.27,45.02,-61.9,13.12,15.34
Harsh Acceleration,0,21.91,30.76,37.37,77.24,-16.58,89.94,29.98
Harsh Acceleration,0,37.77,47.44,47.22,65.52,-6.87,49.25,43.01
Deep Discharge Warning,1,39.16,45.69,62.38,49.44,-46.4,16.07,14.08
Consecutive Fast Charging,1,55.59,75.69,74.33,47.32,-48.41,14.75,15.12
Harsh Acceleration,0,30.15,37.29,41.83,77.46,-4.32,93.6,31.62
Consecutive Fast Charging,1,48.16,53.13,77.05,45.35,-38.73,5.87,25.32
Deep Discharge Warning,1,25.73,35.72,64.2,46.24,-62.89,4.7,4.46
Battery Under Voltage,1,37.2,44.52,58.33,45.03,-45.84,13.28,47.87
Harsh Braking,0,27.06,28.15,42.67,74.36,-13.35,81.9,2.23
Consecutive Fast Charging,1,40.0,55.01,72.86,45.56,-25.24,6.33,8.61
Harsh Braking,0,29.63,35.66,38.79,74.81,-20.89,77.97,25.89
Consecutive Fast Charging,1,50.49,60.01,90.03,47.68,-23.96,14.16,30.07
Thermal Overheat Surge,1,46.67,60.22,54.83,46.24,-64.5,5.96,34.52
Low SoC,1,48.65,59.06,72.95,48.72,-55.14,15.31,69.38
Low SoC,1,40.29,53.72,64.79,45.74,-53.97,4.18,10.16
Low SoC,1,39.93,49.48,68.99,46.21,-30.44,4.53,38.98
OverSpeed,0,26.12,30.1,38.71,68.94,-23.56,64.01,53.26
Battery Under Voltage,1,42.58,59.64,63.34,45.45,-39.67,6.15,2.18
Deep Discharge Warning,1,39.8,55.66,55.56,44.75,-37.17,2.04,17.48
Harsh Cornering,0,28.02,33.93,36.86,77.62,-2.6,88.88,32.74
OverSpeed,0,27.92,33.78,43.91,69.32,-20.3,57.24,35.53
Consecutive Fast Charging,1,39.31,49.66,69.06,51.27,-30.16,22.78,7.74
Low SoC,1,48.79,62.31,59.69,46.85,-15.64,9.01,4.39
Harsh Acceleration,0,26.64,29.63,42.65,66.07,-29.58,53.77,20.7
Harsh Acceleration,0,27.0,34.49,40.64,72.86,-23.38,78.59,20.87
Battery Under Voltage,1,53.42,55.46,67.82,45.32,-40.2,4.25,5.94
Deep Discharge Warning,1,46.78,66.99,79.59,47.54,-70.03,12.94,6.1
Battery Under Voltage,1,40.54,56.64,76.61,46.33,-62.5,11.27,10.09
Consecutive Fast Charging,1,51.62,55.51,60.45,48.16,-32.03,5.35,20.52
Harsh Braking,0,29.67,36.1,38.95,74.31,-18.17,83.68,52.36
Battery Under Voltage,1,32.7,38.18,66.2,48.23,-38.22,10.8,25.49
Deep Discharge Warning,1,55.26,71.29,71.71,48.71,-72.97,8.35,11.93
Harsh Cornering,0,24.1,28.03,38.01,70.09,-19.56,64.17,30.76
Deep Discharge Warning,1,37.27,50.36,52.27,45.71,-58.58,1.34,24.76
Harsh Cornering,0,30.48,37.31,40.58,70.76,-8.13,68.87,41.49
OverSpeed,0,27.93,30.18,43.94,68.98,-16.25,57.16,39.69
Low SoC,1,32.25,48.59,53.2,44.86,-38.97,3.91,0.33
Consecutive Fast Charging,1,44.08,57.8,63.07,48.11,-64.79,3.15,0.21
Harsh Braking,0,24.52,29.5,35.94,76.01,-5.22,84.77,33.6
Battery Under Voltage,1,57.36,69.98,83.04,47.12,-42.84,1.07,60.94
Low SoC,1,37.4,46.54,74.96,50.26,-34.17,11.94,0.98
Harsh Cornering,0,34.66,44.69,49.85,65.56,-18.95,51.27,17.98
Deep Discharge Warning,1,43.01,62.9,69.8,48.52,-51.87,17.36,19.13
Harsh Cornering,0,33.04,41.98,42.37,64.54,-6.75,46.08,33.05
Consecutive Fast Charging,1,38.39,47.85,57.67,46.65,-46.33,10.32,3.49
Harsh Braking,0,24.69,28.87,35.18,65.79,15.26,53.96,36.46
Harsh Cornering,0,35.4,39.68,47.88,63.22,-20.5,43.44,26.52
Low SoC,1,51.17,65.99,72.11,46.19,-60.39,5.69,14.83
Harsh Acceleration,0,24.48,30.36,37.21,78.93,-24.05,95.56,44.17
Harsh Acceleration,0,34.35,44.64,41.93,72.3,-11.65,69.34,37.25
Deep Discharge Warning,1,49.58,55.15,80.69,46.84,-51.39,10.4,0.15
Harsh Acceleration,0,38.78,46.65,50.07,77.4,-15.72,92.8,53.5
Harsh Braking,0,38.63,40.66,49.69,67.24,-8.14,58.94,38.16
Deep Discharge Warning,1,36.37,48.06,52.29,44.97,-50.64,4.22,1.31
Low SoC,1,33.2,40.24,62.07,44.51,-41.06,1.08,7.58
Deep Discharge Warning,1,32.53,48.73,61.04,45.69,-56.27,5.0,20.24
Consecutive Fast Charging,1,41.1,52.71,66.5,43.85,-70.3,6.71,7.21
Low SoC,1,46.72,62.47,84.17,45.09,-56.13,5.93,1.7
Harsh Braking,0,42.0,46.31,52.05,72.92,-42.2,76.17,43.52
Harsh Cornering,0,30.08,34.68,42.56,63.15,-27.48,41.98,47.86
Deep Discharge Warning,1,52.63,63.76,68.5,48.88,-58.36,12.97,24.72
Low SoC,1,43.52,61.52,71.19,47.66,-40.95,14.03,18.76
Deep Discharge Warning,1,46.58,55.77,61.8,50.07,-69.2,17.11,12.7
Harsh Braking,0,36.97,43.93,56.54,67.74,-12.94,59.48,36.32
Harsh Acceleration,0,24.6,32.73,39.92,66.11,5.15,50.48,37.37
Battery Under Voltage,1,44.71,59.42,52.9,46.97,-63.18,3.59,5.61
Harsh Cornering,0,31.64,38.13,45.74,61.83,-18.08,40.01,16.71
Deep Discharge Warning,1,48.1,56.46,62.15,47.42,-58.17,4.85,2.49
Harsh Cornering,0,33.39,35.19,34.52,72.26,-37.24,75.24,32.3
Harsh Acceleration,0,19.3,28.68,21.09,75.64,-12.89,79.0,27.55
Harsh Braking,0,27.03,35.33,37.08,75.79,-9.06,82.09,49.39
Harsh Acceleration,0,31.0,35.83,36.13,76.96,-14.28,89.07,47.02
Harsh Braking,0,29.59,36.34,38.75,72.16,-1.79,74.61,38.25
Harsh Cornering,0,22.63,34.1,42.18,68.86,-19.6,59.0,40.4
Harsh Braking,0,24.19,30.56,35.16,65.82,-2.98,49.99,28.62
Harsh Braking,0,30.86,35.58,47.13,76.41,-21.44,86.7,10.84
Low SoC,1,51.07,70.73,75.91,48.09,-34.87,5.46,2.59
Battery Under Voltage,1,40.23,49.02,72.45,45.49,-30.75,9.25,8.24
Harsh Acceleration,0,33.3,40.16,58.02,67.69,-13.95,52.76,11.93
Harsh Acceleration,0,28.06,32.25,36.14,76.43,-9.25,85.69,41.71
Harsh Acceleration,0,34.76,39.21,49.14,72.25,-28.2,74.88,24.64
Harsh Braking,0,36.05,38.21,42.71,73.64,-8.98,85.3,33.7
Harsh Braking,0,29.46,37.26,44.29,73.2,-29.13,77.95,18.01
Low SoC,1,42.78,57.48,67.8,47.86,-50.46,8.63,94.23
Deep Discharge Warning,1,51.05,67.69,85.55,44.43,-42.54,3.18,9.08
Harsh Cornering,0,33.62,35.63,45.63,77.79,-8.24,85.48,42.79
Harsh Braking,0,26.5,30.46,33.01,68.59,-17.7,62.81,29.61
Harsh Acceleration,0,35.92,41.83,43.66,70.22,-12.34,63.04,4.56
Harsh Acceleration,0,29.88,37.31,47.39,67.27,-10.22,56.09,11.16
Harsh Acceleration,0,30.58,37.14,45.68,76.33,8.24,91.1,40.03
Harsh Braking,0,31.7,35.69,38.73,77.89,-5.7,94.3,46.93
Harsh Acceleration,0,31.05,36.86,37.85,68.77,-27.43,60.45,31.46
OverSpeed,0,26.55,34.64,36.25,63.28,-15.77,40.72,29.11
Deep Discharge Warning,1,31.27,40.05,65.2,48.22,-40.11,15.9,20.86
Harsh Acceleration,0,29.04,32.48,43.35,69.61,-19.49,65.1,21.75
Harsh Braking,0,36.28,42.96,45.58,70.57,-13.43,65.04,16.79
Low SoC,1,42.73,53.89,85.38,45.0,-24.46,2.19,5.13
Harsh Braking,0,40.14,49.54,54.47,75.91,-4.75,88.66,31.48
Harsh Braking,0,37.51,46.48,51.64,65.73,-14.98,43.91,38.76
Harsh Cornering,0,34.53,40.29,49.48,69.59,-5.28,64.94,22.86
Harsh Braking,0,26.37,31.87,38.73,78.08,-9.3,97.28,24.19
Deep Discharge Warning,1,55.05,62.59,84.42,46.87,-54.09,9.16,12.08
Harsh Acceleration,0,34.53,39.84,44.27,76.92,-21.68,91.12,12.08
OverSpeed,0,32.58,36.36,42.61,75.45,-10.89,83.37,20.39
Low SoC,1,43.89,58.13,74.56,45.31,-70.12,1.51,11.65
Deep Discharge Warning,1,52.23,61.81,91.3,46.25,-37.77,10.04,13.26
Harsh Acceleration,0,30.6,33.25,42.23,75.77,-14.25,82.05,26.08
Harsh Braking,0,26.53,31.6,40.82,76.33,-34.64,89.9,36.55
Harsh Acceleration,0,26.74,33.97,34.46,75.9,-20.99,87.8,32.27
Harsh Acceleration,0,24.18,31.93,32.45,63.51,-23.65,41.96,34.19
Consecutive Fast Charging,1,42.63,53.6,68.41,44.24,-42.33,8.88,6.24
Consecutive Fast Charging,1,39.59,52.33,84.88,49.66,-30.06,20.0,37.83
Consecutive Fast Charging,1,57.23,69.81,80.62,46.99,-35.65,0.16,48.82
Harsh Braking,0,32.52,38.93,46.82,75.46,-6.17,85.05,46.95
Harsh Cornering,0,26.29,34.7,44.14,68.84,-18.61,59.03,39.04
OverSpeed,0,28.71,35.88,30.67,76.55,-16.41,87.15,54.44
Battery Under Voltage,1,43.56,61.76,65.79,45.77,-36.89,3.69,18.07
Thermal Overheat Surge,1,36.48,53.82,72.27,44.13,-35.68,2.99,1.87
OverSpeed,0,25.38,31.76,31.18,67.18,-25.35,55.65,38.47
Harsh Acceleration,0,31.86,35.4,49.13,74.12,0.72,78.84,40.16
Harsh Braking,0,30.66,40.57,38.91,76.8,-12.83,92.16,40.09
Consecutive Fast Charging,1,43.37,58.35,83.39,48.13,-37.39,8.16,17.33
OverSpeed,0,26.18,32.53,32.23,66.19,-23.08,54.3,14.51
Harsh Acceleration,0,31.19,36.99,44.98,66.33,-4.4,55.6,34.04
Battery Under Voltage,1,29.87,45.05,52.29,50.2,-57.33,26.24,2.24
Low SoC,1,48.09,57.5,50.3,47.33,-41.64,8.78,12.73
Deep Discharge Warning,1,36.48,53.63,55.32,48.13,-59.49,5.01,9.91
Battery Under Voltage,1,54.34,70.09,73.45,47.49,-44.65,14.19,28.04
Deep Discharge Warning,1,38.64,50.9,57.64,47.14,-51.2,8.52,9.02
Harsh Cornering,0,29.14,32.56,39.47,73.16,8.58,76.08,42.41
Deep Discharge Warning,1,47.8,59.74,74.72,46.8,-55.73,12.02,15.27
Low SoC,1,43.61,56.49,75.14,46.52,-47.74,6.88,23.4
Harsh Acceleration,0,28.39,34.8,44.47,64.58,-7.67,44.89,10.87
Harsh Braking,0,32.33,37.69,49.14,79.34,-7.79,94.46,41.77
Harsh Braking,0,28.17,38.77,47.07,69.25,-16.82,60.79,25.05
Deep Discharge Warning,1,33.16,47.4,41.46,45.91,-61.35,4.95,2.87
Battery Under Voltage,1,46.32,52.23,70.51,46.83,-33.51,1.86,4.39
Harsh Braking,0,35.11,45.68,47.11,62.13,-14.44,40.14,34.81
Harsh Acceleration,0,33.89,40.07,44.45,65.46,-12.6,48.09,33.47
Deep Discharge Warning,1,38.22,49.41,61.61,45.08,-29.34,4.22,11.37
Harsh Acceleration,0,35.93,39.37,48.37,64.46,-4.87,42.08,30.87
Battery Under Voltage,1,44.61,54.74,68.66,47.26,-29.41,8.66,35.2
Harsh Cornering,0,26.21,30.06,42.6,78.14,-16.42,97.51,54.61
Harsh Cornering,0,24.64,25.92,29.51,79.02,-21.74,96.86,31.85
Low SoC,1,52.24,61.93,67.39,51.14,-52.13,27.94,18.33
Harsh Cornering,0,34.81,42.04,44.72,71.23,-11.37,69.2,31.56
OverSpeed,0,29.68,35.81,39.95,68.66,-10.15,58.54,38.93
Low SoC,1,30.41,43.73,59.12,47.37,-45.13,15.54,28.54
OverSpeed,0,33.0,37.39,47.64,67.8,-4.0,56.23,44.04
Deep Discharge Warning,1,33.61,43.87,70.87,48.77,-49.12,4.06,18.68
Harsh Braking,0,34.59,37.96,44.58,64.14,-19.53,46.17,43.02
Thermal Overheat Surge,1,42.17,50.59,72.56,49.19,-60.67,17.01,5.69
Low SoC,1,51.97,67.11,84.56,50.81,-42.72,19.38,11.15
Harsh Braking,0,27.21,31.72,35.53,69.33,-49.27,61.68,29.64
Battery Under Voltage,1,34.17,51.71,68.06,46.91,-43.27,13.25,21.35
Low SoC,1,37.99,47.7,62.34,46.67,-10.15,6.86,9.45
Battery Under Voltage,1,53.96,62.85,71.1,48.87,-41.82,11.9,24.23
OverSpeed,0,25.32,34.6,41.36,79.45,-19.85,95.01,30.23
Low SoC,1,45.41,55.12,67.19,46.14,-48.92,8.17,32.16
Low SoC,1,33.51,40.41,66.36,47.0,-40.09,7.06,46.76
Harsh Acceleration,0,26.31,31.9,37.99,69.9,-30.08,59.68,12.66
Deep Discharge Warning,1,33.5,49.18,63.01,46.95,-49.74,10.66,16.03
Battery Under Voltage,1,45.49,58.93,66.46,48.19,-33.0,20.69,36.11
Harsh Acceleration,0,36.79,38.87,51.17,70.78,-10.79,70.43,37.52
Deep Discharge Warning,1,48.85,59.7,96.1,48.74,-45.15,17.61,11.18
Harsh Acceleration,0,32.83,41.63,45.38,71.13,-10.56,70.93,32.1
Deep Discharge Warning,1,42.5,59.22,64.5,44.02,-41.96,3.08,44.36
Consecutive Fast Charging,1,35.27,49.95,61.33,46.05,-55.68,3.71,5.49
Harsh Acceleration,0,29.44,38.67,46.33,73.16,-17.77,78.14,28.62
Harsh Braking,0,28.08,32.85,36.99,73.02,-22.47,78.26,56.56
Harsh Acceleration,0,21.17,26.25,32.38,68.0,-15.9,58.48,25.68
Harsh Acceleration,0,30.82,36.12,53.77,71.3,-1.51,72.41,49.68
Deep Discharge Warning,1,45.48,57.35,68.76,49.89,-41.22,17.77,34.82
Deep Discharge Warning,1,40.86,55.3,64.24,46.23,-24.83,3.31,24.53
Harsh Acceleration,0,19.69,26.92,30.79,71.69,-9.03,70.75,28.34
Battery Under Voltage,1,50.95,61.07,69.58,46.02,-27.34,2.71,25.02
Harsh Cornering,0,29.45,33.8,38.97,70.94,-12.6,69.27,47.63
Battery Under Voltage,1,40.22,55.11,72.49,48.76,-28.12,13.63,1.3
Harsh Acceleration,0,36.31,42.72,43.69,78.69,-14.59,94.55,39.92
Harsh Acceleration,0,29.3,30.94,43.54,67.84,-20.61,58.26,40.96
Harsh Acceleration,0,36.21,44.75,54.71,66.78,-19.66,47.28,45.76
Deep Discharge Warning,1,36.61,46.49,58.5,46.29,-48.55,5.25,10.46
OverSpeed,0,27.44,32.82,41.52,67.01,-20.31,50.73,57.13
Deep Discharge Warning,1,42.43,59.77,61.15,45.85,-42.56,2.82,11.09
Low SoC,1,40.17,46.42,75.41,48.03,-54.23,7.34,1.09
Harsh Acceleration,0,27.13,35.97,42.96,67.48,-18.5,56.22,41.18
Harsh Acceleration,0,27.56,32.89,27.09,72.84,-17.69,76.61,20.45
OverSpeed,0,27.82,35.91,41.89,68.25,-11.92,62.33,24.4
Harsh Acceleration,0,35.03,39.85,46.1,68.6,-7.39,53.99,39.35
Low SoC,1,44.96,65.64,67.37,45.34,-43.13,5.39,39.35
Low SoC,1,41.01,49.78,64.65,45.74,-77.19,4.15,11.17
Battery Under Voltage,1,45.18,57.81,66.62,47.02,-39.43,6.88,55.88
Low SoC,1,48.02,58.75,70.15,45.64,-38.12,1.54,37.44
Deep Discharge Warning,1,29.24,33.66,59.29,47.28,-53.78,1.97,9.33
Harsh Cornering,0,24.02,25.28,25.15,67.32,-15.24,53.91,19.8
Harsh Acceleration,0,22.52,28.22,27.89,67.48,-15.11,55.12,32.98
Harsh Cornering,0,34.54,40.19,53.2,66.07,-28.51,51.67,19.83
OverSpeed,0,30.53,33.87,48.0,63.1,-11.72,40.8,53.56
Deep Discharge Warning,1,33.79,44.58,63.84,46.75,-21.25,8.21,12.38
Low SoC,1,42.07,55.04,82.8,43.51,-39.28,0.77,6.77
Harsh Acceleration,0,34.85,40.01,38.65,63.57,-12.42,43.31,19.21
Deep Discharge Warning,1,33.58,45.48,42.66,46.73,-42.82,18.82,4.64
Low SoC,1,33.17,45.1,51.07,47.33,-63.18,12.33,6.2
Consecutive Fast Charging,1,35.93,51.99,63.39,47.08,-53.32,15.99,0.24
Harsh Acceleration,0,23.4,27.91,31.4,72.88,-18.79,74.51,29.01
Deep Discharge Warning,1,50.49,60.45,78.46,44.77,-26.53,2.39,12.28
Harsh Acceleration,0,27.72,35.01,37.66,77.11,-27.46,93.16,17.4
Low SoC,1,42.47,55.39,76.54,48.22,-37.06,9.42,20.55
Deep Discharge Warning,1,46.67,60.86,65.86,47.89,-51.85,10.16,17.07
Harsh Braking,0,28.34,30.66,50.19,69.86,-20.12,64.05,43.33
Consecutive Fast Charging,1,41.43,57.0,63.23,45.23,-41.34,6.63,17.88
Consecutive Fast Charging,1,51.4,66.64,83.99,46.07,-57.13,10.44,18.5
Harsh Braking,0,25.57,32.55,38.25,71.7,-21.56,73.35,36.0
Battery Under Voltage,1,45.95,54.33,74.1,47.9,-35.5,7.14,11.39
Harsh Acceleration,0,34.11,40.24,45.9,75.77,-4.26,85.7,23.89
Deep Discharge Warning,1,36.51,50.19,66.23,44.99,-37.92,0.66,1.06
Low SoC,1,49.42,62.05,70.79,45.69,-54.51,6.49,35.67
Harsh Cornering,0,28.46,31.74,33.22,76.85,13.93,93.26,21.75
Low SoC,1,47.25,60.83,54.86,45.56,-40.63,5.85,13.38
Harsh Braking,0,35.16,34.05,42.43,71.07,-22.07,67.77,35.09
Harsh Braking,0,23.55,27.67,26.49,70.45,-19.84,69.48,34.19
Low SoC,1,50.23,66.39,73.18,46.71,-41.78,14.46,15.39
Harsh Cornering,0,20.67,26.94,33.17,63.84,-12.89,40.35,45.26
Harsh Cornering,0,26.38,32.83,38.48,68.18,-14.81,59.25,24.48
Battery Under Voltage,1,36.02,41.16,55.71,47.77,-39.52,7.29,69.71
Harsh Braking,0,28.01,37.53,37.86,71.01,-26.72,69.94,24.84
Deep Discharge Warning,1,23.88,32.67,61.05,47.6,-37.15,9.95,10.04
Deep Discharge Warning,1,31.21,46.19,54.97,44.29,-22.45,1.15,9.48
Deep Discharge Warning,1,33.1,49.18,50.64,46.2,-54.67,5.26,24.11
Harsh Braking,0,24.19,27.16,36.44,76.77,-9.14,90.43,12.0
OverSpeed,0,32.82,41.47,52.12,77.88,-7.89,92.93,46.15
Deep Discharge Warning,1,42.63,53.82,68.24,48.24,-46.55,15.01,2.1
Low SoC,1,35.96,42.35,65.67,47.24,-3.24,6.98,18.98
Low SoC,1,44.84,53.24,64.39,47.11,-41.58,18.15,7.09
OverSpeed,0,26.8,33.88,48.41,76.5,-19.42,88.02,30.99
Low SoC,1,39.81,48.2,63.76,49.49,-52.8,20.78,30.24
Deep Discharge Warning,1,33.66,41.07,52.53,45.51,-45.98,9.14,7.3
Harsh Cornering,0,37.73,40.37,46.23,66.01,-11.65,52.09,22.45
OverSpeed,0,28.73,36.45,30.12,75.49,-18.25,78.36,39.78
Harsh Braking,0,36.82,44.8,48.52,62.44,-29.03,42.64,25.33
Thermal Overheat Surge,1,40.07,52.5,57.47,46.82,-46.24,4.3,7.84
Harsh Acceleration,0,25.42,35.6,36.62,70.13,-9.87,63.11,30.8
Harsh Cornering,0,30.43,39.54,39.17,74.63,-27.18,78.55,12.16
Battery Under Voltage,1,41.94,54.21,58.66,46.78,-29.69,4.99,30.16
Harsh Cornering,0,37.45,41.91,43.82,64.78,-5.41,45.61,29.96
Harsh Acceleration,0,31.66,37.33,43.26,75.65,-7.22,85.67,24.74
Harsh Braking,0,27.53,35.61,31.14,64.67,-26.39,45.32,23.33
Harsh Braking,0,35.16,44.92,43.59,72.67,-14.4,75.57,35.29
Harsh Acceleration,0,28.63,37.42,42.25,68.66,-8.66,63.71,21.77
Battery Under Voltage,1,39.93,44.64,76.97,46.46,-38.11,6.27,1.75
Deep Discharge Warning,1,49.53,59.13,64.68,46.97,-66.62,16.13,5.44
Thermal Overheat Surge,1,37.06,48.79,58.9,46.26,-80.31,2.57,0.91
Deep Discharge Warning,1,43.87,54.51,69.82,46.82,-54.24,4.59,7.47
Deep Discharge Warning,1,39.98,53.73,54.61,45.14,-25.6,1.6,1.88
Harsh Acceleration,0,30.45,35.54,42.2,67.35,-0.83,55.69,35.07
Low SoC,1,47.01,65.81,81.28,49.09,-34.48,18.41,9.08
Harsh Acceleration,0,28.15,35.9,31.93,77.67,-4.37,92.04,37.02
Deep Discharge Warning,1,40.98,45.45,69.67,45.61,-55.6,5.86,0.85
Deep Discharge Warning,1,54.72,73.97,76.02,48.83,-74.5,21.95,11.46
Deep Discharge Warning,1,46.07,59.48,82.06,44.71,-53.65,3.55,21.29
Deep Discharge Warning,1,54.56,63.18,77.51,44.98,-37.75,4.9,24.88
Harsh Cornering,0,34.41,41.91,40.35,66.93,-27.39,53.41,44.22
Deep Discharge Warning,1,34.1,45.4,58.79,45.93,-47.29,2.9,28.88
Low SoC,1,52.35,62.47,76.34,48.66,-37.83,9.33,28.04
Harsh Braking,0,26.66,35.16,34.41,66.73,-27.73,53.44,21.15
Harsh Acceleration,0,25.58,32.27,32.17,66.17,-27.86,48.21,5.92
Consecutive Fast Charging,1,47.67,66.93,63.91,46.22,-47.49,5.14,0.22
Consecutive Fast Charging,1,35.6,44.2,64.5,46.68,-49.82,12.71,35.47
Deep Discharge Warning,1,42.26,59.84,60.21,43.59,-53.08,2.03,0.96
Battery Under Voltage,1,43.81,57.99,67.8,48.27,-77.59,10.13,12.93
Low SoC,1,34.6,50.15,57.25,48.42,-34.47,12.54,1.9
Harsh Acceleration,0,41.78,46.38,51.61,72.85,-5.96,72.63,35.52
Harsh Braking,0,30.0,34.35,43.55,63.14,-16.05,42.75,22.08
Harsh Cornering,0,32.54,40.36,46.07,67.1,-14.65,51.83,43.43
Battery Under Voltage,1,42.82,50.36,79.05,44.8,-24.37,3.12,20.96
Deep Discharge Warning,1,45.41,59.86,69.17,43.3,-30.77,2.56,10.05
Harsh Braking,0,36.64,41.54,40.33,70.46,-34.12,74.29,39.52
OverSpeed,0,29.08,34.05,36.85,67.95,-9.24,61.7,24.3
Battery Under Voltage,1,45.45,60.07,65.2,48.13,-59.13,8.77,2.22
Low SoC,1,56.05,71.5,92.39,47.65,-36.32,4.87,8.64
Deep Discharge Warning,1,25.75,36.7,60.85,46.03,-19.07,7.35,18.63
Harsh Acceleration,0,23.72,28.23,44.89,68.77,-13.74,63.44,24.43
Consecutive Fast Charging,1,42.66,46.57,66.88,45.55,-27.44,5.82,31.0
Low SoC,1,49.54,53.87,65.74,45.14,-28.64,0.86,28.78
Harsh Braking,0,28.43,30.02,44.2,68.59,-19.41,56.19,21.82
OverSpeed,0,31.43,36.98,39.27,78.18,-27.42,95.46,21.84
OverSpeed,0,26.88,36.07,46.65,71.86,-33.5,68.45,32.72
Harsh Cornering,0,34.98,38.48,45.53,75.37,-16.64,83.96,27.27
Low SoC,1,30.54,43.68,41.43,47.32,-54.76,1.45,14.68
Harsh Braking,0,19.33,28.75,38.77,73.52,-16.67,72.44,15.11
Deep Discharge Warning,1,33.81,47.13,61.81,46.73,-4.44,10.64,18.56
Battery Under Voltage,1,31.52,45.77,53.76,47.14,-32.3,5.49,5.5
Harsh Acceleration,0,35.05,42.48,56.38,68.69,-2.76,53.92,46.23
Harsh Acceleration,0,22.92,26.54,37.64,70.88,-0.73,68.06,34.05
Battery Under Voltage,1,56.8,67.79,98.8,47.35,-26.75,7.34,44.1
Battery Under Voltage,1,37.35,40.14,67.64,45.25,-43.39,12.9,0.67
Battery Under Voltage,1,51.77,65.81,93.51,44.24,-53.86,3.11,2.66
Harsh Braking,0,36.41,42.24,44.02,76.51,-3.22,85.33,20.6
Harsh Braking,0,27.88,32.37,41.71,69.17,-8.19,57.74,32.76
Harsh Acceleration,0,31.81,38.19,41.69,73.89,-15.88,79.75,37.13
OverSpeed,0,25.58,30.62,43.84,65.95,-19.78,54.65,26.26
Deep Discharge Warning,1,41.7,58.24,72.23,46.91,-67.39,5.43,5.16
OverSpeed,0,26.09,31.6,24.15,74.31,-11.52,79.58,23.31
Harsh Braking,0,41.33,49.46,54.01,64.75,-17.19,46.57,24.9
Low SoC,1,45.9,52.29,55.23,46.79,-43.06,4.17,5.9
Harsh Braking,0,32.75,44.3,36.81,63.43,-12.58,42.66,49.12
Consecutive Fast Charging,1,37.45,41.32,63.95,50.16,-36.86,21.31,12.24
Battery Under Voltage,1,41.13,53.45,69.04,50.7,-49.34,23.05,10.47
Deep Discharge Warning,1,26.7,39.0,50.76,48.91,-33.06,14.11,7.36
Harsh Braking,0,21.94,24.02,28.4,64.18,-46.5,45.73,23.92
Low SoC,1,41.97,47.05,60.97,46.23,-74.76,3.12,2.96
Low SoC,1,38.08,44.11,68.98,44.18,-18.92,4.5,20.99
Harsh Braking,0,24.45,30.0,41.75,77.82,-2.31,92.11,30.92
Harsh Cornering,0,32.28,37.36,50.35,64.18,-14.62,44.44,16.71
Deep Discharge Warning,1,58.27,74.88,88.42,47.41,-46.49,5.62,21.16
Deep Discharge Warning,1,32.23,41.22,50.92,45.86,-62.55,14.7,11.16
Battery Under Voltage,1,45.33,60.98,86.42,45.38,-43.61,2.31,14.47
Low SoC,1,39.77,50.22,79.6,47.26,-48.76,4.04,9.38
Harsh Braking,0,31.95,42.04,44.48,65.44,-20.27,54.51,31.31
Harsh Cornering,0,31.57,36.12,45.02,71.82,-13.85,72.45,36.72
Harsh Acceleration,0,32.28,38.52,50.69,75.87,-12.58,83.55,44.74
Low SoC,1,42.56,56.34,76.09,45.61,-44.04,4.06,1.11
Harsh Acceleration,0,31.97,36.41,31.33,67.17,-12.3,53.4,27.07
OverSpeed,0,27.89,37.69,35.07,68.95,-0.79,59.24,25.01
Consecutive Fast Charging,1,48.84,52.85,82.59,47.53,-90.17,19.12,15.84
Harsh Braking,0,36.34,40.55,47.74,78.06,-6.48,91.8,0.0
Harsh Braking,0,29.16,35.15,38.22,72.15,-22.49,72.31,25.81
Deep Discharge Warning,1,40.92,57.9,70.36,43.83,-24.09,1.26,5.62
Harsh Cornering,0,36.78,44.49,51.56,63.51,-1.36,43.86,21.05
Battery Under Voltage,1,58.42,71.01,83.84,46.06,-18.68,3.4,0.49
Low SoC,1,51.21,69.17,77.47,47.45,-59.0,13.24,0.66
Deep Discharge Warning,1,46.06,58.09,73.15,45.19,-47.5,2.07,32.72
Low SoC,1,47.98,61.75,75.1,48.1,-32.15,11.43,0.83
Low SoC,1,52.84,60.8,80.29,47.76,-31.52,10.22,6.21
Deep Discharge Warning,1,46.83,59.97,78.4,47.42,-56.71,8.92,10.69
Deep Discharge Warning,1,50.65,65.25,77.69,46.91,-44.34,17.46,33.4
Deep Discharge Warning,1,47.88,59.67,67.24,47.71,-26.52,5.66,1.71
Harsh Cornering,0,22.55,28.79,38.06,67.22,-18.85,51.07,29.9
Harsh Braking,0,32.71,36.93,43.83,68.43,-29.49,62.06,22.73
Harsh Braking,0,43.81,50.95,62.65,69.29,-21.71,61.54,33.31
Low SoC,1,37.02,47.76,55.95,48.05,-53.84,7.29,9.86
Thermal Overheat Surge,1,56.83,70.97,82.17,46.38,-51.54,10.83,1.66
OverSpeed,0,27.98,33.16,46.75,73.28,-13.35,71.38,45.57
Low SoC,1,31.03,46.09,58.85,46.52,-39.79,6.44,1.05
Battery Under Voltage,1,53.86,60.41,79.9,44.49,-30.63,4.87,12.18
Consecutive Fast Charging,1,44.48,61.85,78.55,47.98,-42.42,0.4,7.62
Deep Discharge Warning,1,36.96,49.84,67.18,46.71,-53.42,1.07,8.03
Harsh Acceleration,0,32.03,34.33,42.38,71.81,-20.14,70.36,44.55
Harsh Acceleration,0,32.8,38.68,40.51,71.13,-16.37,69.85,33.24
Harsh Braking,0,32.8,34.71,38.97,74.65,-34.56,81.91,45.05
Harsh Braking,0,30.7,38.01,45.35,77.23,-10.9,86.44,52.54
OverSpeed,0,25.62,29.02,43.11,70.03,-8.38,68.58,51.64
Low SoC,1,29.24,35.56,60.82,48.12,-29.06,12.61,7.07
Low SoC,1,29.24,39.41,55.54,50.66,-50.04,9.44,6.55
Harsh Cornering,0,31.37,36.98,45.32,72.57,0.06,75.6,11.57
Harsh Braking,0,26.07,32.79,37.54,68.58,-20.71,58.24,30.33
OverSpeed,0,20.59,25.34,27.11,79.33,-20.95,94.27,35.04
Harsh Acceleration,0,36.25,39.89,48.6,64.63,-13.22,44.84,12.44
Harsh Braking,0,27.43,37.79,39.29,75.83,-20.34,82.28,27.54
Deep Discharge Warning,1,27.61,42.52,53.46,45.32,-37.11,5.78,14.81
Harsh Cornering,0,32.46,42.19,45.04,80.14,-16.01,97.99,36.14
Harsh Braking,0,18.61,23.88,33.17,68.83,-28.61,59.99,4.01
Deep Discharge Warning,1,43.86,57.89,75.8,44.25,-55.31,5.71,11.6
Harsh Acceleration,0,27.15,36.71,43.31,70.33,-14.13,59.07,37.36
OverSpeed,0,32.1,35.56,50.67,77.06,-11.08,87.83,36.49
Harsh Acceleration,0,29.01,36.0,43.88,64.92,9.74,49.94,27.54
Harsh Acceleration,0,22.23,25.55,25.53,72.0,-16.89,72.23,16.58
Low SoC,1,49.74,61.39,83.02,47.58,-19.52,6.71,33.32
Harsh Cornering,0,34.27,41.81,56.08,71.81,-21.84,64.17,32.59
Harsh Braking,0,29.75,35.37,46.17,74.68,-19.89,86.37,64.2
Consecutive Fast Charging,1,36.71,46.37,51.78,48.77,-42.27,7.8,14.81
Harsh Braking,0,34.74,41.39,46.27,75.02,-25.74,76.43,41.37
Low SoC,1,41.87,53.08,89.29,46.92,-47.21,13.32,5.04
Low SoC,1,59.03,73.12,74.38,47.17,-42.59,10.61,24.81
Deep Discharge Warning,1,41.03,55.57,74.2,49.43,-34.03,7.79,1.08
Deep Discharge Warning,1,37.46,45.52,52.11,49.07,-21.11,18.4,7.71
Harsh Braking,0,27.39,35.81,32.08,71.2,-0.22,70.97,37.9
Deep Discharge Warning,1,48.4,57.8,69.62,46.72,-42.0,3.79,10.4
Low SoC,1,43.24,59.35,59.62,47.45,-46.89,8.52,4.89
Low SoC,1,45.64,56.94,62.44,46.71,-79.95,5.08,20.26
Low SoC,1,49.37,64.97,74.5,46.53,-30.62,6.5,75.53
Harsh Braking,0,30.25,37.23,48.85,72.62,0.03,75.81,43.84
OverSpeed,0,29.46,34.19,44.94,78.64,-27.13,97.09,23.59
Harsh Acceleration,0,30.92,33.82,33.01,72.49,-13.04,72.49,14.83
Battery Under Voltage,1,49.7,60.81,73.03,47.35,-34.74,2.8,14.46
Deep Discharge Warning,1,38.71,51.23,67.53,46.18,-38.92,2.33,0.09
Harsh Acceleration,0,25.97,37.79,47.14,64.9,-22.62,48.55,23.33
Deep Discharge Warning,1,47.22,56.35,80.78,48.25,-43.99,7.6,13.59
Harsh Braking,0,26.06,32.68,46.99,80.09,-23.81,95.63,29.3
Battery Under Voltage,1,45.87,64.22,76.34,46.48,-55.72,2.61,0.91
Harsh Acceleration,0,34.2,38.32,45.61,78.54,-21.34,89.79,51.44
Battery Under Voltage,1,57.05,73.86,92.11,45.24,-66.29,12.38,30.26
Harsh Braking,0,35.97,40.12,44.31,75.82,-10.18,85.73,41.61
Consecutive Fast Charging,1,43.62,53.44,63.22,49.84,-56.29,15.48,13.88
Harsh Cornering,0,30.3,35.5,48.8,72.74,-25.87,72.22,45.39
Deep Discharge Warning,1,47.49,58.87,79.37,50.76,-44.48,21.03,26.93
Harsh Braking,0,28.49,35.72,33.79,74.38,-13.95,80.88,35.98
Harsh Acceleration,0,33.81,41.06,44.67,79.28,-16.61,94.63,40.89
Harsh Cornering,0,27.55,31.62,42.62,64.99,-25.14,45.12,17.94
Harsh Braking,0,26.93,28.52,36.56,71.38,-29.59,66.36,26.69
Deep Discharge Warning,1,56.07,66.21,70.48,45.51,-55.44,9.8,26.38
Harsh Acceleration,0,29.33,40.96,41.58,63.34,-11.77,41.08,7.65
Harsh Cornering,0,36.67,43.37,40.83,75.38,-5.58,81.49,33.11
Low SoC,1,57.13,73.36,78.84,49.18,-37.6,13.52,17.73
Harsh Braking,0,30.48,37.24,30.31,61.67,-24.81,40.01,45.01
Harsh Acceleration,0,32.1,38.47,46.35,70.15,-18.65,65.08,5.77
OverSpeed,0,26.04,29.61,35.56,80.32,-11.26,96.31,43.3
Low SoC,1,42.22,47.46,61.8,46.11,-37.17,9.5,7.77
Harsh Braking,0,30.17,36.48,38.8,70.12,-20.1,66.94,31.24
Battery Under Voltage,1,50.64,55.94,84.13,46.96,-44.48,7.72,2.68
Harsh Braking,0,29.34,37.78,37.87,70.46,-15.1,71.05,39.28
Harsh Cornering,0,27.65,32.02,39.63,75.32,-14.15,81.96,21.04
Deep Discharge Warning,1,28.41,39.39,54.37,47.87,-50.17,12.28,1.67
Low SoC,1,43.82,44.96,57.76,45.21,-24.5,3.21,22.64
Low SoC,1,50.32,65.91,73.27,46.61,-36.3,12.5,69.69
Deep Discharge Warning,1,48.05,71.12,75.69,46.52,-17.02,6.64,42.75
Harsh Braking,0,28.24,36.64,38.15,79.81,7.6,95.47,35.54
Deep Discharge Warning,1,36.19,45.69,65.08,48.0,-40.18,12.95,5.85
Harsh Acceleration,0,25.12,29.18,32.88,66.98,-9.29,53.0,28.58
Deep Discharge Warning,1,40.37,56.63,57.4,45.28,-35.08,7.48,6.08
Low SoC,1,35.57,47.11,75.57,47.96,-64.54,17.25,4.9
Harsh Braking,0,30.99,36.39,42.64,64.97,-3.12,46.67,28.41
Consecutive Fast Charging,1,44.79,51.37,75.22,47.87,-56.62,14.31,5.77
Low SoC,1,43.95,50.86,60.25,48.84,-40.02,16.34,0.4
Harsh Acceleration,0,29.26,34.57,43.65,66.76,-13.36,54.3,2.15
Harsh Acceleration,0,34.48,37.11,51.68,67.96,-3.89,54.38,40.03
Consecutive Fast Charging,1,34.32,49.03,46.46,43.6,-43.45,6.3,26.4
Harsh Acceleration,0,34.38,41.11,50.76,68.71,-24.31,59.09,40.88
Battery Under Voltage,1,43.3,50.85,74.35,44.7,-36.3,1.19,9.51
Harsh Braking,0,31.85,37.01,44.68,78.32,-3.31,93.32,41.01
Harsh Cornering,0,31.74,34.5,45.02,65.21,-11.07,47.6,46.2
Harsh Acceleration,0,31.05,32.72,38.28,73.43,-9.41,82.23,20.23
Harsh Braking,0,37.91,42.45,55.44,74.26,-23.11,81.5,52.05
Low SoC,1,44.64,48.32,63.86,47.32,-35.98,3.64,22.03
Consecutive Fast Charging,1,40.75,57.32,72.35,45.38,-48.25,6.37,1.77
Battery Under Voltage,1,44.01,58.51,95.35,46.36,-41.88,7.01,23.57
Harsh Braking,0,34.43,37.37,39.45,65.31,-11.21,49.42,59.08
Harsh Braking,0,34.18,42.71,43.15,73.43,-10.51,75.82,27.44
Low SoC,1,42.11,51.29,60.59,46.8,-37.17,1.16,3.01
Harsh Acceleration,0,36.56,43.59,40.69,72.79,-25.12,76.03,26.07
Harsh Braking,0,34.79,40.26,50.75,65.05,-25.36,48.53,28.21
Harsh Braking,0,33.6,37.12,41.9,74.8,-11.93,82.24,19.68
Low SoC,1,38.21,42.29,69.05,46.39,-35.97,3.36,20.41
Battery Under Voltage,1,37.95,53.03,59.84,50.98,-21.04,17.88,22.94
Battery Under Voltage,1,44.42,58.19,63.05,47.64,-38.57,7.97,1.97
Harsh Acceleration,0,28.8,36.45,41.99,69.4,-1.39,61.32,45.61
Consecutive Fast Charging,1,47.35,68.15,65.22,48.74,-42.03,8.13,30.6
Harsh Acceleration,0,27.08,32.92,43.22,75.64,-14.84,81.29,33.98
Harsh Acceleration,0,26.31,33.62,44.04,75.42,-3.55,82.05,31.03
Harsh Cornering,0,25.67,31.47,36.28,69.14,-15.73,61.39,15.95
Deep Discharge Warning,1,47.37,65.88,62.76,45.03,-38.87,2.3,11.61
Deep Discharge Warning,1,27.08,49.1,36.54,46.17,-27.31,0.98,18.7
Low SoC,1,43.29,54.1,62.01,47.98,-87.2,6.69,9.88
OverSpeed,0,30.68,38.13,48.31,75.9,-8.92,86.51,34.09
Harsh Braking,0,36.85,44.56,50.54,74.82,-19.44,80.43,40.19
Harsh Acceleration,0,30.79,36.03,43.14,65.19,-12.2,46.05,32.78
Consecutive Fast Charging,1,41.19,57.02,73.25,47.31,-63.53,12.33,17.55
Harsh Braking,0,32.81,42.27,42.47,78.58,-24.36,94.93,25.0
Consecutive Fast Charging,1,50.01,64.95,72.82,49.37,-46.65,27.38,27.44
Harsh Acceleration,0,34.45,38.39,51.93,70.22,-40.59,68.33,19.01
Deep Discharge Warning,1,46.63,53.09,82.35,47.74,-64.87,15.29,3.51
Low SoC,1,34.47,49.64,61.07,44.8,-60.25,3.06,22.45
OverSpeed,0,39.33,45.08,55.45,64.94,-8.6,46.3,32.42
Harsh Acceleration,0,25.07,26.69,39.52,77.66,-13.56,90.62,27.4
Harsh Braking,0,27.85,32.79,38.9,64.0,-24.68,45.09,31.67
Harsh Acceleration,0,25.75,30.46,46.3,69.72,-35.97,66.05,21.31
Harsh Acceleration,0,32.53,38.89,48.83,65.69,-17.1,47.93,24.04
Harsh Acceleration,0,34.41,38.58,44.3,68.26,-10.89,60.59,17.22
Harsh Braking,0,34.02,42.91,38.45,62.86,-9.98,43.63,40.61
Deep Discharge Warning,1,49.03,59.75,73.57,47.68,-16.75,11.05,30.59
Harsh Cornering,0,32.62,37.81,44.9,66.28,-24.61,46.7,40.57
Deep Discharge Warning,1,48.83,61.7,75.77,46.99,-64.1,1.88,29.6
Harsh Braking,0,33.65,35.66,48.65,70.59,-2.05,66.42,41.77
Harsh Braking,0,36.85,39.07,46.04,66.44,-6.32,54.72,52.67
Deep Discharge Warning,1,44.46,49.81,63.78,45.14,-72.53,1.65,0.59
Thermal Overheat Surge,1,36.88,43.15,67.45,47.43,-40.17,5.49,3.44
Harsh Braking,0,31.59,36.25,41.63,63.48,-10.64,42.94,25.14
Harsh Braking,0,25.19,35.79,36.09,66.95,-12.52,54.81,10.0
Harsh Braking,0,35.18,39.95,48.12,68.39,-19.49,60.8,38.0
Battery Under Voltage,1,45.91,64.01,69.82,43.44,-59.72,7.51,4.74
Low SoC,1,52.5,63.32,70.26,46.57,-61.17,3.32,1.12
Harsh Braking,0,26.84,32.67,34.7,64.06,-13.88,42.8,33.16
Battery Under Voltage,1,51.78,67.85,72.76,48.11,-73.2,7.21,11.67
Harsh Acceleration,0,25.67,28.35,37.24,64.23,-18.35,48.89,31.36
Harsh Cornering,0,35.43,43.8,41.5,74.28,-3.23,81.26,47.64
Harsh Acceleration,0,31.66,42.89,57.04,74.67,-16.13,84.94,26.1
Harsh Acceleration,0,26.13,38.58,40.74,67.06,-3.14,58.59,35.26
Harsh Braking,0,27.38,31.74,34.82,73.32,-2.36,76.87,40.32
Deep Discharge Warning,1,43.17,51.59,61.94,46.08,-38.56,0.2,21.32
Harsh Cornering,0,34.22,41.93,42.26,70.52,-21.17,67.92,43.54
Harsh Acceleration,0,34.69,35.65,47.99,71.68,-13.74,68.61,36.86
Harsh Acceleration,0,29.16,37.47,42.17,67.05,-13.81,52.05,52.7
Harsh Braking,0,24.11,26.72,36.15,71.69,-9.99,68.76,30.8
Thermal Overheat Surge,1,41.73,53.39,56.54,46.06,-27.93,5.59,41.66
Deep Discharge Warning,1,57.78,72.5,76.29,45.48,-12.7,2.92,25.98
Harsh Cornering,0,33.09,41.03,50.87,64.94,-22.83,50.55,38.99
Harsh Braking,0,32.82,41.09,46.52,79.06,-10.69,92.52,19.98
Low SoC,1,39.14,48.45,70.09,44.78,-31.27,3.38,9.56
Harsh Cornering,0,35.61,41.86,49.85,75.79,-9.3,86.15,42.19
Harsh Acceleration,0,33.94,37.13,48.72,72.64,-12.97,72.2,42.14
OverSpeed,0,28.76,37.49,43.85,72.64,-1.15,71.79,38.13
Harsh Acceleration,0,34.65,41.94,45.51,75.56,-14.45,78.41,31.93
Harsh Cornering,0,29.76,33.75,40.64,77.75,-19.16,95.71,47.09
Deep Discharge Warning,1,34.21,43.24,52.11,48.0,-48.99,1.98,3.86
Harsh Braking,0,32.11,39.22,40.82,74.97,-16.17,88.14,29.02
Deep Discharge Warning,1,47.11,60.73,70.51,47.88,-49.08,10.94,23.05
Battery Under Voltage,1,41.92,62.85,61.68,45.09,-18.02,8.18,3.34
Harsh Cornering,0,36.51,43.08,38.13,70.33,-2.65,69.42,34.42
Harsh Braking,0,30.73,40.2,36.99,68.53,-14.97,53.92,7.89
Harsh Acceleration,0,26.43,36.54,41.04,72.94,-15.61,80.14,33.89
Battery Under Voltage,1,37.35,44.03,69.61,47.45,-32.42,0.56,3.56
Thermal Overheat Surge,1,40.29,54.33,69.66,45.64,-34.14,7.27,23.82
Deep Discharge Warning,1,51.72,69.18,70.11,45.3,-45.98,5.22,13.98
Low SoC,1,37.03,43.61,53.66,46.54,-43.4,8.06,27.57
Harsh Cornering,0,25.7,33.26,44.54,68.14,-20.72,53.92,44.39
Harsh Acceleration,0,37.66,39.94,46.11,61.72,-33.05,40.73,28.72
Battery Under Voltage,1,42.98,55.57,67.77,44.36,-41.24,7.4,18.48
Harsh Braking,0,20.12,23.32,32.94,70.09,-9.13,66.84,33.41
Consecutive Fast Charging,1,39.65,56.15,86.13,45.93,-20.09,13.7,0.82
Harsh Braking,0,34.82,41.72,47.91,74.41,-33.04,85.43,35.47
Low SoC,1,39.33,53.35,62.4,48.55,-62.41,11.95,2.16
Low SoC,1,35.18,38.85,67.78,48.33,-66.63,8.04,1.5
OverSpeed,0,20.84,26.12,35.53,77.52,-20.13,87.31,38.95
Harsh Acceleration,0,31.05,39.27,48.84,75.33,-25.29,81.52,23.94
Harsh Braking,0,31.98,39.52,49.64,65.3,-20.49,48.14,45.67
Deep Discharge Warning,1,40.9,60.29,57.2,47.36,-48.36,7.0,2.42
Harsh Braking,0,34.28,39.63,43.62,71.78,-3.32,68.13,25.01
Harsh Braking,0,33.44,41.4,56.41,73.94,-27.84,82.19,33.17
Harsh Acceleration,0,26.6,28.17,48.76,73.2,-12.86,74.53,17.93
Harsh Braking,0,22.87,27.49,37.07,68.61,-26.63,58.48,28.21
OverSpeed,0,32.58,37.51,46.32,67.32,-19.07,56.7,31.19
Low SoC,1,36.02,40.18,62.32,44.86,-35.05,8.11,18.32
Low SoC,1,45.67,62.73,69.97,49.59,-33.74,24.09,6.39
Deep Discharge Warning,1,34.64,47.73,63.53,45.02,-57.33,6.46,29.0
Consecutive Fast Charging,1,46.48,64.61,72.75,46.72,-27.48,3.38,17.96
Deep Discharge Warning,1,44.07,58.2,71.27,45.32,-38.27,4.77,2.66
Consecutive Fast Charging,1,31.49,40.03,51.14,43.49,-91.88,2.8,10.01
Low SoC,1,37.26,46.78,65.26,46.42,-22.36,12.28,1.82
Low SoC,1,47.08,67.47,79.34,45.45,-49.89,8.9,23.42
Harsh Braking,0,30.63,38.14,42.81,66.26,-6.76,50.79,38.61
Harsh Acceleration,0,37.12,38.4,49.78,75.2,-13.65,84.81,12.89
Consecutive Fast Charging,1,35.85,46.36,66.36,45.13,-47.09,2.57,18.87
Harsh Acceleration,0,21.37,24.06,41.59,70.04,-17.88,63.19,23.87
Low SoC,1,40.83,48.42,72.94,47.25,-63.3,5.7,2.87
Deep Discharge Warning,1,48.07,49.78,67.78,46.11,-15.78,5.74,33.9
Harsh Acceleration,0,23.23,30.16,39.31,68.98,-9.04,61.29,39.67
Harsh Braking,0,32.62,39.57,41.89,75.79,-20.78,80.29,3.64
Battery Under Voltage,1,48.05,64.04,69.48,46.23,-53.44,7.14,14.94
Battery Under Voltage,1,38.49,52.05,60.49,47.43,-37.93,2.96,8.97
Harsh Braking,0,27.23,32.03,43.8,66.31,-41.51,49.37,35.06
Low SoC,1,36.05,44.45,64.45,45.25,-62.9,10.36,12.44
Low SoC,1,43.69,54.74,64.42,47.79,-73.69,7.66,13.09
Low SoC,1,35.34,42.2,57.76,44.06,-38.21,9.12,6.74
Low SoC,1,62.26,78.36,100.02,46.6,-64.69,3.53,6.08
Low SoC,1,45.8,56.73,64.8,47.24,-28.23,1.94,10.96
Deep Discharge Warning,1,43.32,57.75,71.2,46.76,-62.59,3.53,60.09
Low SoC,1,36.67,48.84,47.14,45.83,-44.64,2.76,54.15
Low SoC,1,42.85,51.74,56.12,47.19,-50.89,3.6,2.85
Low SoC,1,47.83,57.94,79.37,48.37,-53.58,16.93,7.64
OverSpeed,0,31.81,38.38,45.26,78.22,-33.81,90.08,33.0
Deep Discharge Warning,1,47.45,61.06,84.34,47.19,-61.32,8.05,4.25
Low SoC,1,45.85,58.03,60.32,47.21,-24.65,11.12,21.32
Harsh Cornering,0,34.27,40.62,54.59,76.17,-12.18,88.05,26.19
Deep Discharge Warning,1,44.45,52.14,72.28,46.44,-27.97,6.48,0.05
Low SoC,1,45.26,57.11,54.13,45.53,-39.02,3.95,10.73
Low SoC,1,57.69,63.93,96.66,48.94,-42.84,22.23,0.18
Battery Under Voltage,1,45.42,57.54,79.01,46.95,-52.89,1.51,4.38
Harsh Cornering,0,26.28,33.85,39.66,77.33,-5.7,87.8,13.28
Harsh Acceleration,0,32.55,38.31,35.98,79.14,2.81,96.04,32.38
Harsh Cornering,0,35.61,39.51,51.61,69.62,-0.39,62.6,38.04
Harsh Cornering,0,25.58,33.54,44.06,69.99,15.4,64.94,46.93
Battery Under Voltage,1,40.65,54.24,65.85,46.52,-44.92,3.33,4.8
Harsh Braking,0,27.58,33.63,30.85,68.71,-31.29,58.99,29.24
Battery Under Voltage,1,41.94,55.6,67.3,50.21,-40.84,16.21,51.61
OverSpeed,0,29.31,36.32,37.07,69.05,-0.42,63.97,44.91
Deep Discharge Warning,1,42.35,50.96,71.05,47.03,-68.05,7.81,3.72
OverSpeed,0,35.35,38.08,43.1,63.69,-12.44,45.37,26.98
OverSpeed,0,30.34,34.89,40.04,71.12,-7.92,66.75,46.53
Harsh Braking,0,31.57,38.63,46.03,71.16,-6.59,67.38,32.73
Low SoC,1,31.36,42.49,40.72,45.71,-43.04,2.41,23.32
Deep Discharge Warning,1,48.65,64.34,68.86,45.32,-43.47,2.29,36.85
Harsh Acceleration,0,30.09,39.28,45.78,76.3,-8.89,84.62,39.55
Battery Under Voltage,1,40.63,48.62,71.2,45.63,-56.11,4.67,1.53
Harsh Cornering,0,34.26,39.91,52.61,67.0,-19.86,52.38,28.56
Harsh Cornering,0,39.75,44.72,50.89,78.62,-32.77,97.74,26.34
Deep Discharge Warning,1,41.75,51.81,71.76,44.4,-63.41,9.22,21.79
Harsh Braking,0,23.51,31.5,30.26,70.76,-3.78,69.36,32.35
Deep Discharge Warning,1,35.52,44.73,63.57,45.62,-40.43,1.54,9.58
Deep Discharge Warning,1,45.27,54.24,72.39,46.2,-43.76,4.63,16.05
Low SoC,1,47.82,67.47,83.58,46.16,-11.37,1.94,36.87
Harsh Braking,0,34.74,40.51,53.29,66.96,-22.76,60.09,36.21
Deep Discharge Warning,1,45.98,58.48,59.44,49.05,-32.68,14.08,8.81
Harsh Acceleration,0,34.08,38.63,44.39,64.33,-3.75,41.66,35.09
Low SoC,1,42.43,54.26,58.59,42.15,-59.89,0.7,17.5
Low SoC,1,58.8,72.23,80.65,49.07,-53.03,17.44,30.25
Harsh Cornering,0,33.31,37.87,39.68,72.68,-28.44,74.45,14.07
Deep Discharge Warning,1,45.72,59.16,62.51,45.76,-66.57,12.87,21.73
Low SoC,1,60.48,72.48,97.02,48.74,-39.21,16.21,31.85
Battery Under Voltage,1,40.31,54.37,62.19,47.26,-25.05,11.16,25.05
Harsh Braking,0,40.4,50.46,48.01,66.02,-17.36,53.46,17.12
Harsh Acceleration,0,36.93,39.14,50.43,69.99,-16.54,60.56,22.26
Harsh Acceleration,0,28.42,35.66,37.64,72.71,-9.76,76.46,21.21
Deep Discharge Warning,1,43.29,55.86,69.73,48.14,-66.5,11.71,19.92
Low SoC,1,43.09,59.92,61.67,46.93,-33.98,4.88,20.34
Low SoC,1,30.06,40.37,59.48,49.61,-62.52,11.21,22.84
Harsh Acceleration,0,34.99,42.68,46.12,62.82,-12.4,40.65,32.13
Battery Under Voltage,1,45.74,62.96,76.81,46.9,-55.75,6.2,12.18
Harsh Braking,0,35.0,39.88,45.35,70.95,-29.09,65.54,40.31
Battery Under Voltage,1,42.23,62.87,67.93,47.54,-44.09,13.66,0.86
Harsh Cornering,0,29.33,32.95,32.52,67.34,-16.55,53.25,25.13
Deep Discharge Warning,1,34.5,46.53,57.38,46.21,-8.47,4.97,8.93
Deep Discharge Warning,1,46.34,62.01,64.8,46.31,-40.09,6.15,5.49
Low SoC,1,51.18,66.54,74.46,47.4,-60.27,5.53,35.55
Consecutive Fast Charging,1,53.48,67.58,83.88,50.78,-31.53,8.1,11.17
Harsh Braking,0,26.49,34.57,48.79,78.14,-23.27,96.71,54.54
Harsh Cornering,0,31.23,35.67,37.18,71.5,-22.06,70.9,39.26
Harsh Acceleration,0,26.43,33.27,38.8,72.24,-3.74,68.76,46.06
Harsh Acceleration,0,32.68,41.06,39.36,70.98,-4.11,68.72,40.76
Harsh Braking,0,23.2,23.06,31.18,74.56,-28.01,78.3,40.81
Deep Discharge Warning,1,39.74,54.32,52.92,46.81,-33.4,3.54,10.71
Harsh Acceleration,0,32.6,37.38,55.55,73.24,-30.58,77.8,18.82
Low SoC,1,42.94,53.99,66.68,47.46,-48.29,14.31,1.45
Harsh Cornering,0,26.31,33.0,40.56,65.62,-33.19,48.71,41.37
Low SoC,1,39.0,52.96,63.7,46.99,-42.81,9.13,3.04
Deep Discharge Warning,1,49.1,55.99,66.04,48.0,-52.98,6.06,18.72
Deep Discharge Warning,1,42.14,54.14,70.73,47.73,-47.5,10.62,96.77
Deep Discharge Warning,1,31.74,46.12,53.22,45.9,-35.31,9.52,0.79
Deep Discharge Warning,1,46.57,59.76,65.46,46.48,-37.89,3.79,0.31
Low SoC,1,49.12,64.59,63.11,45.67,-20.13,6.11,3.21
Harsh Acceleration,0,31.06,39.36,47.72,79.54,-21.38,93.81,41.69
Harsh Braking,0,27.01,32.12,36.78,69.23,-17.14,59.4,22.68
Deep Discharge Warning,1,46.77,63.19,76.21,44.59,-50.61,1.89,6.61
Deep Discharge Warning,1,47.75,60.21,57.67,47.4,-16.23,7.98,11.73
Harsh Braking,0,30.19,38.22,38.13,62.62,-18.19,42.06,36.53
Deep Discharge Warning,1,34.67,46.55,63.41,48.2,-60.85,10.57,8.68
Battery Under Voltage,1,39.57,52.62,57.05,47.48,-25.56,17.57,45.72
Low SoC,1,46.45,58.25,66.19,44.71,-49.93,1.61,0.18
Harsh Acceleration,0,27.29,35.27,37.96,70.07,-8.72,62.22,31.03
Harsh Cornering,0,28.26,35.81,33.47,78.69,-10.35,93.66,51.14
Harsh Acceleration,0,27.19,31.62,45.92,65.73,-37.15,52.45,26.5
OverSpeed,0,30.18,33.73,46.11,68.54,-0.91,60.15,28.19
Harsh Acceleration,0,31.9,37.53,53.37,76.78,-28.91,88.13,31.95
Harsh Acceleration,0,25.71,33.4,40.56,66.22,-14.93,48.14,33.59
Battery Under Voltage,1,49.57,61.82,57.19,44.66,-55.58,4.11,14.39
Low SoC,1,36.99,55.7,62.66,49.82,-30.05,17.57,9.44
OverSpeed,0,33.65,42.95,48.25,76.62,-27.02,85.48,36.3
Harsh Braking,0,28.71,35.14,38.89,77.68,-5.45,94.22,21.95
Low SoC,1,48.01,58.45,87.12,45.75,-30.52,2.31,52.46
Harsh Cornering,0,35.71,39.68,52.63,63.83,-15.19,41.14,44.32
Low SoC,1,48.64,59.37,72.16,44.74,-63.9,7.6,10.97
Battery Under Voltage,1,38.67,50.29,67.01,44.71,-19.53,5.64,8.55
Harsh Braking,0,25.83,32.92,37.66,77.98,-36.62,89.11,29.17
Harsh Acceleration,0,35.06,39.26,52.56,66.74,-11.15,51.81,13.42
Harsh Cornering,0,35.45,45.26,44.46,71.92,-32.97,68.66,30.08
Harsh Acceleration,0,27.79,32.03,43.61,73.01,-21.31,67.27,23.44
Harsh Braking,0,32.26,37.43,43.28,63.06,-22.71,42.14,29.64
OverSpeed,0,24.43,35.09,47.5,67.58,-8.05,59.12,29.57
Low SoC,1,45.32,58.86,68.59,48.48,-56.15,11.92,6.08
OverSpeed,0,25.14,31.22,40.37,73.69,-28.73,76.4,51.64
Deep Discharge Warning,1,53.88,57.19,96.1,44.83,-28.2,4.85,1.6
Harsh Acceleration,0,28.24,36.64,38.24,76.71,-16.64,87.05,59.7
Battery Under Voltage,1,43.44,59.17,61.39,48.28,-59.19,7.41,2.99
Harsh Braking,0,30.37,33.09,38.41,69.97,-14.57,63.62,35.4
Harsh Braking,0,35.42,39.04,49.65,73.81,-21.02,76.46,60.08
Battery Under Voltage,1,38.7,52.47,66.95,44.92,-61.65,2.36,32.61
Low SoC,1,38.77,51.83,57.81,46.35,-41.22,10.23,4.55
Harsh Cornering,0,27.71,33.58,43.33,76.43,-15.64,84.96,29.47
Deep Discharge Warning,1,41.8,53.02,76.28,46.57,-50.83,5.04,42.55
Low SoC,1,30.79,47.09,60.36,45.71,-57.09,10.86,4.24
Harsh Braking,0,23.65,31.85,39.81,75.93,-3.89,85.09,15.37
Harsh Cornering,0,26.93,29.24,35.71,75.15,-17.44,86.58,4.8
Harsh Braking,0,24.66,27.45,29.84,76.52,-0.02,85.94,11.44
Deep Discharge Warning,1,35.28,44.68,64.14,45.6,-44.73,2.91,4.0
Low SoC,1,51.15,56.35,78.74,45.12,-46.95,1.64,5.04
Low SoC,1,51.13,60.41,89.87,48.53,-45.04,10.03,8.46
Harsh Braking,0,22.93,30.6,35.08,70.34,-17.56,65.79,43.9
Battery Under Voltage,1,39.99,57.63,66.83,45.6,-45.18,5.58,1.3
OverSpeed,0,31.08,34.02,43.93,74.78,-25.95,81.68,37.1
Battery Under Voltage,1,49.9,61.92,94.86,46.03,-46.83,2.73,2.16
Harsh Braking,0,30.71,33.56,45.25,70.5,-19.97,66.34,19.34
Harsh Braking,0,27.99,30.98,58.79,77.81,-7.59,92.8,35.15
Harsh Acceleration,0,26.4,28.43,42.42,67.29,-9.76,55.56,30.02
Low SoC,1,30.65,40.25,49.17,46.69,-31.09,3.1,21.69
Thermal Overheat Surge,1,30.27,46.4,47.26,46.8,-39.61,14.31,19.02
Low SoC,1,36.22,54.1,66.3,45.56,-50.85,5.61,7.14
Harsh Braking,0,32.22,38.11,46.37,72.11,-6.26,75.86,28.68
Harsh Cornering,0,36.42,46.11,47.11,68.38,-7.68,59.27,23.17
Harsh Acceleration,0,26.58,34.13,37.91,79.47,-7.64,96.96,41.35
Low SoC,1,48.4,66.64,78.91,45.24,-40.94,2.25,23.82
Harsh Cornering,0,31.78,31.1,35.22,63.75,-14.26,44.19,19.88
Harsh Acceleration,0,23.59,30.73,42.69,70.27,-13.07,70.29,11.67
OverSpeed,0,28.34,37.43,43.25,69.09,-8.87,60.02,30.21
Low SoC,1,36.25,44.56,54.57,45.42,-48.42,5.0,9.91
Low SoC,1,37.67,49.27,56.96,46.0,-50.15,1.98,2.66
Harsh Acceleration,0,23.05,31.74,30.3,64.87,-14.14,44.49,8.24
Battery Under Voltage,1,48.85,57.7,68.83,44.85,-34.08,5.12,9.33
Thermal Overheat Surge,1,39.39,61.21,65.94,49.0,-48.45,5.26,15.12
Harsh Braking,0,22.48,28.44,31.49,71.13,-15.17,69.93,29.32
Harsh Braking,0,27.33,31.78,36.12,62.08,-8.19,41.48,32.59
OverSpeed,0,27.06,27.6,34.64,65.52,-18.53,48.43,12.37
Deep Discharge Warning,1,36.12,58.72,54.53,45.28,-42.47,10.38,9.06
Low SoC,1,46.01,60.82,70.12,47.0,-45.99,8.74,2.92
Consecutive Fast Charging,1,42.86,53.77,67.99,48.11,-49.48,15.32,13.18
Low SoC,1,40.86,51.18,66.31,45.04,-31.12,0.61,11.34
Deep Discharge Warning,1,47.9,55.91,75.46,50.68,-48.84,18.6,14.47
Deep Discharge Warning,1,46.67,60.84,69.34,45.95,-48.51,3.05,20.59
Harsh Acceleration,0,26.97,31.72,29.42,77.85,-6.98,95.52,23.59
OverSpeed,0,25.16,29.11,29.06,66.79,-23.12,49.69,41.56
Low SoC,1,40.43,49.79,68.51,47.41,-52.11,3.45,5.99
Deep Discharge Warning,1,35.62,54.09,54.61,45.7,-37.05,4.68,31.82
Harsh Acceleration,0,31.48,38.09,44.26,78.49,-27.42,95.01,43.94
Battery Under Voltage,1,55.4,68.15,85.56,43.61,-39.63,3.28,4.53
Low SoC,1,49.11,64.42,78.63,48.42,-62.73,18.11,2.96
Harsh Braking,0,34.19,40.08,54.15,73.52,-19.3,71.33,21.57
Low SoC,1,35.45,51.22,57.86,47.52,-56.38,6.11,2.76
Harsh Acceleration,0,30.39,34.87,39.37,64.86,-11.41,53.23,34.29
Deep Discharge Warning,1,36.4,55.82,69.04,50.32,-55.34,24.8,25.44
OverSpeed,0,31.58,39.27,40.49,79.69,-11.77,95.31,51.71
Thermal Overheat Surge,1,38.18,52.73,52.32,50.1,-40.19,20.65,8.21
Harsh Braking,0,28.97,35.5,42.34,67.23,-4.93,49.33,27.42
Low SoC,1,35.35,48.03,56.95,47.53,-33.41,12.56,10.5
Harsh Acceleration,0,30.46,37.05,35.62,78.02,-15.35,87.62,48.66
Consecutive Fast Charging,1,44.75,57.84,70.6,46.3,-48.32,4.21,29.89
Low SoC,1,37.65,49.56,58.8,47.09,-23.03,9.55,11.24
Harsh Braking,0,31.41,38.49,43.74,72.96,-25.8,73.26,20.83
Low SoC,1,43.52,52.32,79.06,48.71,-40.57,13.01,46.23
Harsh Braking,0,33.63,40.45,40.84,73.56,-21.28,78.66,31.12
Harsh Braking,0,35.68,40.79,40.75,67.93,-7.08,59.22,28.87
OverSpeed,0,37.89,48.65,47.85,63.75,-27.14,43.24,23.24
Harsh Acceleration,0,24.99,32.58,37.27,66.41,-14.25,51.36,23.45
Deep Discharge Warning,1,60.54,72.41,79.13,45.42,-61.63,7.06,12.07
Harsh Braking,0,24.0,33.49,36.95,68.03,-3.67,55.45,58.35
Harsh Braking,0,28.81,38.49,39.25,80.12,-19.88,94.77,52.32
Harsh Acceleration,0,36.42,44.92,48.59,64.75,-15.07,44.21,29.55
Deep Discharge Warning,1,40.7,56.79,65.87,46.67,-60.58,4.54,13.57
Low SoC,1,50.26,57.83,59.67,49.23,-65.99,11.74,3.83
Harsh Braking,0,31.3,33.5,44.14,70.49,10.91,67.06,8.54
Consecutive Fast Charging,1,46.46,58.27,70.91,46.43,-31.29,3.24,20.4
Harsh Acceleration,0,26.37,36.03,45.51,64.94,-21.93,48.42,40.47
Battery Under Voltage,1,30.35,43.62,60.35,45.2,-47.68,5.4,15.93
Harsh Braking,0,31.65,37.52,42.83,75.36,-21.19,83.73,17.06
Deep Discharge Warning,1,51.76,63.5,73.52,43.99,-45.36,4.74,9.24
Harsh Acceleration,0,31.92,39.58,44.9,69.93,3.78,60.04,43.68
Harsh Braking,0,32.34,35.07,54.34,74.24,-15.51,78.06,37.95
Harsh Acceleration,0,33.23,37.0,46.88,65.62,-4.08,48.1,10.16
Harsh Braking,0,31.06,35.64,52.78,64.44,-8.07,43.75,26.24
Battery Under Voltage,1,41.67,50.33,63.52,48.33,-51.49,27.48,10.64
Consecutive Fast Charging,1,39.85,53.54,68.82,45.46,-53.64,5.84,3.11
OverSpeed,0,26.83,30.6,26.01,71.84,-16.32,74.98,27.59
Harsh Cornering,0,32.47,36.34,47.02,74.47,-13.02,78.52,13.7
Harsh Braking,0,39.35,46.65,61.2,63.05,-7.94,41.87,21.3
Thermal Overheat Surge,1,57.3,70.1,72.48,47.83,-52.09,11.0,5.14
Thermal Overheat Surge,1,39.82,56.23,65.61,44.9,-69.47,1.77,11.89
Low SoC,1,45.66,59.28,76.82,45.69,-54.11,2.8,9.99
Harsh Braking,0,25.26,28.58,39.21,79.92,-24.9,97.53,26.97
Harsh Acceleration,0,26.59,33.82,38.24,65.32,-12.94,48.54,52.36
Deep Discharge Warning,1,45.69,62.72,79.49,46.33,-36.38,4.26,0.64
Battery Under Voltage,1,42.35,60.47,71.97,46.9,-45.18,5.73,2.4
Consecutive Fast Charging,1,46.24,53.38,80.76,50.9,-50.76,10.71,22.07
Consecutive Fast Charging,1,45.7,51.49,79.12,48.12,-35.82,8.58,39.37
Harsh Acceleration,0,29.46,34.61,39.44,65.58,-29.53,47.65,45.59
Harsh Acceleration,0,27.36,35.02,34.52,77.52,-35.52,88.99,47.11
Low SoC,1,42.56,60.36,59.86,47.62,-40.91,5.72,5.43
Battery Under Voltage,1,35.1,42.12,60.48,46.24,-36.29,7.59,12.89
Harsh Braking,0,29.44,31.14,44.6,73.85,-11.73,76.24,34.78
Harsh Cornering,0,33.39,35.24,44.64,76.01,-6.64,84.15,47.76
Deep Discharge Warning,1,48.22,62.05,84.5,45.9,-53.88,3.83,20.22
Deep Discharge Warning,1,51.67,64.58,64.26,48.87,-60.21,14.4,23.91
OverSpeed,0,31.54,40.31,42.14,81.2,-18.75,97.01,40.16
Deep Discharge Warning,1,44.91,49.97,49.01,47.09,-58.98,11.83,17.45
Deep Discharge Warning,1,49.67,54.69,78.86,46.99,-50.33,13.11,7.42
Harsh Braking,0,31.53,40.25,37.35,72.99,-3.72,72.47,39.32
Deep Discharge Warning,1,40.93,53.17,66.1,47.4,-34.77,10.64,6.73
Harsh Acceleration,0,26.36,31.97,25.21,78.78,-33.7,93.58,28.63
Harsh Braking,0,24.5,31.07,41.75,69.79,-21.9,57.3,30.96
Low SoC,1,44.0,58.01,75.22,48.41,-51.68,10.82,1.96
Harsh Braking,0,30.31,32.87,41.67,65.93,-37.08,48.4,33.2
Harsh Acceleration,0,32.84,38.3,48.97,72.31,-16.58,74.75,47.92
Deep Discharge Warning,1,56.79,64.8,86.41,48.0,-42.08,13.65,27.78
Harsh Braking,0,27.58,28.28,46.45,70.1,-5.42,64.79,28.41
Low SoC,1,28.85,41.57,62.91,46.39,-49.24,10.81,1.61
Low SoC,1,26.31,40.63,59.12,47.28,-71.55,11.86,22.79
Harsh Acceleration,0,27.19,32.27,34.91,74.05,-4.7,76.37,18.13
Harsh Cornering,0,31.1,39.17,49.94,65.48,-13.26,48.2,31.33
Harsh Cornering,0,28.27,36.28,44.28,69.63,-9.76,62.2,39.89
Deep Discharge Warning,1,31.68,31.38,53.46,45.78,-38.16,3.36,2.21
Deep Discharge Warning,1,38.55,58.02,68.0,47.46,-29.56,22.11,6.91
Harsh Acceleration,0,37.18,43.93,52.01,70.45,-8.49,61.84,16.3
Consecutive Fast Charging,1,33.44,47.73,45.82,46.76,-44.27,8.96,20.81
Low SoC,1,53.1,58.53,66.47,47.7,-90.53,7.85,1.72
Low SoC,1,32.28,47.45,58.4,46.08,-36.86,4.65,73.4
Harsh Braking,0,32.99,35.24,47.44,69.45,-21.51,65.69,29.79
Low SoC,1,48.02,61.24,60.75,45.55,-46.76,5.27,10.78
OverSpeed,0,29.65,35.45,36.52,75.38,-30.57,85.24,35.79
Battery Under Voltage,1,30.09,43.27,57.42,47.53,-48.56,2.91,0.95
Consecutive Fast Charging,1,44.56,56.34,89.3,47.16,-42.03,5.61,7.44
Low SoC,1,48.78,66.53,66.95,43.77,-43.17,2.75,8.03
Harsh Braking,0,31.53,36.45,40.16,71.85,-28.83,69.21,21.72
Harsh Acceleration,0,25.74,32.6,40.99,71.11,-1.25,69.56,27.33
OverSpeed,0,27.99,31.72,42.28,71.21,1.01,71.37,48.74
Low SoC,1,35.96,40.24,62.74,43.99,-48.27,1.11,4.65
Harsh Braking,0,29.65,37.03,37.56,74.79,-2.34,83.46,9.62
Battery Under Voltage,1,33.87,44.51,63.8,45.93,-31.06,0.27,20.56
Battery Under Voltage,1,36.69,45.74,56.26,49.31,-56.19,11.49,7.02
Harsh Acceleration,0,24.3,28.77,35.1,72.94,-8.2,73.57,38.15
Low SoC,1,33.98,50.1,69.07,49.25,-47.42,22.48,10.86
Low SoC,1,51.95,68.17,82.69,45.7,-47.0,4.8,43.8
Harsh Braking,0,30.45,38.93,44.56,69.64,-36.3,61.71,46.21
Harsh Acceleration,0,26.45,30.78,39.37,73.36,-18.64,76.04,56.93
Harsh Braking,0,34.0,42.71,36.85,76.82,-7.94,90.78,19.4
Deep Discharge Warning,1,49.59,59.2,68.61,44.64,-21.58,3.39,59.21
Deep Discharge Warning,1,41.11,56.08,71.1,47.73,-52.95,17.17,6.0
Deep Discharge Warning,1,48.56,61.11,88.43,49.5,-50.37,22.37,10.7
Harsh Braking,0,32.01,41.07,42.31,64.23,-9.73,42.12,34.03
Harsh Braking,0,23.96,27.9,50.52,75.79,-22.1,82.27,34.81
OverSpeed,0,31.87,37.48,49.36,77.24,-4.08,91.68,45.66
Consecutive Fast Charging,1,52.81,65.42,78.71,45.01,-42.86,1.65,1.36
Thermal Overheat Surge,1,42.31,52.01,65.37,48.03,-47.4,13.48,27.09
Thermal Overheat Surge,1,36.33,45.29,47.74,45.77,-52.89,1.76,3.17
Deep Discharge Warning,1,47.57,61.36,67.09,46.55,-15.2,9.1,15.1
OverSpeed,0,28.37,39.83,43.22,66.72,-1.5,49.72,36.97
Harsh Cornering,0,27.91,36.42,40.36,68.67,-32.97,61.56,32.54
Deep Discharge Warning,1,46.35,58.26,62.1,45.73,-59.13,3.25,3.23
Harsh Cornering,0,27.33,33.24,41.4,79.17,-12.67,97.31,21.78
Harsh Braking,0,27.92,35.84,50.23,76.57,-13.63,91.05,49.18
Harsh Braking,0,23.67,30.01,35.45,66.43,-23.96,53.38,30.03
Deep Discharge Warning,1,51.44,65.8,74.41,44.45,-78.74,5.37,8.49
OverSpeed,0,23.25,27.82,42.32,70.4,-18.27,63.25,28.89
Harsh Braking,0,28.51,37.23,47.05,67.85,-13.57,54.23,39.35
Thermal Overheat Surge,1,46.71,47.35,65.88,46.31,-34.31,5.98,20.83
Low SoC,1,47.04,52.65,77.81,45.52,-40.66,1.24,5.36
Harsh Braking,0,30.86,41.06,44.43,74.49,-7.13,76.56,29.24
Harsh Acceleration,0,32.71,40.69,50.61,75.34,-11.36,86.2,33.28
Harsh Cornering,0,29.77,33.95,41.53,72.31,-24.07,75.4,28.06
Consecutive Fast Charging,1,50.52,59.45,63.1,47.91,-55.5,10.91,15.96
Deep Discharge Warning,1,46.09,54.52,67.16,46.23,-39.53,4.49,8.14
Deep Discharge Warning,1,44.34,50.36,63.03,43.31,-41.48,3.3,30.13
Harsh Braking,0,24.48,28.01,43.17,70.5,-29.05,63.71,42.99
Deep Discharge Warning,1,48.2,59.09,75.49,46.06,-48.56,7.94,63.1
Harsh Acceleration,0,36.85,47.68,45.98,74.88,-33.92,76.53,0.0
Harsh Cornering,0,30.64,35.34,51.14,77.84,-16.47,89.61,19.63
Harsh Cornering,0,25.61,31.99,32.0,66.31,-8.02,50.52,41.52
Low SoC,1,30.79,42.57,61.45,47.03,-59.08,14.55,7.26
Low SoC,1,37.24,53.86,52.95,45.88,-47.18,2.78,37.67
Harsh Acceleration,0,25.09,31.46,46.16,79.23,-15.95,96.38,45.78
Harsh Braking,0,30.52,33.85,37.55,69.5,-11.14,64.25,24.17
Harsh Acceleration,0,30.32,36.27,38.07,71.26,-12.54,70.82,43.49
Harsh Braking,0,30.93,38.25,34.13,79.32,-6.99,92.02,13.63
Deep Discharge Warning,1,43.34,51.86,78.99,46.73,-20.45,9.08,22.34
Harsh Acceleration,0,33.84,38.52,38.19,62.54,-17.48,40.05,6.69
Battery Under Voltage,1,46.76,53.99,86.86,46.7,-25.48,3.04,0.89
Harsh Acceleration,0,23.66,28.31,34.9,69.97,-18.92,63.7,54.55
Low SoC,1,40.43,53.19,69.07,44.43,-37.94,5.25,2.15
Harsh Braking,0,35.24,42.82,46.95,72.07,-8.03,69.42,39.49
Deep Discharge Warning,1,38.96,54.02,61.96,47.14,-43.31,6.08,8.32
Low SoC,1,49.96,62.69,62.47,45.09,-26.23,3.67,3.38
Deep Discharge Warning,1,40.19,45.2,54.48,46.46,-9.13,4.98,18.89
Deep Discharge Warning,1,48.91,63.09,73.55,48.31,-74.4,10.27,20.84
Deep Discharge Warning,1,59.29,80.42,75.67,47.74,-42.28,12.43,20.52
Deep Discharge Warning,1,43.75,63.53,66.58,45.1,-51.44,8.35,13.34
OverSpeed,0,34.83,42.78,54.3,67.27,-20.08,53.7,31.15
Deep Discharge Warning,1,43.64,55.72,64.63,49.41,-48.84,11.97,3.8
Harsh Acceleration,0,32.34,40.48,44.75,68.78,-11.21,63.06,19.32
Deep Discharge Warning,1,45.75,53.93,68.81,45.6,-46.04,3.07,51.43
Deep Discharge Warning,1,46.83,65.33,68.47,47.89,-70.6,8.15,30.26
Low SoC,1,41.65,51.35,72.15,43.7,-46.52,2.43,6.02
Deep Discharge Warning,1,47.57,59.19,81.78,45.35,-39.44,3.13,10.05
Deep Discharge Warning,1,41.13,53.7,48.52,45.75,-35.6,11.58,1.71
Deep Discharge Warning,1,36.13,47.71,60.4,46.81,-42.07,14.61,16.64
Battery Under Voltage,1,42.08,55.0,56.26,47.9,-54.81,5.48,47.73
Harsh Acceleration,0,31.98,34.81,41.44,78.26,-25.58,92.28,57.0
Harsh Acceleration,0,27.61,33.71,34.27,64.88,-14.16,46.01,38.43
Battery Under Voltage,1,33.43,44.5,64.59,48.15,-54.32,7.95,2.85
Deep Discharge Warning,1,40.99,52.82,58.33,50.01,-50.97,8.58,12.59
Low SoC,1,48.75,63.08,64.57,43.94,-49.31,2.34,48.64
Low SoC,1,49.81,58.88,75.78,47.63,-51.26,7.97,4.49
Harsh Acceleration,0,24.14,31.41,39.29,69.09,-6.0,59.1,34.25
OverSpeed,0,33.11,41.8,55.03,75.62,7.03,84.67,28.12
Harsh Cornering,0,35.61,39.27,42.92,72.51,-27.01,76.41,21.29
Harsh Acceleration,0,21.4,22.86,40.58,68.14,-15.41,57.79,24.04
Harsh Acceleration,0,25.72,31.79,32.94,77.68,-19.31,96.8,52.71
Thermal Overheat Surge,1,43.06,61.0,55.1,50.91,-45.08,24.1,69.9
Harsh Braking,0,34.08,43.68,57.07,66.74,3.97,50.16,0.0
Deep Discharge Warning,1,49.89,66.26,77.8,46.52,-37.84,13.19,1.52
Harsh Cornering,0,29.53,37.38,43.33,64.88,-27.65,45.99,38.11
OverSpeed,0,24.49,28.66,28.05,71.46,-24.42,72.61,27.62
Low SoC,1,35.85,55.4,55.95,46.06,-53.73,4.89,21.66
Low SoC,1,44.11,56.91,89.62,45.4,-35.95,3.48,10.19
Harsh Braking,0,25.45,26.71,36.85,71.31,3.45,67.62,55.61
Deep Discharge Warning,1,46.43,56.72,72.81,48.7,-51.43,16.26,3.52
Battery Under Voltage,1,42.87,57.48,78.91,44.49,-54.87,2.88,1.3
Deep Discharge Warning,1,38.56,54.11,69.9,45.17,-49.3,9.18,16.62
Harsh Braking,0,31.17,32.0,49.9,78.67,-18.46,95.82,41.4
Low SoC,1,36.81,47.17,55.66,43.26,-56.77,1.72,13.4
Harsh Acceleration,0,32.78,38.46,38.08,70.61,-16.06,68.0,38.07
Battery Under Voltage,1,42.83,59.52,58.77,50.75,-61.34,13.17,2.4
Harsh Braking,0,29.69,36.49,39.45,74.88,-11.88,81.82,33.95
Harsh Acceleration,0,22.72,27.77,37.01,78.04,-22.2,93.88,30.86
Harsh Acceleration,0,27.88,33.95,37.09,66.97,-27.91,53.83,30.6
OverSpeed,0,28.91,35.87,48.11,73.09,-20.18,70.85,34.33
Consecutive Fast Charging,1,38.88,51.74,58.55,46.19,-17.68,7.36,0.68
Harsh Acceleration,0,31.07,30.74,46.49,75.38,-10.86,81.41,27.11
Low SoC,1,49.92,65.54,79.55,48.12,-52.27,15.34,18.92
Deep Discharge Warning,1,19.44,36.33,60.96,44.79,-39.13,0.36,25.68
Battery Under Voltage,1,43.53,57.05,55.62,45.79,-38.27,10.04,11.26
Low SoC,1,51.34,64.89,83.51,45.68,-50.43,4.4,6.29
Harsh Cornering,0,30.98,38.04,39.17,66.46,-13.36,50.34,32.84
Low SoC,1,39.35,52.25,64.45,44.3,-51.47,3.22,38.5
Harsh Acceleration,0,25.58,29.99,40.65,66.45,-23.09,55.16,26.37
Harsh Acceleration,0,34.4,41.35,57.56,64.11,-2.78,42.06,30.95
Low SoC,1,44.65,63.72,86.07,45.94,-42.23,7.7,6.05
OverSpeed,0,30.16,34.54,41.31,72.65,-21.43,76.37,64.17
Deep Discharge Warning,1,45.14,57.66,75.23,48.29,-44.51,12.48,1.11
Harsh Acceleration,0,31.64,37.54,43.86,74.59,-3.95,78.92,49.72
Harsh Braking,0,25.18,31.51,39.05,63.92,-27.82,45.43,5.36
Low SoC,1,35.03,43.46,64.77,45.6,-43.59,7.4,16.54
Harsh Cornering,0,25.64,32.48,44.56,74.62,-21.82,80.96,38.15
Harsh Acceleration,0,30.49,36.43,44.04,67.8,-23.92,55.53,33.47
Harsh Braking,0,26.75,32.61,41.04,67.96,-4.66,58.5,33.42
Harsh Acceleration,0,33.45,39.46,53.71,67.51,-24.03,55.91,44.66
Deep Discharge Warning,1,58.24,75.09,82.66,46.68,-51.8,8.31,7.14
Harsh Acceleration,0,34.35,41.21,42.41,68.62,-7.51,57.26,30.36
Deep Discharge Warning,1,40.33,53.59,61.83,44.52,-46.74,7.85,4.1
Deep Discharge Warning,1,43.29,58.32,46.89,47.41,-48.39,5.07,13.66
Harsh Acceleration,0,26.08,32.29,41.06,76.25,-29.79,83.37,33.44
Consecutive Fast Charging,1,45.1,68.08,62.9,50.01,-54.09,10.56,12.61
Battery Under Voltage,1,31.61,43.25,55.21,47.67,-50.85,7.44,17.19
Consecutive Fast Charging,1,43.67,62.0,57.76,46.59,-68.53,4.83,4.82
Deep Discharge Warning,1,30.82,44.63,50.63,44.31,-100.98,1.5,50.28
Harsh Acceleration,0,33.33,38.95,38.75,63.85,9.03,42.96,41.76
Low SoC,1,52.86,65.92,77.43,46.55,-65.73,7.52,24.19
Harsh Braking,0,27.49,33.79,36.58,67.01,-8.73,53.14,13.39
Deep Discharge Warning,1,41.96,55.41,68.5,45.5,-36.31,1.73,11.48
Deep Discharge Warning,1,55.23,66.57,80.78,47.93,-65.63,11.69,23.91
Deep Discharge Warning,1,46.36,54.06,72.09,47.68,-75.38,5.27,5.21
Harsh Acceleration,0,20.8,30.36,35.31,63.88,1.95,43.19,54.29
Harsh Braking,0,32.9,36.58,46.18,77.62,-42.22,91.67,28.72
Harsh Braking,0,27.18,33.43,36.57,72.66,-23.08,71.8,45.91
Deep Discharge Warning,1,46.38,59.63,77.64,46.97,-66.7,8.35,32.62
Consecutive Fast Charging,1,53.81,68.55,77.75,46.95,-29.17,7.38,2.93
Harsh Acceleration,0,34.7,44.78,46.42,68.07,-11.29,57.61,17.09
Harsh Braking,0,28.24,34.98,36.81,68.65,-22.63,56.99,52.54
OverSpeed,0,37.63,45.15,51.77,71.05,-21.64,70.44,30.01
Battery Under Voltage,1,30.74,40.46,61.11,47.02,-57.22,4.24,9.98
Deep Discharge Warning,1,30.24,42.11,45.68,43.86,-25.46,5.04,2.43
Deep Discharge Warning,1,41.08,53.12,65.21,45.79,-38.69,6.76,0.79
Deep Discharge Warning,1,39.28,45.84,71.81,48.02,-57.55,14.43,8.51
Deep Discharge Warning,1,52.27,60.51,80.88,44.3,-34.28,9.84,3.01
OverSpeed,0,33.37,39.5,47.02,66.84,-23.15,53.07,33.19
Deep Discharge Warning,1,46.55,63.39,81.83,44.3,-60.47,4.63,4.08
Harsh Braking,0,28.24,35.28,44.03,78.95,-27.32,95.69,47.34
Battery Under Voltage,1,39.21,50.44,66.8,47.36,-46.07,2.94,4.17
Harsh Acceleration,0,33.76,39.46,56.0,77.17,-14.96,90.12,58.35
Deep Discharge Warning,1,57.27,74.08,100.41,46.34,-37.51,4.8,27.92
Deep Discharge Warning,1,37.87,57.12,60.06,46.15,-51.99,4.22,1.04
Deep Discharge Warning,1,63.44,82.45,74.83,46.11,-53.11,3.72,4.75
Harsh Braking,0,29.55,31.91,38.0,64.75,-21.14,47.05,31.08
Thermal Overheat Surge,1,53.06,65.57,71.32,45.2,-42.13,1.16,11.62
Battery Under Voltage,1,40.41,56.65,64.7,51.53,-28.76,26.8,12.61
Harsh Braking,0,33.88,43.72,43.15,64.35,-11.77,43.45,45.88
Deep Discharge Warning,1,44.56,56.53,65.64,48.26,-55.74,12.42,5.28
Consecutive Fast Charging,1,49.23,54.89,89.39,45.68,-44.74,2.01,5.22
OverSpeed,0,31.38,39.52,48.79,66.74,-5.84,51.83,27.04
Harsh Braking,0,27.15,31.19,47.65,72.55,-24.39,69.08,43.2
Harsh Acceleration,0,27.18,36.87,37.79,66.52,-16.05,52.1,18.54
Harsh Braking,0,29.89,32.95,53.81,72.17,-25.7,70.36,42.1
Battery Under Voltage,1,39.28,51.11,49.38,49.38,-62.93,11.96,28.63
Low SoC,1,37.77,49.93,69.44,47.82,-39.63,5.23,22.8
Battery Under Voltage,1,48.93,62.87,79.6,44.99,-54.7,2.09,14.09
Deep Discharge Warning,1,44.68,53.41,75.73,47.14,-49.31,5.14,1.9
Harsh Acceleration,0,23.15,26.43,37.67,78.36,-22.62,94.64,24.11
Deep Discharge Warning,1,58.46,67.13,92.87,47.46,-43.07,2.93,15.25
Deep Discharge Warning,1,43.15,49.83,58.2,47.07,-12.85,8.28,34.05
Low SoC,1,32.74,45.42,63.57,44.46,-73.13,3.91,20.65
Battery Under Voltage,1,38.71,51.48,64.59,46.97,-60.44,18.12,9.94
Deep Discharge Warning,1,41.59,53.64,78.86,45.31,-46.86,2.66,3.31
Deep Discharge Warning,1,35.14,46.15,54.69,48.84,-22.83,17.98,24.68
Low SoC,1,43.89,60.89,68.21,45.97,-47.97,1.21,15.45
Harsh Acceleration,0,29.18,32.32,38.98,77.52,-12.67,90.04,66.76
Deep Discharge Warning,1,20.36,32.32,44.94,43.62,-38.53,2.09,20.14
Harsh Cornering,0,32.02,34.79,43.49,71.97,-26.51,74.3,30.19
Harsh Acceleration,0,32.72,41.61,44.53,69.32,-22.83,61.13,8.89
Low SoC,1,39.18,52.4,76.57,45.02,-41.04,2.9,20.94
OverSpeed,0,25.21,32.25,44.47,78.66,-20.18,93.03,36.04
Battery Under Voltage,1,42.84,48.42,66.17,46.35,-20.09,8.17,11.74
Low SoC,1,50.52,64.24,76.96,45.44,-63.73,8.04,19.84
OverSpeed,0,23.48,31.23,36.4,66.86,-8.43,50.41,37.58
Battery Under Voltage,1,48.87,64.41,69.69,50.11,-48.18,20.09,5.02
Deep Discharge Warning,1,38.73,49.41,70.83,44.82,-46.84,14.38,2.26
Low SoC,1,53.78,67.8,80.65,47.41,-51.43,6.42,17.65
Low SoC,1,43.03,49.61,73.12,47.47,-47.36,11.24,14.02
Battery Under Voltage,1,48.46,59.62,65.89,45.22,-59.71,4.64,24.95
Harsh Braking,0,29.28,37.5,37.49,69.08,-26.49,57.94,14.46
Deep Discharge Warning,1,39.48,55.84,66.57,45.67,-63.75,8.38,17.74
Low SoC,1,42.11,58.18,75.93,45.3,-31.15,7.15,17.28
Harsh Braking,0,26.67,31.89,44.03,70.97,-15.47,62.81,42.32
Deep Discharge Warning,1,51.14,58.63,76.82,45.02,-64.87,3.61,0.6
Harsh Braking,0,24.48,31.59,30.62,78.38,-5.83,91.89,36.76
Harsh Cornering,0,32.27,37.89,34.22,76.44,-19.43,86.63,44.19
Deep Discharge Warning,1,41.85,54.12,83.4,46.33,-51.48,8.79,13.42
Harsh Cornering,0,30.71,37.02,34.28,75.45,-14.7,82.26,7.61
Low SoC,1,34.99,40.33,51.49,46.04,-51.26,5.53,9.55
Battery Under Voltage,1,51.16,65.03,69.52,49.21,-61.29,21.78,19.37
Low SoC,1,52.17,68.74,82.51,48.05,-28.43,3.66,29.21
Harsh Cornering,0,27.9,37.7,45.49,78.33,-22.32,95.1,4.47
OverSpeed,0,29.61,36.73,50.38,79.48,-32.6,96.73,43.47
Deep Discharge Warning,1,26.14,34.98,47.96,45.57,-37.65,2.06,26.88
Harsh Acceleration,0,28.51,35.72,42.21,74.55,-19.43,79.02,39.92
Deep Discharge Warning,1,34.17,43.76,64.36,49.02,-47.52,10.89,3.54
Harsh Cornering,0,38.1,42.95,53.94,73.25,-26.94,76.12,25.82
Low SoC,1,37.94,53.58,65.0,46.8,-49.33,8.6,12.11
Deep Discharge Warning,1,42.59,53.3,65.04,46.05,-36.83,11.38,12.72
Low SoC,1,41.67,54.99,72.17,46.78,-48.36,2.09,19.72
Deep Discharge Warning,1,46.16,63.84,82.05,45.24,-57.92,8.73,12.2
Harsh Acceleration,0,25.98,34.57,37.79,77.43,-20.38,93.21,14.63
Battery Under Voltage,1,44.26,55.93,59.73,46.45,-63.93,7.96,17.42
Deep Discharge Warning,1,35.14,47.99,55.54,48.3,-70.83,15.11,0.71
Harsh Acceleration,0,31.64,32.19,51.37,72.8,-15.22,79.89,18.36
Deep Discharge Warning,1,50.05,59.57,72.74,44.24,-86.14,1.63,17.01
Harsh Braking,0,32.98,35.63,44.47,63.84,-11.4,41.34,22.05
Harsh Acceleration,0,27.26,32.22,44.51,64.82,-16.08,46.15,28.96
Harsh Braking,0,24.67,26.71,48.89,65.14,-21.25,42.23,41.03
Deep Discharge Warning,1,28.76,40.04,54.41,44.76,-31.27,2.28,4.34
Harsh Braking,0,28.59,36.28,42.21,66.38,-27.27,46.0,49.97
OverSpeed,0,34.66,43.77,43.95,64.52,-12.37,44.81,32.11
Thermal Overheat Surge,1,33.89,49.05,55.21,46.5,-49.52,5.5,13.9
Harsh Braking,0,25.67,30.61,34.77,68.64,-7.4,61.83,26.47
Low SoC,1,37.01,52.69,66.75,45.05,-39.8,3.12,2.54
Low SoC,1,48.9,61.92,61.58,47.0,-40.26,5.11,0.82
Low SoC,1,48.53,58.15,68.64,45.31,-60.06,6.5,3.48
Deep Discharge Warning,1,33.11,46.3,54.95,46.97,-58.93,2.61,11.27
Low SoC,1,32.37,43.23,67.31,45.43,-25.11,7.28,11.14
Harsh Acceleration,0,36.05,42.0,54.99,64.13,8.01,43.03,41.06
OverSpeed,0,26.26,33.17,45.88,71.09,-15.33,69.47,39.05
Deep Discharge Warning,1,26.88,38.97,47.72,46.08,-48.92,5.95,13.75
Battery Under Voltage,1,49.87,60.52,85.22,46.14,-50.01,8.12,34.28
Harsh Acceleration,0,25.77,29.82,42.34,70.16,-7.69,60.81,36.15
Harsh Braking,0,33.42,39.38,47.5,64.15,-20.72,47.12,19.51
OverSpeed,0,33.68,40.23,49.19,75.11,0.14,81.64,29.89
Harsh Acceleration,0,21.68,31.09,28.58,68.87,-9.16,61.34,26.95
Harsh Acceleration,0,25.68,32.45,37.85,65.21,-13.17,49.03,14.71
OverSpeed,0,34.2,37.58,44.98,66.19,-16.49,50.91,15.24
OverSpeed,0,30.89,35.32,40.97,77.8,-18.14,95.68,32.42
Harsh Acceleration,0,36.7,45.47,47.14,75.93,-11.9,88.42,17.93
Harsh Braking,0,29.97,32.41,39.46,75.75,-9.35,85.26,24.21
Battery Under Voltage,1,33.93,45.36,64.5,50.23,-58.58,14.71,26.99
Consecutive Fast Charging,1,55.02,61.54,72.89,47.19,-48.55,3.17,17.38
Harsh Acceleration,0,25.07,26.9,26.25,75.83,-16.9,83.28,17.09
Harsh Acceleration,0,33.1,44.16,44.89,72.12,-4.63,68.5,24.1
Deep Discharge Warning,1,47.75,63.17,75.06,45.11,-54.94,4.39,9.94
Harsh Braking,0,28.88,39.28,46.66,73.34,-32.53,78.91,7.47
OverSpeed,0,31.33,38.82,34.65,70.57,-3.84,63.32,43.14
OverSpeed,0,23.24,24.66,29.79,64.61,-19.31,49.15,32.68
Harsh Braking,0,32.21,40.77,46.25,69.45,2.24,64.8,16.66
Harsh Acceleration,0,29.89,36.3,31.14,65.47,-3.02,46.02,38.44
Consecutive Fast Charging,1,42.21,56.54,68.07,47.09,-25.9,1.64,3.85
Deep Discharge Warning,1,44.21,56.68,79.05,46.73,-67.6,7.97,24.32
Low SoC,1,38.11,50.39,65.23,43.72,-41.86,1.45,28.52
Harsh Acceleration,0,33.28,37.87,47.42,63.43,-15.07,46.25,26.87
Low SoC,1,53.47,61.58,98.19,46.28,-43.85,3.47,7.01
Low SoC,1,43.15,58.87,71.45,49.17,-19.1,13.51,6.66
Harsh Braking,0,34.54,40.73,47.15,68.66,-17.67,55.21,37.75
Deep Discharge Warning,1,45.28,56.45,74.87,47.51,-60.84,3.46,30.5
Harsh Braking,0,34.79,36.15,46.31,65.55,-5.88,45.05,40.78
Harsh Acceleration,0,28.14,29.68,43.29,64.67,-39.13,44.92,47.13
OverSpeed,0,31.62,39.26,35.19,78.9,-20.14,97.77,18.84
Deep Discharge Warning,1,34.54,50.69,57.02,43.87,-41.29,1.72,8.41
Low SoC,1,40.71,56.46,84.62,44.25,-37.08,3.0,7.85
Harsh Braking,0,31.81,36.37,41.06,73.88,-32.6,78.26,10.31
Thermal Overheat Surge,1,46.94,61.68,71.26,46.13,-54.63,11.08,24.32
OverSpeed,0,32.46,39.16,39.28,79.48,-13.4,95.81,44.31
OverSpeed,0,32.54,44.99,49.78,73.35,-16.28,75.53,38.23
Harsh Braking,0,26.11,30.47,42.31,78.01,-34.09,91.54,29.39
Low SoC,1,36.48,52.07,62.77,49.82,-21.17,17.27,11.04
Deep Discharge Warning,1,38.16,57.9,68.81,46.61,-35.95,8.07,19.62
Battery Under Voltage,1,35.57,54.88,56.93,47.18,-52.39,5.93,10.18
Battery Under Voltage,1,32.66,46.35,59.85,48.6,-46.64,6.81,17.27
Low SoC,1,48.19,63.64,73.87,49.93,-50.96,22.96,4.94
Harsh Braking,0,36.13,42.78,50.58,68.93,-15.98,61.83,42.36
Harsh Braking,0,35.7,40.13,36.32,64.42,-11.47,43.56,34.29
Deep Discharge Warning,1,46.62,62.37,67.29,49.1,-65.78,19.12,19.65
Battery Under Voltage,1,38.27,50.52,56.64,48.34,-37.24,9.59,23.07
Harsh Braking,0,32.79,39.89,45.32,68.59,-19.33,56.04,14.97
Harsh Acceleration,0,37.75,45.13,42.89,74.91,-16.89,79.97,53.78
Consecutive Fast Charging,1,36.67,47.01,65.71,43.88,-47.66,0.65,15.76
Harsh Braking,0,26.59,32.77,50.94,70.08,-27.12,61.58,20.43
Low SoC,1,59.22,71.56,84.91,42.29,-37.1,0.88,2.38
Harsh Acceleration,0,30.2,32.81,45.44,67.64,-32.9,54.14,43.59
Deep Discharge Warning,1,42.54,57.02,57.21,47.0,-32.21,4.85,2.88
Deep Discharge Warning,1,40.95,52.79,64.49,45.88,-45.27,5.24,0.7
Harsh Acceleration,0,27.81,31.54,46.14,77.69,-27.52,93.14,52.07
Deep Discharge Warning,1,52.74,66.23,75.79,46.91,-61.11,9.86,0.99
Harsh Braking,0,30.63,38.82,35.59,76.12,-6.65,89.97,24.2
Low SoC,1,35.26,51.45,51.59,46.27,-30.15,8.63,6.2
Harsh Acceleration,0,30.49,36.45,40.54,75.09,-16.92,82.24,23.53
Low SoC,1,51.48,70.54,75.69,47.73,-37.9,15.63,0.89
Harsh Braking,0,23.52,27.51,36.73,74.44,-21.46,80.7,24.4
Battery Under Voltage,1,53.36,66.69,75.33,46.1,-38.01,9.42,2.55
Harsh Acceleration,0,29.37,36.31,38.15,69.9,-22.2,59.74,33.64
Harsh Braking,0,30.58,32.25,31.02,68.4,-0.49,57.81,36.27
Deep Discharge Warning,1,38.41,47.49,74.88,44.96,-38.03,7.95,47.18
Deep Discharge Warning,1,44.34,52.13,58.72,44.62,-31.0,5.7,1.76
Harsh Braking,0,27.97,38.95,32.3,67.32,-18.31,54.77,31.46
Consecutive Fast Charging,1,39.27,52.34,55.4,45.45,-40.99,1.77,24.78
OverSpeed,0,27.97,34.09,37.2,73.32,-21.79,77.73,38.48
Harsh Braking,0,27.58,33.09,32.54,76.92,-14.78,88.66,24.86
Deep Discharge Warning,1,41.81,48.99,50.73,46.28,-78.46,16.38,18.64
Low SoC,1,34.89,47.25,72.63,47.95,-62.67,7.74,48.39
Harsh Cornering,0,30.32,38.18,36.24,65.66,-12.13,49.2,39.42
Deep Discharge Warning,1,23.78,32.19,53.38,44.92,-32.81,1.93,19.99
Harsh Cornering,0,31.48,35.2,38.81,72.85,-15.06,70.72,42.04
Battery Under Voltage,1,32.1,46.7,41.3,45.15,-77.33,1.1,33.54
Harsh Acceleration,0,26.65,31.44,32.34,77.04,-3.88,91.94,19.39
Harsh Braking,0,31.42,41.25,49.81,66.88,3.36,52.36,53.91
Harsh Braking,0,34.43,39.2,46.09,75.62,-2.44,85.13,46.52
Harsh Braking,0,35.92,41.72,44.69,66.79,-2.59,51.87,28.2
Deep Discharge Warning,1,36.51,39.44,70.29,47.3,-28.66,6.91,97.78
Consecutive Fast Charging,1,44.05,63.41,64.97,46.79,-40.6,9.47,26.61
Harsh Braking,0,23.28,33.04,45.56,75.39,-1.03,88.4,49.55
Battery Under Voltage,1,40.12,47.7,77.66,49.53,-47.27,14.31,4.52
Low SoC,1,52.78,71.9,73.57,45.31,-42.41,10.37,0.82
Low SoC,1,33.63,50.59,63.33,47.01,-22.01,11.66,7.57
Harsh Braking,0,35.11,33.72,48.36,69.23,6.49,60.86,39.16
Deep Discharge Warning,1,51.87,63.39,58.18,48.33,-44.14,8.1,8.29
Harsh Braking,0,26.64,26.14,38.47,69.33,-13.1,64.83,37.06
Consecutive Fast Charging,1,36.56,46.56,47.33,46.95,-18.7,1.56,3.14
Low SoC,1,31.04,43.83,63.4,47.71,-57.71,12.43,0.68
OverSpeed,0,31.28,31.6,47.42,64.69,-8.69,43.18,40.91
Low SoC,1,35.17,49.9,72.12,46.58,-40.37,13.44,7.27
Harsh Acceleration,0,35.17,43.36,53.78,65.18,-13.17,45.67,24.06
Deep Discharge Warning,1,34.7,46.48,54.83,46.43,-46.08,2.96,42.02
Harsh Braking,0,31.8,34.95,50.72,66.04,-10.92,41.37,28.66
Harsh Acceleration,0,20.14,25.91,28.03,76.97,-13.57,86.83,40.94
Battery Under Voltage,1,48.66,57.1,66.06,45.67,-51.65,12.88,24.97
Harsh Cornering,0,25.42,30.22,38.59,77.15,-28.23,86.97,47.46
Battery Under Voltage,1,32.26,44.91,57.65,44.96,-41.08,6.41,5.29
Harsh Acceleration,0,31.38,38.33,43.66,64.04,-24.19,50.51,33.62
Harsh Braking,0,28.35,37.34,42.47,75.04,-6.2,79.2,27.93
Harsh Braking,0,33.49,39.08,49.13,74.21,-16.47,80.67,1.26
Deep Discharge Warning,1,37.17,49.64,64.51,44.33,-49.04,2.24,12.07
Consecutive Fast Charging,1,45.21,58.09,62.92,44.84,-38.27,1.2,0.71
Low SoC,1,36.39,45.76,62.29,47.85,-80.61,12.76,16.13
Harsh Braking,0,33.52,39.44,41.73,68.56,-13.73,58.43,26.59
OverSpeed,0,34.17,42.47,46.09,69.12,-0.69,55.59,49.06
Harsh Braking,0,31.08,38.53,45.21,72.03,-14.58,77.58,16.3
Harsh Braking,0,34.45,35.37,42.32,79.41,-13.89,95.2,46.27
Harsh Acceleration,0,30.36,36.68,46.85,72.97,-1.56,75.95,35.32
Harsh Braking,0,33.37,38.15,43.93,65.49,-16.5,52.22,46.97
Battery Under Voltage,1,32.64,46.83,62.91,45.17,-83.4,1.26,5.71
Deep Discharge Warning,1,52.74,70.86,74.97,45.72,-62.83,2.46,15.16
Battery Under Voltage,1,38.77,52.04,53.05,46.95,-43.93,7.85,28.99
Harsh Cornering,0,33.09,32.77,52.31,77.02,-16.77,84.07,35.16
Consecutive Fast Charging,1,42.58,57.71,67.54,47.14,-70.84,7.79,5.02
Low SoC,1,39.36,52.9,64.17,48.75,-30.43,13.43,2.21
Harsh Braking,0,28.55,34.08,39.47,72.23,-19.18,70.86,12.23
Harsh Acceleration,0,30.07,36.52,41.22,78.09,-12.8,89.21,23.78
Harsh Braking,0,31.83,36.25,45.73,75.27,-25.46,84.17,47.51
Harsh Acceleration,0,28.28,32.6,32.77,75.8,-18.46,89.95,27.36
Deep Discharge Warning,1,32.1,46.32,59.5,46.7,-19.1,2.96,7.89
Harsh Braking,0,31.19,39.89,41.26,78.56,-13.45,93.65,28.29
Harsh Cornering,0,36.4,43.12,38.76,74.26,-17.5,83.37,27.02
Harsh Braking,0,35.71,43.1,46.47,69.51,-8.13,69.56,52.09
Harsh Acceleration,0,31.0,39.01,49.12,68.38,-15.92,52.74,21.43
Low SoC,1,45.5,49.8,69.21,44.07,-20.03,1.54,2.49
Consecutive Fast Charging,1,62.2,78.47,89.35,46.74,-77.23,1.87,15.57
Deep Discharge Warning,1,44.01,49.13,72.38,46.17,-72.55,6.56,23.93
Deep Discharge Warning,1,60.02,74.22,93.3,46.82,-60.8,0.16,0.54
Low SoC,1,35.0,45.07,70.98,46.48,-30.66,5.98,45.42
OverSpeed,0,29.69,37.5,37.87,69.17,-12.22,57.25,38.77
Battery Under Voltage,1,37.95,47.33,72.67,48.37,-61.18,19.23,7.88
Battery Under Voltage,1,54.82,60.02,85.01,47.43,-62.44,6.45,10.21
Harsh Braking,0,29.01,31.83,47.89,68.95,-29.59,58.09,8.26
Harsh Acceleration,0,34.57,38.84,42.68,74.59,-3.28,78.03,26.42
Battery Under Voltage,1,44.87,61.34,75.38,48.51,-48.54,9.7,7.31
Harsh Braking,0,29.67,34.21,36.17,77.2,-0.9,87.05,29.48
Harsh Acceleration,0,24.08,30.98,46.47,65.11,-12.29,48.33,34.24
Thermal Overheat Surge,1,25.45,32.69,55.45,46.5,-25.11,5.17,12.57
OverSpeed,0,26.66,32.75,36.97,79.26,-18.72,95.84,26.82
Battery Under Voltage,1,45.61,60.09,69.77,45.24,-68.62,3.89,4.38
Deep Discharge Warning,1,44.85,55.74,71.44,46.94,-20.71,5.93,9.84
Low SoC,1,51.6,63.67,78.69,49.5,-70.96,13.7,1.56
Harsh Braking,0,29.37,36.08,41.4,71.73,-23.13,72.17,26.19
Harsh Cornering,0,31.05,38.43,55.75,69.67,-15.43,59.55,22.21
Low SoC,1,39.75,54.02,49.61,44.35,-54.8,3.16,0.4
Battery Under Voltage,1,34.76,47.25,50.42,46.85,-30.14,14.25,5.97
Battery Under Voltage,1,56.27,66.84,84.21,44.64,-61.63,3.05,0.29
Deep Discharge Warning,1,48.2,60.34,70.63,45.91,-36.86,2.06,19.06
Low SoC,1,41.9,53.85,66.55,46.28,-21.76,6.82,17.09
Deep Discharge Warning,1,43.17,49.9,57.52,48.05,-51.69,13.81,4.76
Deep Discharge Warning,1,51.21,65.82,81.97,45.76,-22.07,2.71,18.9
Deep Discharge Warning,1,45.51,58.57,80.92,47.57,-21.45,5.47,5.86
Harsh Acceleration,0,33.85,42.57,47.42,67.36,-30.09,56.54,24.05
Harsh Cornering,0,26.14,34.69,47.84,70.11,-16.0,68.8,31.41
OverSpeed,0,28.22,32.28,39.07,64.41,-21.47,42.02,25.61
Harsh Braking,0,30.52,36.56,37.87,65.2,-6.05,48.4,33.51
Battery Under Voltage,1,44.97,61.72,83.24,46.88,-63.48,8.33,2.55
Low SoC,1,37.83,46.02,61.81,46.01,-28.98,6.79,41.07
Low SoC,1,43.83,49.34,58.27,45.88,-55.35,4.0,6.99
Low SoC,1,37.07,49.98,60.5,48.46,-47.84,16.04,20.56
Low SoC,1,39.7,51.77,59.57,44.17,-40.78,6.95,7.33
Harsh Cornering,0,34.4,40.46,45.23,79.29,-40.27,92.4,16.14
Deep Discharge Warning,1,35.97,49.1,43.04,47.78,-30.63,12.33,15.7
Harsh Braking,0,28.74,37.91,40.53,73.54,-22.35,81.88,50.86
Low SoC,1,53.77,70.68,69.97,45.98,-72.14,5.05,39.03
Harsh Braking,0,30.34,37.13,38.77,74.34,-18.28,72.69,33.78
Harsh Braking,0,36.97,42.32,52.75,68.58,-13.29,57.26,34.34
Deep Discharge Warning,1,46.31,52.44,79.44,45.29,-55.47,2.63,1.46
Harsh Braking,0,27.23,34.22,32.93,75.27,-28.02,84.07,26.2
Harsh Acceleration,0,34.23,42.78,47.3,76.32,-28.2,86.16,7.18
OverSpeed,0,23.71,29.61,38.43,75.92,-11.31,88.99,25.48
Harsh Braking,0,33.46,39.64,40.97,78.04,-9.81,94.71,29.6
Battery Under Voltage,1,41.25,62.53,73.26,46.56,-40.7,4.06,20.68
Battery Under Voltage,1,43.49,63.2,84.89,46.72,-58.26,5.36,17.23
Low SoC,1,31.43,45.15,52.71,49.28,-42.16,10.72,16.11
Low SoC,1,38.29,53.4,64.73,47.51,-51.13,19.1,30.94
Thermal Overheat Surge,1,48.99,68.95,74.1,46.38,-29.29,2.93,2.81
Thermal Overheat Surge,1,44.62,49.89,63.26,47.08,-47.78,5.18,55.95
Harsh Braking,0,32.02,41.33,41.1,67.45,-22.15,54.97,23.02
Thermal Overheat Surge,1,38.62,56.1,67.6,47.95,-26.51,6.85,23.79
Deep Discharge Warning,1,44.76,50.29,74.25,47.34,-46.91,11.25,26.35
Deep Discharge Warning,1,33.34,38.73,57.03,45.46,-42.24,10.46,19.01
Harsh Acceleration,0,38.72,45.79,39.67,66.1,-9.76,50.45,40.31
Battery Under Voltage,1,48.63,66.82,74.67,50.97,-62.5,22.03,7.47
Low SoC,1,39.91,57.15,59.43,49.67,-24.96,10.78,5.84
Battery Under Voltage,1,42.83,58.74,57.51,44.53,-38.79,5.48,0.53
Harsh Cornering,0,26.79,33.24,40.53,70.73,-18.49,66.48,18.89
Low SoC,1,43.37,55.56,71.5,47.43,-40.52,8.12,8.33
Low SoC,1,47.67,60.82,64.74,44.56,-49.24,9.25,7.04
Low SoC,1,43.71,59.74,71.76,47.09,-62.19,10.53,15.63
Battery Under Voltage,1,35.99,52.1,56.62,46.0,-24.71,3.28,3.97
Harsh Acceleration,0,33.66,35.2,47.76,74.79,-30.3,78.71,11.01
Battery Under Voltage,1,39.39,52.15,66.53,49.35,-41.0,13.34,7.02
Harsh Acceleration,0,28.52,33.67,42.24,71.43,0.38,72.54,35.15
Harsh Acceleration,0,24.83,32.56,40.47,65.2,-0.44,53.24,41.16
Deep Discharge Warning,1,52.8,64.4,68.73,44.2,-35.74,2.08,5.71
Harsh Acceleration,0,29.69,34.06,45.56,78.04,-22.52,92.53,48.95
OverSpeed,0,30.8,34.32,46.42,69.99,-28.41,62.1,42.27
Harsh Acceleration,0,30.37,38.97,43.49,69.77,-14.32,62.42,25.58
Consecutive Fast Charging,1,34.16,43.93,54.46,47.49,-51.86,9.09,0.33
Harsh Braking,0,30.88,39.8,48.57,63.99,-18.24,42.05,37.75
Harsh Acceleration,0,33.64,40.4,47.57,66.27,-25.04,49.92,40.25
OverSpeed,0,37.14,43.75,47.28,73.5,-5.1,81.84,41.11
Deep Discharge Warning,1,41.68,54.49,70.38,47.99,-48.8,11.24,25.62
Deep Discharge Warning,1,39.92,44.08,51.13,45.91,-43.93,3.5,0.17
Harsh Cornering,0,29.6,36.28,43.48,73.25,-13.5,75.02,52.13
Consecutive Fast Charging,1,47.0,54.68,79.41,45.16,-39.01,3.42,2.55
Deep Discharge Warning,1,38.64,59.94,56.74,46.03,-47.16,15.02,27.26
Deep Discharge Warning,1,49.51,65.43,76.43,46.38,-50.76,6.33,0.96
Deep Discharge Warning,1,39.62,56.96,58.42,50.24,-29.4,14.8,25.47
Low SoC,1,43.67,55.5,73.21,48.75,-45.32,17.68,13.48
Harsh Braking,0,29.79,35.0,46.33,70.51,-30.23,61.88,14.11
Thermal Overheat Surge,1,43.1,62.07,72.35,47.83,-59.55,11.78,12.36
OverSpeed,0,28.32,30.39,35.87,72.15,-20.55,68.4,44.5
Deep Discharge Warning,1,25.78,41.76,63.45,48.67,-53.82,5.33,0.05
Battery Under Voltage,1,60.21,66.94,82.61,46.35,-46.1,3.33,32.32
Harsh Braking,0,33.26,36.97,51.08,75.97,-6.44,83.32,45.81
Low SoC,1,43.78,54.23,68.15,45.72,-65.38,7.01,1.83
Deep Discharge Warning,1,42.91,54.42,74.56,45.39,-36.79,2.1,25.28
Harsh Cornering,0,29.39,35.3,39.9,62.51,1.68,42.62,38.57
Deep Discharge Warning,1,31.95,46.12,54.62,46.8,-44.01,15.18,5.49
Harsh Braking,0,32.05,33.47,40.3,73.15,-14.92,74.24,25.41
Harsh Braking,0,29.8,35.27,39.34,70.17,-16.2,66.74,31.3
Harsh Acceleration,0,28.98,31.44,42.79,64.07,-0.89,40.26,31.26
Battery Under Voltage,1,32.52,35.37,54.28,46.64,-26.28,4.2,5.31
Harsh Cornering,0,25.86,33.43,44.2,77.01,-18.25,91.24,25.35
Harsh Acceleration,0,25.44,31.32,34.69,73.23,8.42,74.9,62.64
Battery Under Voltage,1,38.97,51.55,54.74,44.82,-42.19,0.83,23.73
Low SoC,1,41.49,53.25,50.5,46.44,-44.75,3.02,8.06
Battery Under Voltage,1,42.22,49.69,59.2,48.19,-56.43,12.07,53.3
OverSpeed,0,28.85,36.6,41.0,65.44,-23.47,45.61,28.38
Battery Under Voltage,1,35.47,43.77,64.85,47.52,-36.41,14.45,48.68
Consecutive Fast Charging,1,34.86,47.54,76.8,44.96,-46.08,4.01,15.05
Deep Discharge Warning,1,39.43,58.51,61.72,47.23,-46.48,15.35,16.53
Deep Discharge Warning,1,34.02,41.87,64.08,45.55,-15.29,0.32,0.57
Battery Under Voltage,1,41.59,59.34,78.55,48.46,-56.45,9.58,29.68
Deep Discharge Warning,1,50.27,67.56,87.74,46.11,-79.03,11.74,5.79
Harsh Braking,0,22.0,29.85,29.62,77.26,-1.63,87.77,44.78
Deep Discharge Warning,1,42.56,57.57,69.56,47.14,-30.38,12.83,6.99
OverSpeed,0,23.95,29.04,40.29,74.22,-23.0,74.41,37.32
Harsh Acceleration,0,27.04,39.28,36.92,77.03,-15.26,90.2,26.04
OverSpeed,0,30.02,38.09,36.78,68.78,-5.67,55.4,28.68
OverSpeed,0,30.93,38.91,39.85,70.49,-10.16,60.69,32.7
Harsh Braking,0,32.18,38.72,48.04,66.48,-24.36,53.12,28.02
Harsh Braking,0,27.42,32.49,42.1,64.06,-29.85,41.54,36.18
Deep Discharge Warning,1,55.0,69.38,77.65,44.11,-34.89,5.41,4.06
Harsh Acceleration,0,31.68,38.4,36.02,75.85,-18.83,85.64,43.24
Harsh Acceleration,0,28.55,31.48,42.75,77.04,-14.67,94.63,33.0
Consecutive Fast Charging,1,53.91,57.88,71.54,48.11,-40.81,9.8,18.39
OverSpeed,0,25.54,29.14,38.68,69.0,-21.97,65.84,38.05
Deep Discharge Warning,1,59.67,68.65,94.08,47.71,-52.45,13.06,2.45
Harsh Acceleration,0,34.05,44.79,51.17,79.09,-16.19,97.1,29.6
Harsh Acceleration,0,34.88,39.92,48.99,66.09,-22.5,49.17,17.3
Low SoC,1,51.06,72.56,108.18,46.44,-43.37,5.12,2.08
Harsh Cornering,0,31.3,38.91,42.26,66.43,-19.44,47.84,27.43
Deep Discharge Warning,1,43.68,61.04,74.79,46.71,-33.46,6.7,1.03
Battery Under Voltage,1,28.98,45.16,55.7,44.86,-65.68,4.5,18.75
Harsh Cornering,0,33.23,36.41,48.8,69.51,-24.11,62.13,53.24
Deep Discharge Warning,1,42.04,46.26,74.32,49.64,-24.94,14.42,27.63
Harsh Cornering,0,32.87,42.06,42.78,64.69,-2.82,48.6,47.12
Harsh Cornering,0,33.24,41.11,41.89,77.12,-16.94,93.6,21.81
Harsh Braking,0,38.37,39.65,44.75,69.13,-22.51,54.65,12.89
Harsh Braking,0,25.27,30.86,35.66,77.16,-26.43,87.72,23.71
Deep Discharge Warning,1,52.16,71.96,70.0,44.86,-63.82,1.16,24.88
Harsh Cornering,0,27.06,29.78,41.12,76.76,-15.51,88.52,3.58
Harsh Braking,0,30.13,37.9,46.81,78.57,-3.8,95.59,38.35
OverSpeed,0,31.2,36.42,47.72,76.56,-31.7,86.48,31.4
Harsh Braking,0,25.21,30.06,44.46,70.9,1.08,69.58,24.07
Deep Discharge Warning,1,36.06,43.31,61.99,50.01,-47.1,22.73,0.8
Deep Discharge Warning,1,48.46,56.54,75.37,46.62,-44.82,7.26,30.6
Battery Under Voltage,1,41.8,55.07,60.9,47.91,-74.73,4.63,4.42
Low SoC,1,50.32,60.91,52.93,45.09,-21.29,7.32,2.86
Harsh Acceleration,0,32.08,39.17,41.76,73.25,-32.91,76.71,42.49
Harsh Acceleration,0,30.98,36.47,36.21,70.9,-8.53,66.77,45.19
Consecutive Fast Charging,1,43.14,50.37,74.13,49.62,-41.98,15.67,6.23
Battery Under Voltage,1,50.45,60.81,76.04,44.4,-32.31,3.74,5.04
Battery Under Voltage,1,31.92,46.3,60.48,47.32,-44.14,7.2,21.07
Harsh Braking,0,38.93,46.52,62.6,67.4,-4.89,52.4,48.96
Harsh Braking,0,34.33,39.29,47.68,67.37,2.84,55.87,33.36
Low SoC,1,44.7,61.37,70.64,48.11,-52.52,7.54,1.71
Harsh Acceleration,0,32.08,32.7,57.12,70.47,-19.92,69.66,15.0
Thermal Overheat Surge,1,36.19,47.25,56.42,48.17,-46.55,9.58,30.55
OverSpeed,0,31.7,32.15,33.19,76.59,-20.16,87.87,23.04
Deep Discharge Warning,1,36.61,43.58,58.67,50.17,-79.88,23.95,2.64
Battery Under Voltage,1,42.67,54.23,64.44,45.93,-54.14,0.72,24.03
Consecutive Fast Charging,1,39.97,53.88,75.55,46.38,-54.33,5.92,36.7
Battery Under Voltage,1,52.66,62.85,74.88,48.14,-33.02,16.19,11.96
OverSpeed,0,25.35,23.82,35.16,63.62,-10.27,41.54,14.96
Deep Discharge Warning,1,36.27,51.35,63.53,49.32,-31.49,22.51,1.61
Harsh Braking,0,41.11,47.87,46.74,65.98,-10.71,50.71,20.24
Thermal Overheat Surge,1,38.0,49.99,57.03,45.28,-30.18,1.65,7.51
OverSpeed,0,26.93,32.61,41.24,79.58,-9.22,96.96,41.09
Low SoC,1,54.26,64.78,82.39,46.67,-50.99,11.44,51.65
Battery Under Voltage,1,54.29,63.94,66.18,47.87,-8.8,10.92,12.85
Harsh Acceleration,0,29.09,33.4,46.13,71.46,-20.2,70.67,16.65
Deep Discharge Warning,1,52.91,68.46,71.3,46.47,-47.57,7.22,8.11
Harsh Braking,0,30.38,32.43,47.01,66.52,-20.94,45.73,27.02
Low SoC,1,46.96,59.98,70.91,49.84,-29.26,17.16,3.2
Harsh Cornering,0,26.13,31.08,33.63,68.03,-12.55,59.29,52.75
Deep Discharge Warning,1,46.52,55.24,64.87,46.01,-46.46,5.21,0.99
Deep Discharge Warning,1,43.83,55.55,62.75,44.74,-38.39,8.41,21.77
Deep Discharge Warning,1,42.03,53.41,79.03,46.9,-18.1,5.17,5.44
Low SoC,1,47.18,59.5,79.86,48.84,-59.7,12.93,17.12
Battery Under Voltage,1,47.2,65.99,80.33,45.54,-30.45,10.5,45.47
Harsh Braking,0,26.44,35.59,43.65,64.41,-16.29,46.83,18.25
Harsh Acceleration,0,35.89,38.2,51.17,77.93,-27.8,94.69,30.46
Deep Discharge Warning,1,38.55,48.9,74.46,47.07,-64.53,10.7,10.41
Thermal Overheat Surge,1,55.43,64.08,78.44,45.14,-36.96,9.69,30.34
Deep Discharge Warning,1,54.07,61.94,78.36,44.79,-30.35,5.54,3.53
Low SoC,1,45.0,54.86,68.93,48.08,-49.64,22.13,10.51
Low SoC,1,35.92,49.11,43.82,46.85,-8.9,10.84,6.25
Deep Discharge Warning,1,39.73,48.97,62.43,47.04,-56.52,7.36,37.78
Harsh Cornering,0,35.65,41.98,49.07,69.21,-26.65,63.55,16.42
Deep Discharge Warning,1,44.45,53.27,91.26,44.7,-48.49,3.91,16.66
Low SoC,1,55.8,62.45,72.87,48.52,-64.31,11.84,10.3
Harsh Cornering,0,33.88,42.69,49.7,76.93,-16.29,84.03,13.83
Consecutive Fast Charging,1,33.28,48.76,62.4,45.56,-30.34,4.39,31.16
Harsh Acceleration,0,31.8,34.42,40.1,69.1,-9.29,65.21,33.88
Harsh Braking,0,20.36,25.23,32.76,64.48,-6.85,43.14,37.48
Harsh Braking,0,30.34,32.0,41.04,63.04,-1.52,41.95,36.04
Harsh Acceleration,0,28.49,33.12,39.3,77.86,-18.14,91.08,7.36
Harsh Acceleration,0,31.83,37.8,40.42,64.9,-12.67,46.95,40.02
OverSpeed,0,31.1,41.31,40.36,68.12,-12.47,54.33,45.67
Low SoC,1,44.69,50.93,74.42,44.09,-37.19,4.54,26.53
Harsh Braking,0,37.07,46.4,50.87,69.27,-9.21,67.85,14.56
Harsh Acceleration,0,34.65,38.31,55.95,72.32,-21.96,76.4,12.2
Deep Discharge Warning,1,36.04,44.38,54.51,45.02,-40.84,2.69,22.21
Low SoC,1,42.05,52.22,79.82,47.27,-45.96,9.28,0.61
OverSpeed,0,26.26,34.26,38.18,76.08,-3.42,87.15,51.28
Harsh Braking,0,26.11,33.8,40.3,69.41,-9.94,71.16,45.75
Low SoC,1,55.65,72.35,82.38,46.65,-45.59,10.73,11.91
Harsh Acceleration,0,32.21,37.02,48.15,77.15,-11.22,92.43,20.89
OverSpeed,0,31.87,40.61,44.16,77.0,-17.07,89.91,17.45
Low SoC,1,49.08,56.56,75.09,46.34,-58.96,7.28,14.94
Low SoC,1,36.31,52.53,54.87,47.57,-49.24,5.9,22.51
Deep Discharge Warning,1,44.02,53.43,52.52,47.61,-45.71,12.45,10.71
Harsh Braking,0,29.44,31.38,46.35,77.7,-8.79,90.59,19.04
Deep Discharge Warning,1,42.07,52.05,80.83,47.3,-14.55,16.29,16.24
Battery Under Voltage,1,46.53,59.6,64.49,47.78,-33.43,13.94,3.77
Harsh Acceleration,0,27.21,33.95,37.45,68.15,3.69,59.07,21.52
Harsh Braking,0,30.61,40.25,39.61,77.89,-33.64,91.62,18.34
Low SoC,1,41.6,52.83,63.81,47.52,-38.77,4.65,7.13
Harsh Acceleration,0,27.9,35.37,41.43,64.54,-6.03,47.6,27.93
Harsh Cornering,0,26.27,28.97,38.43,70.27,-17.17,62.26,29.5
Harsh Acceleration,0,28.38,34.85,41.57,70.92,-15.29,71.53,45.86
OverSpeed,0,30.06,38.5,53.09,78.63,-20.0,97.3,24.24
Deep Discharge Warning,1,41.7,50.37,79.18,48.19,-30.95,10.02,33.1
OverSpeed,0,33.89,38.87,43.76,70.16,-18.91,65.31,34.31
OverSpeed,0,32.06,36.63,45.05,66.65,-23.33,52.43,21.42
Harsh Acceleration,0,35.42,44.04,45.4,66.48,-4.14,50.97,37.73
Deep Discharge Warning,1,38.92,50.75,62.07,48.36,-61.94,13.67,12.87
Battery Under Voltage,1,40.24,54.35,63.23,47.82,-69.99,12.45,0.43
Harsh Cornering,0,21.56,26.08,27.74,72.53,-16.9,77.19,42.49
Battery Under Voltage,1,48.61,56.35,53.25,44.51,-37.49,3.27,19.26
Harsh Acceleration,0,31.94,33.04,44.16,70.28,-28.25,65.78,35.85
Harsh Acceleration,0,29.46,30.14,36.2,69.28,-27.82,63.4,29.39
Deep Discharge Warning,1,27.73,33.95,48.35,48.17,-76.8,9.68,39.77
Harsh Cornering,0,31.19,37.57,47.14,77.41,-27.74,92.74,29.8
Harsh Acceleration,0,31.74,36.45,49.76,68.3,-26.9,61.93,45.31
Harsh Braking,0,32.46,41.78,40.35,63.59,-12.93,41.0,39.41
Harsh Cornering,0,27.4,34.38,39.37,68.31,-17.68,61.92,24.8
OverSpeed,0,32.58,37.61,41.84,71.49,-15.98,70.67,27.71
Harsh Acceleration,0,30.57,33.27,43.19,67.85,-9.63,56.23,24.52
Deep Discharge Warning,1,40.04,57.12,78.84,47.18,-30.26,2.8,15.03
Deep Discharge Warning,1,30.76,42.01,49.62,49.89,-44.71,25.56,0.55
Harsh Acceleration,0,32.63,36.95,39.34,69.32,0.99,61.08,35.11
Low SoC,1,47.89,66.92,60.06,47.87,-33.72,10.09,14.98
Consecutive Fast Charging,1,34.2,48.31,56.46,48.58,-14.37,16.0,28.37
Harsh Cornering,0,31.16,41.93,45.67,80.27,-21.74,95.32,34.89
Deep Discharge Warning,1,55.59,71.76,79.41,48.2,-36.58,10.97,3.46
Low SoC,1,43.12,49.67,60.13,46.24,-35.16,5.47,9.99
Low SoC,1,35.16,47.15,62.02,47.18,-46.76,6.15,28.95
Low SoC,1,46.65,58.12,88.36,45.28,-24.82,5.21,5.76
Harsh Braking,0,30.37,37.54,44.62,70.49,-2.02,61.49,13.31
Battery Under Voltage,1,44.63,53.09,66.25,44.02,-63.86,3.95,5.89
Harsh Cornering,0,30.16,38.43,49.23,67.07,-16.79,54.79,19.2
OverSpeed,0,32.13,37.99,46.06,65.54,-11.11,47.6,58.73
Harsh Cornering,0,33.62,35.79,46.91,78.91,-10.37,94.44,19.97
Harsh Braking,0,30.59,35.37,35.69,67.54,-21.88,55.0,52.59
Harsh Cornering,0,32.01,33.48,44.33,75.96,2.44,86.67,10.94
Harsh Cornering,0,33.33,37.56,42.6,67.17,-24.53,50.3,27.77
Harsh Braking,0,32.69,37.05,45.04,68.48,-9.38,58.05,12.91
Low SoC,1,32.71,43.35,60.45,46.43,-54.78,11.11,34.09
OverSpeed,0,27.84,32.18,20.75,70.61,-7.04,68.98,36.19
Low SoC,1,46.95,61.68,69.9,49.13,-23.87,15.34,13.79
Harsh Acceleration,0,30.79,36.71,27.99,73.57,-16.56,79.16,34.18
Low SoC,1,46.36,58.95,74.09,47.72,-49.22,6.2,21.98
Low SoC,1,54.41,66.22,65.45,45.97,-71.46,9.22,17.86
Thermal Overheat Surge,1,43.12,59.7,89.1,46.13,-29.75,8.07,26.81
Battery Under Voltage,1,49.39,58.52,72.58,45.34,-55.96,7.01,8.24
Harsh Cornering,0,28.86,34.66,30.28,70.78,-26.56,68.81,34.49
Harsh Braking,0,38.43,41.39,57.51,76.48,-23.88,82.46,10.43
OverSpeed,0,30.17,36.01,47.79,64.66,-28.83,44.6,17.86
Deep Discharge Warning,1,39.59,48.36,52.4,45.89,-31.75,6.37,11.81
Harsh Acceleration,0,24.6,32.08,38.93,72.78,-22.59,70.58,28.81
Harsh Acceleration,0,28.06,41.98,32.62,72.53,-17.62,68.34,13.21
Low SoC,1,35.9,47.54,74.78,46.67,-21.23,8.8,33.58
Low SoC,1,41.83,54.26,65.7,47.46,-70.3,11.95,1.77
Deep Discharge Warning,1,41.89,50.98,73.44,49.32,-34.99,9.02,1.16
Deep Discharge Warning,1,45.17,60.49,75.95,49.58,-23.54,11.63,18.62
Harsh Braking,0,30.36,35.31,46.38,64.01,-31.34,42.63,7.2
Low SoC,1,39.3,53.25,71.62,46.68,-69.28,9.39,2.05
Harsh Acceleration,0,37.09,44.37,49.78,67.49,-7.0,50.45,32.48
Deep Discharge Warning,1,34.93,47.29,53.67,44.9,-59.95,0.25,28.21
Harsh Acceleration,0,29.67,33.23,48.39,73.81,-1.84,78.66,31.39
Harsh Acceleration,0,22.21,27.74,27.64,74.05,-10.69,77.86,21.4
Low SoC,1,41.95,54.97,63.81,48.64,-51.12,12.79,0.81
Battery Under Voltage,1,43.1,61.14,64.12,43.14,-23.77,6.1,32.04
OverSpeed,0,27.7,37.5,39.99,65.63,-11.43,48.29,39.24
Harsh Braking,0,28.31,33.41,42.76,80.29,-29.36,93.1,43.36
Harsh Braking,0,31.19,36.03,42.37,66.14,0.46,47.8,61.67
Deep Discharge Warning,1,42.88,57.8,69.51,46.08,-53.56,3.62,22.27
Deep Discharge Warning,1,39.11,49.27,70.53,49.71,-36.44,12.84,55.48
Low SoC,1,45.28,48.86,67.84,47.0,-27.68,6.78,4.58
Deep Discharge Warning,1,36.41,50.99,57.63,47.25,-46.15,4.9,13.26
Harsh Braking,0,33.3,35.96,55.26,70.71,-26.49,64.76,37.62
Deep Discharge Warning,1,52.29,64.01,91.51,45.77,-41.54,12.3,4.78
Harsh Cornering,0,29.31,35.29,41.51,70.46,-7.36,67.5,48.12
Harsh Braking,0,36.36,43.86,39.62,78.26,-6.91,89.73,44.63
Deep Discharge Warning,1,54.24,66.82,86.23,46.46,-63.0,9.79,0.95
Deep Discharge Warning,1,44.99,56.05,73.36,43.78,-43.01,1.77,71.72
Deep Discharge Warning,1,41.73,57.07,83.51,45.71,-32.55,13.04,1.36
Harsh Cornering,0,32.89,41.22,42.1,72.17,-10.66,68.24,22.06
Harsh Acceleration,0,27.89,38.53,40.87,67.76,-22.61,54.44,28.8
Harsh Cornering,0,35.93,41.37,51.43,71.92,-4.72,69.83,30.71
OverSpeed,0,32.07,37.91,46.11,69.45,-7.41,62.55,26.23
Harsh Acceleration,0,36.21,45.22,49.29,78.81,-16.18,96.0,41.59
Harsh Acceleration,0,38.3,42.95,48.74,67.05,-1.15,52.27,31.02
Consecutive Fast Charging,1,45.15,61.26,57.96,46.2,-21.09,4.14,0.57
Deep Discharge Warning,1,51.45,65.38,84.19,44.72,-54.89,4.54,5.71
Battery Under Voltage,1,34.98,50.83,51.68,47.22,-36.15,13.77,31.73
Harsh Cornering,0,31.9,43.12,42.15,77.85,-16.66,95.33,19.16
Low SoC,1,46.51,61.65,67.83,43.74,-18.98,4.16,37.09
Harsh Cornering,0,30.56,39.93,34.51,77.52,-20.87,91.67,34.84
Harsh Braking,0,31.68,37.82,38.87,70.65,-10.46,68.16,45.02
Deep Discharge Warning,1,44.22,58.06,68.3,47.03,-31.12,6.97,31.33
Deep Discharge Warning,1,44.02,58.09,57.31,46.14,-29.34,7.19,5.0
Harsh Braking,0,37.39,43.98,42.25,72.92,-29.46,71.25,31.59
Harsh Acceleration,0,28.04,37.5,41.1,70.34,-18.2,64.24,48.91
Deep Discharge Warning,1,37.04,49.05,61.59,48.19,-26.64,17.03,8.05
Low SoC,1,50.0,60.22,69.95,47.77,-56.17,12.0,18.78
Deep Discharge Warning,1,43.06,53.09,55.83,45.01,-57.03,3.12,5.82
Harsh Braking,0,28.15,35.32,52.86,73.19,-18.1,80.91,61.65
Harsh Acceleration,0,29.98,32.97,40.57,67.48,-1.34,52.49,26.5
Low SoC,1,37.62,51.11,60.14,48.88,-49.47,17.63,0.83
Harsh Acceleration,0,28.42,36.08,35.09,71.53,2.51,72.28,40.1
Consecutive Fast Charging,1,45.81,55.22,62.26,47.42,-45.97,7.55,0.37
Battery Under Voltage,1,38.24,48.16,52.79,45.86,-51.9,3.02,20.81
Deep Discharge Warning,1,32.11,40.11,61.95,44.18,-60.29,2.94,21.82
Harsh Braking,0,26.79,33.47,38.52,73.14,6.56,73.96,7.63
Deep Discharge Warning,1,36.65,50.76,83.52,46.95,-35.47,10.67,28.6
Battery Under Voltage,1,52.33,64.57,83.65,45.88,-72.64,12.91,3.8
Battery Under Voltage,1,36.72,51.82,62.14,47.95,-49.41,7.78,3.03
Battery Under Voltage,1,23.79,29.14,60.63,45.93,-36.81,1.08,6.21
Deep Discharge Warning,1,45.54,55.62,72.99,45.79,-38.75,3.6,6.97
Harsh Acceleration,0,21.07,26.79,35.47,66.28,-7.98,48.07,33.78
Harsh Acceleration,0,29.83,31.22,47.14,74.94,-21.49,80.53,12.3
Harsh Cornering,0,25.64,29.78,39.58,67.05,-11.08,52.0,27.74
Harsh Cornering,0,28.61,31.63,37.46,63.71,1.96,41.93,0.0
Harsh Acceleration,0,22.54,24.2,31.93,70.41,-5.33,68.88,32.76
Harsh Acceleration,0,27.91,33.82,36.61,66.21,-8.46,51.76,19.38
Harsh Acceleration,0,31.91,43.26,44.89,68.83,-16.19,59.81,13.26
Deep Discharge Warning,1,45.93,50.9,62.33,45.72,-66.21,5.12,9.92
Battery Under Voltage,1,39.72,50.41,57.26,46.81,-47.24,7.08,10.56
OverSpeed,0,33.6,42.8,49.36,78.31,-12.16,91.59,66.83
OverSpeed,0,29.65,37.95,50.94,73.97,-13.16,80.24,56.89
Low SoC,1,43.24,49.89,63.89,47.46,-49.09,18.5,0.22
Low SoC,1,41.18,46.61,72.89,45.67,-59.56,4.75,20.22
Harsh Braking,0,32.73,35.45,39.08,64.29,-30.2,51.02,26.26
Battery Under Voltage,1,40.29,50.62,60.44,47.86,-43.32,4.06,23.4
Thermal Overheat Surge,1,35.88,52.84,59.6,45.69,-42.83,5.77,18.16
Harsh Braking,0,26.66,31.98,32.24,79.76,-35.25,97.63,32.62
Harsh Braking,0,24.31,28.49,18.34,67.24,-23.16,50.68,36.63
Deep Discharge Warning,1,45.8,58.36,75.75,44.01,-38.34,4.9,12.23
Harsh Cornering,0,31.48,36.59,44.14,75.75,-14.81,87.72,43.99
Harsh Acceleration,0,35.67,41.44,43.91,66.63,-26.08,53.59,17.96
OverSpeed,0,30.95,37.32,42.13,77.35,-20.23,92.74,27.5
Battery Under Voltage,1,42.59,64.47,72.99,50.19,-43.6,14.78,19.84
Consecutive Fast Charging,1,38.36,49.07,56.14,45.92,-68.68,1.16,34.72
Deep Discharge Warning,1,21.21,31.02,49.08,46.37,-55.96,1.23,1.42
OverSpeed,0,27.46,36.06,44.08,75.75,-29.04,84.82,23.15
Deep Discharge Warning,1,43.3,55.75,67.57,48.66,-39.29,8.55,43.58
OverSpeed,0,30.97,39.77,35.58,71.2,-17.95,72.72,37.74
Harsh Acceleration,0,25.99,31.66,45.57,63.86,0.45,44.33,37.46
OverSpeed,0,28.29,33.33,43.27,76.48,-26.01,87.2,31.39
Battery Under Voltage,1,44.38,57.97,66.6,47.67,-64.09,8.49,11.27
Harsh Braking,0,32.76,39.79,40.49,78.18,-29.34,92.26,17.76
Harsh Braking,0,29.04,36.55,27.85,68.74,-10.95,56.35,31.94
Harsh Braking,0,32.5,41.84,37.38,68.03,6.85,58.76,47.21
Deep Discharge Warning,1,43.11,49.19,62.5,44.91,-42.66,5.39,1.21
Low SoC,1,29.62,44.25,52.59,43.72,-35.41,1.89,17.24
Harsh Acceleration,0,32.07,38.06,35.42,72.55,-21.31,71.54,27.02
Low SoC,1,53.03,66.73,77.62,43.97,-55.93,1.71,0.97
Low SoC,1,34.3,45.38,66.08,50.62,-55.59,13.69,1.01
Low SoC,1,43.67,52.27,60.8,45.32,-20.46,3.33,6.86
Battery Under Voltage,1,55.04,71.86,63.74,48.92,-73.03,17.62,3.01
Battery Under Voltage,1,56.49,62.28,62.33,47.11,-57.85,21.91,19.37
OverSpeed,0,31.94,39.67,44.88,64.84,-5.63,46.11,45.3
Deep Discharge Warning,1,47.85,54.49,75.22,43.81,-65.07,1.53,19.38
Harsh Acceleration,0,34.3,38.35,48.93,77.5,-16.99,95.49,36.5
Battery Under Voltage,1,40.36,56.53,74.39,44.41,-56.51,6.72,14.12
Harsh Acceleration,0,23.81,28.66,44.9,73.16,-16.63,77.1,33.92
Harsh Acceleration,0,33.16,37.72,51.36,68.22,-6.71,59.5,44.27
OverSpeed,0,29.76,33.95,42.04,77.89,-16.16,91.76,48.21
Deep Discharge Warning,1,39.3,57.33,70.4,45.91,-51.86,4.46,12.08
Battery Under Voltage,1,32.75,52.64,40.93,46.75,-59.76,10.82,14.86
Consecutive Fast Charging,1,52.56,66.58,81.51,48.1,-48.36,18.18,5.43
OverSpeed,0,30.51,38.0,43.94,65.61,-18.74,43.42,54.05
Battery Under Voltage,1,32.04,51.25,50.74,45.25,-28.92,2.0,8.23
Harsh Braking,0,26.32,31.27,40.1,63.85,-14.83,42.13,43.53
Harsh Acceleration,0,32.6,43.7,47.95,78.75,-27.76,93.15,21.68
Deep Discharge Warning,1,52.12,65.39,76.35,44.45,-43.12,1.84,11.21
Deep Discharge Warning,1,45.78,53.51,69.24,49.14,-37.5,4.83,19.63
Harsh Braking,0,29.96,38.82,36.17,72.72,-24.55,74.77,39.6
Deep Discharge Warning,1,53.33,63.23,89.94,47.53,-30.81,11.11,27.76
Harsh Acceleration,0,27.96,34.43,39.94,72.47,-17.96,74.45,20.88
Harsh Braking,0,32.54,34.95,35.1,62.71,-20.78,43.58,21.47
Harsh Acceleration,0,34.85,44.11,55.98,76.55,-21.21,89.26,38.43
Harsh Acceleration,0,29.57,29.66,35.69,62.75,-19.49,42.89,3.75
Harsh Braking,0,26.66,31.87,35.05,79.05,1.65,97.24,31.61
Low SoC,1,25.42,37.77,52.85,45.17,-49.81,3.96,10.38
Deep Discharge Warning,1,40.24,51.98,58.78,46.77,-51.49,7.75,1.0
Consecutive Fast Charging,1,35.17,43.84,65.39,46.05,-39.74,5.96,6.6
Harsh Acceleration,0,26.38,31.93,42.79,71.06,-14.91,66.21,39.01
Harsh Cornering,0,30.04,34.53,41.04,69.06,-10.41,58.65,24.58
Deep Discharge Warning,1,44.67,59.96,77.61,44.23,-26.7,7.43,1.04
OverSpeed,0,26.32,35.78,40.55,66.0,-13.21,48.67,41.32
Battery Under Voltage,1,39.93,46.46,61.64,46.86,-52.9,11.65,5.52
OverSpeed,0,33.08,35.0,44.65,66.61,-16.52,50.97,38.57
Harsh Acceleration,0,34.82,44.16,58.84,67.35,-9.8,55.58,47.85
Deep Discharge Warning,1,46.36,61.57,83.31,46.48,-48.82,1.13,20.17
Low SoC,1,42.19,60.4,64.53,47.22,-33.28,8.48,1.41
Harsh Acceleration,0,36.92,45.35,41.39,69.93,-8.88,59.29,41.09
Harsh Braking,0,36.26,45.26,49.8,66.82,-10.84,50.11,44.01
Harsh Acceleration,0,27.04,34.24,43.22,64.99,-17.17,45.95,48.34
Deep Discharge Warning,1,36.51,50.12,59.07,47.08,-51.26,6.8,6.9
Battery Under Voltage,1,46.7,60.2,83.42,45.63,-33.52,3.21,28.16
Harsh Acceleration,0,35.04,42.59,44.09,77.81,-21.82,90.43,56.5
Harsh Braking,0,34.31,42.45,43.35,64.16,-15.8,43.08,7.88
Battery Under Voltage,1,47.61,65.92,79.11,48.77,-33.97,19.27,36.35
Battery Under Voltage,1,44.15,59.14,70.46,46.83,-38.18,14.28,41.52
Harsh Cornering,0,29.65,35.01,48.65,67.78,-18.56,59.15,33.67
Harsh Acceleration,0,28.65,38.35,36.75,79.38,-15.75,96.1,18.59
Harsh Acceleration,0,29.22,35.18,36.54,76.56,-25.0,84.34,27.56
Harsh Acceleration,0,29.15,35.81,37.8,78.18,-20.03,96.67,25.52
Battery Under Voltage,1,42.98,61.34,74.22,47.03,-62.86,6.44,1.4
Deep Discharge Warning,1,38.16,46.58,67.33,44.89,-44.37,11.89,3.35
Battery Under Voltage,1,48.69,54.97,81.89,46.81,-66.99,16.91,14.15
Harsh Braking,0,35.56,39.47,43.31,64.21,-17.81,44.47,41.92
Consecutive Fast Charging,1,44.84,54.72,71.01,48.96,-10.46,14.03,17.49
Consecutive Fast Charging,1,27.56,36.91,40.44,47.45,-26.71,16.28,14.87
Harsh Acceleration,0,28.0,31.62,33.14,74.84,-16.56,80.82,40.51
Harsh Braking,0,28.96,37.48,36.97,69.51,-17.41,65.05,17.09
Harsh Braking,0,29.47,36.73,36.73,75.59,3.7,81.97,4.7
Low SoC,1,47.76,53.13,68.86,46.2,-46.83,3.96,44.05
Harsh Braking,0,33.6,40.56,44.12,64.01,-5.78,43.73,26.34
Deep Discharge Warning,1,50.49,65.24,94.12,46.49,-46.16,12.48,16.35
Harsh Braking,0,23.92,28.09,33.88,65.7,-7.11,46.3,14.4
Harsh Braking,0,29.16,38.04,47.93,73.15,-18.3,73.86,36.72
Thermal Overheat Surge,1,37.34,48.42,62.95,44.71,-38.08,5.39,25.8
Battery Under Voltage,1,51.64,67.99,72.3,47.81,-37.83,7.62,10.18
Harsh Braking,0,29.32,37.58,41.32,65.36,-18.35,49.56,28.6
Harsh Braking,0,34.29,40.97,35.41,77.6,0.14,93.01,35.8
Low SoC,1,43.99,55.04,74.17,46.5,-57.08,4.33,22.61
OverSpeed,0,30.17,33.61,39.85,78.63,-29.63,97.72,49.17
Harsh Braking,0,29.83,36.34,36.37,73.87,-17.22,79.2,31.92
Battery Under Voltage,1,50.03,64.54,67.22,45.55,-40.77,6.14,2.1
Harsh Cornering,0,34.35,40.92,40.56,79.12,-21.78,93.99,36.09
Harsh Cornering,0,27.24,33.91,48.85,69.44,-24.53,63.44,35.96
Deep Discharge Warning,1,40.12,47.64,62.09,46.36,-59.61,4.1,4.1
Thermal Overheat Surge,1,24.91,34.47,36.48,44.76,-29.84,2.01,16.65
OverSpeed,0,32.49,37.01,43.71,67.91,-14.6,55.25,17.55
Low SoC,1,39.2,54.64,62.99,47.79,-61.59,3.95,37.21
Deep Discharge Warning,1,44.24,52.3,67.16,47.45,-30.96,8.43,8.14
Battery Under Voltage,1,30.48,43.72,45.36,46.84,-56.13,9.37,2.57
OverSpeed,0,33.03,38.03,52.95,76.41,-16.32,87.76,32.35
OverSpeed,0,33.26,39.15,40.89,71.34,-13.6,66.9,37.26
Deep Discharge Warning,1,38.1,41.54,65.12,45.98,-54.5,0.9,48.53
Harsh Acceleration,0,24.07,34.85,31.68,68.36,5.16,60.83,25.41
Deep Discharge Warning,1,31.9,45.19,58.41,47.35,-36.38,7.24,24.29
Harsh Cornering,0,28.23,37.95,39.05,74.48,-18.01,78.55,20.36
Harsh Acceleration,0,32.8,35.85,36.47,78.33,-23.53,95.94,19.02
Low SoC,1,38.44,50.23,78.95,47.13,-79.63,9.89,0.62
Battery Under Voltage,1,42.17,60.05,92.35,45.11,-54.4,3.09,46.77
Deep Discharge Warning,1,38.06,47.14,63.02,50.68,-27.93,20.91,6.96
Harsh Cornering,0,28.41,36.38,36.85,76.03,-36.61,89.51,36.62
Harsh Braking,0,24.4,27.9,33.15,69.67,-17.93,59.67,27.08
Low SoC,1,52.52,64.57,79.41,47.24,-19.92,8.09,4.72
Harsh Cornering,0,26.22,31.86,41.17,77.28,-16.17,86.57,33.45
Harsh Braking,0,24.87,30.35,33.52,72.17,-4.33,64.22,26.5
OverSpeed,0,25.18,30.16,34.62,70.7,-15.84,67.8,28.12
Deep Discharge Warning,1,38.93,50.34,71.32,44.69,-43.68,4.04,40.29
Deep Discharge Warning,1,34.82,53.63,76.51,48.45,-46.2,10.6,3.89
Low SoC,1,50.04,55.81,76.17,47.63,-42.06,15.41,2.7
OverSpeed,0,27.18,33.18,39.52,72.63,-10.28,75.45,32.42
Harsh Braking,0,29.29,39.41,43.3,78.07,-13.57,96.17,13.48
Deep Discharge Warning,1,46.49,51.15,74.81,49.86,-47.21,22.08,12.19
Thermal Overheat Surge,1,33.83,47.92,60.65,46.77,-31.64,3.84,3.22
Harsh Acceleration,0,30.81,38.32,44.04,68.66,-14.84,58.61,32.31
Harsh Acceleration,0,28.91,33.38,48.16,65.16,-30.17,49.68,41.05
Battery Under Voltage,1,31.45,44.73,43.78,47.07,-21.26,3.0,34.58
Harsh Acceleration,0,40.62,44.51,52.41,72.39,-33.6,75.28,47.56
Harsh Cornering,0,26.87,31.35,41.69,71.7,-22.95,67.22,45.34
Low SoC,1,32.87,43.18,56.15,45.88,-47.36,5.26,12.76
Harsh Acceleration,0,21.68,25.72,34.55,75.28,-22.85,78.69,46.82
Harsh Braking,0,29.36,34.43,30.73,72.81,-16.25,75.46,25.5
Deep Discharge Warning,1,40.02,49.78,68.9,44.88,-62.85,7.79,5.62
Harsh Cornering,0,33.16,41.94,41.15,73.82,-9.69,77.5,35.15
Low SoC,1,47.64,66.06,67.28,45.49,-23.01,2.87,32.14
Harsh Braking,0,31.18,37.08,42.8,69.13,-24.64,64.01,19.17
Harsh Acceleration,0,24.27,26.02,48.62,71.96,-33.27,71.23,17.54
Harsh Acceleration,0,29.81,35.08,46.69,68.38,-3.94,60.59,24.73
Low SoC,1,45.55,59.44,82.98,46.83,-74.22,11.34,5.5
Deep Discharge Warning,1,53.81,66.64,76.09,45.41,-67.47,7.45,22.64
Deep Discharge Warning,1,38.0,52.09,65.03,47.62,-37.82,12.83,1.57
OverSpeed,0,33.05,39.56,43.45,68.67,-13.65,58.38,45.95
Harsh Acceleration,0,25.83,33.14,36.22,79.23,-24.02,97.98,35.97
Low SoC,1,50.37,61.76,67.41,46.01,-46.02,5.01,27.49
Harsh Braking,0,23.43,26.06,36.85,64.99,-13.68,44.27,23.32
Harsh Braking,0,25.72,34.33,36.74,73.43,-8.05,73.39,31.08
Harsh Acceleration,0,26.63,31.66,34.05,69.09,-23.5,63.27,14.12
Harsh Acceleration,0,30.17,39.12,34.44,76.31,-27.1,93.07,20.23
Harsh Acceleration,0,28.8,37.23,43.27,75.09,-8.83,79.57,28.21
Low SoC,1,53.32,56.83,83.97,44.41,-77.38,1.02,0.61
Harsh Braking,0,33.31,41.62,46.53,71.75,-17.66,70.63,30.25
Harsh Braking,0,26.26,28.72,35.03,77.56,0.33,90.83,36.51
Battery Under Voltage,1,51.16,59.94,85.31,43.17,-28.87,1.73,38.42
Harsh Braking,0,30.72,35.99,46.97,74.95,-28.02,84.42,16.17
Harsh Braking,0,30.47,35.79,38.74,66.82,-24.49,58.07,33.2
Harsh Acceleration,0,30.23,38.04,35.53,68.02,-1.66,55.15,33.05
Harsh Acceleration,0,24.38,30.73,43.29,66.65,-18.07,52.73,18.65
Deep Discharge Warning,1,40.95,50.77,65.37,45.2,-46.37,3.47,0.24
Deep Discharge Warning,1,50.37,61.94,79.04,44.89,-49.62,2.38,37.8
Harsh Braking,0,30.72,37.23,40.13,76.29,-28.42,81.34,17.3
Battery Under Voltage,1,53.34,61.76,75.94,46.49,-50.87,4.56,77.53
Consecutive Fast Charging,1,41.87,56.79,65.14,46.41,-53.95,9.41,5.27
Low SoC,1,34.87,46.52,53.28,48.6,-73.4,9.09,13.44
Harsh Braking,0,32.88,38.47,45.62,69.02,-24.9,60.28,35.69
Harsh Acceleration,0,24.91,29.76,29.16,70.01,-29.17,66.98,11.67
Harsh Braking,0,34.95,41.97,46.31,65.94,-11.23,50.13,20.4
Harsh Acceleration,0,26.24,34.64,36.33,67.21,-33.57,54.38,28.85
Harsh Braking,0,27.37,32.94,30.31,73.22,-20.47,74.55,32.57
OverSpeed,0,31.1,39.22,51.59,77.61,-16.26,84.78,55.58
Harsh Braking,0,26.08,36.24,32.58,76.62,-13.17,89.03,17.78
Harsh Braking,0,30.57,34.78,41.57,67.67,-17.63,54.67,32.07
Low SoC,1,41.58,56.8,58.82,43.73,-38.23,3.43,16.91
Harsh Cornering,0,24.6,26.76,42.03,77.2,0.96,94.61,15.18
Harsh Braking,0,28.36,34.38,39.92,73.04,-17.47,69.73,33.64
Harsh Acceleration,0,31.58,37.92,39.04,68.94,-19.45,60.37,34.56
Consecutive Fast Charging,1,45.76,61.19,72.62,45.99,-31.81,2.03,2.43
Low SoC,1,38.83,51.08,49.85,46.52,-31.62,9.7,7.91
Harsh Acceleration,0,27.11,33.98,35.96,72.54,-10.82,73.54,30.65
Deep Discharge Warning,1,48.56,57.27,91.25,44.7,-63.22,7.36,22.57
Low SoC,1,46.97,54.43,64.36,46.71,-37.28,15.68,11.41
Harsh Acceleration,0,29.56,36.15,45.72,75.15,-15.92,85.65,26.48
Deep Discharge Warning,1,39.51,50.14,48.12,44.3,-52.63,3.0,51.46
Harsh Cornering,0,27.06,33.71,43.35,77.15,-8.28,89.38,45.1
Harsh Braking,0,30.18,40.37,44.41,77.68,-10.58,89.22,39.1
Harsh Acceleration,0,26.22,32.29,39.26,72.91,-15.08,69.31,27.87
Deep Discharge Warning,1,52.77,69.52,66.73,47.72,-51.97,14.98,17.3
Low SoC,1,29.48,39.66,51.55,49.73,-67.45,16.12,13.13
Harsh Acceleration,0,25.46,29.31,40.28,70.39,-16.92,65.99,46.0
Harsh Braking,0,32.58,38.29,43.44,76.41,-16.68,86.19,40.11
Harsh Braking,0,32.5,39.3,39.97,71.77,-22.76,74.42,39.34
OverSpeed,0,28.38,30.62,43.15,79.14,-22.59,95.9,28.94
Deep Discharge Warning,1,33.81,45.56,62.93,45.69,-53.54,3.83,12.47
Low SoC,1,44.97,58.8,70.38,45.88,-57.64,17.4,16.88
Harsh Acceleration,0,32.08,37.72,38.74,64.37,-9.66,41.74,43.06
OverSpeed,0,30.91,36.68,37.1,78.22,-22.99,96.57,39.11
Deep Discharge Warning,1,41.93,53.7,70.36,47.26,-16.0,11.44,11.09
Low SoC,1,38.63,44.89,52.94,47.33,-41.24,7.0,49.41
Deep Discharge Warning,1,48.1,55.86,65.91,46.59,-40.27,10.81,13.51
Deep Discharge Warning,1,35.21,47.78,37.03,47.9,-54.36,9.95,48.65
Harsh Cornering,0,24.57,28.51,36.59,71.54,-16.06,72.69,21.96
Harsh Acceleration,0,23.69,30.99,39.75,78.34,-17.89,97.03,40.18
OverSpeed,0,27.11,33.94,42.58,66.93,-11.38,49.97,44.31
Deep Discharge Warning,1,43.16,60.58,70.83,45.26,-49.8,6.95,7.86
Harsh Cornering,0,32.86,38.94,48.43,69.43,-11.1,62.15,25.27
Harsh Acceleration,0,27.54,36.67,35.73,67.44,-20.9,50.32,48.23
Deep Discharge Warning,1,42.58,58.25,59.67,44.51,-50.73,4.69,9.84
Battery Under Voltage,1,46.18,55.07,77.0,46.36,-8.95,1.75,9.83
Harsh Acceleration,0,26.88,28.44,31.79,66.46,-25.0,54.57,24.57
Deep Discharge Warning,1,28.46,37.17,54.43,44.02,-50.74,2.06,9.58
Harsh Acceleration,0,37.47,45.16,43.61,78.4,-13.72,92.39,0.0
Harsh Braking,0,28.81,38.58,40.73,73.38,-7.26,76.74,15.98
Deep Discharge Warning,1,34.89,45.37,68.9,46.76,-27.91,14.06,38.26
Low SoC,1,44.57,65.81,66.41,46.92,-20.61,8.58,4.49
Battery Under Voltage,1,38.86,43.58,51.75,48.63,-57.46,3.47,7.27
Harsh Braking,0,31.91,42.53,40.83,71.92,-20.76,72.5,11.41
Harsh Acceleration,0,27.34,32.35,36.38,74.57,-9.64,78.98,31.73
Harsh Acceleration,0,25.69,29.28,32.79,77.58,-14.16,93.46,30.6
Harsh Acceleration,0,26.2,29.01,33.51,73.81,5.58,77.32,17.04
Battery Under Voltage,1,34.11,44.15,49.21,46.23,-54.04,11.78,0.46
Harsh Cornering,0,26.75,34.93,33.33,63.79,-15.94,42.51,24.37
Thermal Overheat Surge,1,31.37,43.32,51.96,46.21,-38.89,3.1,2.21
Battery Under Voltage,1,47.16,58.91,70.23,46.05,-26.47,6.03,3.4
OverSpeed,0,30.79,35.82,37.22,79.84,-6.33,97.31,40.19
Consecutive Fast Charging,1,50.27,64.91,82.93,45.81,-25.34,4.79,6.74
Battery Under Voltage,1,40.99,56.69,68.13,47.28,-50.5,4.12,14.36
Battery Under Voltage,1,37.44,50.33,61.14,47.6,-40.54,13.67,5.89
Consecutive Fast Charging,1,47.27,61.68,68.39,48.87,-25.49,8.76,17.38
Battery Under Voltage,1,30.83,45.36,49.2,47.69,-25.39,6.18,23.78
Harsh Braking,0,32.55,36.55,37.35,63.31,-16.38,41.54,30.22
Harsh Acceleration,0,29.84,40.11,40.0,70.72,-10.12,67.45,54.2
Deep Discharge Warning,1,40.62,57.4,62.93,49.83,-38.47,14.66,12.42
Battery Under Voltage,1,49.12,60.61,83.2,45.52,-25.12,0.65,32.97
Battery Under Voltage,1,44.61,50.92,76.11,47.69,-60.79,9.94,31.21
Harsh Acceleration,0,26.72,32.84,37.73,75.71,3.79,82.12,39.14
Deep Discharge Warning,1,47.12,61.23,72.5,48.92,-39.78,13.82,11.85
Deep Discharge Warning,1,49.23,59.06,64.79,47.0,-17.79,10.38,12.89
OverSpeed,0,32.79,39.77,41.12,72.2,-25.98,77.77,9.04
OverSpeed,0,32.76,40.3,50.36,67.22,-14.69,48.63,26.83
Battery Under Voltage,1,39.47,47.18,84.25,42.52,-58.4,3.58,42.19
Battery Under Voltage,1,42.56,57.24,67.04,47.28,-57.77,11.38,3.84
Low SoC,1,41.02,55.05,66.65,46.17,-46.06,2.64,6.37
Deep Discharge Warning,1,41.15,53.19,61.65,43.07,-41.55,6.34,58.02
Harsh Acceleration,0,29.02,35.01,43.34,75.68,-13.13,85.14,26.17
Harsh Acceleration,0,40.89,42.16,54.35,66.34,-25.66,48.73,15.1
Low SoC,1,44.89,56.12,72.99,47.33,-57.47,8.12,2.19
Harsh Braking,0,30.24,32.79,34.67,66.35,-8.24,55.56,47.3
Deep Discharge Warning,1,27.0,38.99,51.85,47.63,-64.63,11.55,5.9
Harsh Acceleration,0,30.99,35.02,46.06,69.47,-2.0,61.93,42.16
Low SoC,1,48.24,65.53,64.6,46.37,-33.08,9.67,25.48
Deep Discharge Warning,1,38.45,54.5,79.17,47.99,-29.11,19.89,0.19
Battery Under Voltage,1,35.66,50.29,51.3,46.55,-28.52,9.57,2.55
OverSpeed,0,37.28,43.61,62.03,78.88,7.12,95.51,47.07
Deep Discharge Warning,1,50.16,58.61,63.79,46.95,-46.45,19.37,11.85
Harsh Cornering,0,33.76,43.82,50.92,65.38,-34.81,45.64,36.34
Deep Discharge Warning,1,44.36,59.57,59.76,47.04,-70.01,9.83,19.36
Deep Discharge Warning,1,40.8,51.34,67.81,45.78,-55.79,5.53,10.32
Harsh Braking,0,32.66,38.23,46.41,77.12,-26.65,89.99,30.67
Battery Under Voltage,1,45.51,56.53,79.98,47.96,-53.82,19.22,10.75
Battery Under Voltage,1,47.8,59.48,68.47,48.31,-25.4,13.79,11.1
Harsh Cornering,0,28.26,32.04,39.37,71.61,8.18,66.52,31.78
Battery Under Voltage,1,47.41,66.65,67.49,46.98,-64.53,10.03,20.31
Consecutive Fast Charging,1,36.9,45.91,72.58,48.79,-46.93,15.46,12.39
Low SoC,1,34.6,53.04,56.6,47.88,-56.14,8.14,4.22
OverSpeed,0,31.67,35.86,41.88,74.1,-11.87,78.24,36.48
Deep Discharge Warning,1,42.31,46.84,70.88,45.98,-48.05,9.44,12.3
Deep Discharge Warning,1,36.22,44.86,62.36,47.1,-54.72,5.45,27.51
Low SoC,1,32.07,40.15,67.35,46.6,-29.28,6.44,14.02
Deep Discharge Warning,1,57.44,70.25,88.51,49.77,-31.44,14.43,17.26
Battery Under Voltage,1,43.66,57.66,72.97,48.32,-55.41,7.96,1.07
Harsh Braking,0,28.18,34.36,45.56,66.85,-21.04,58.01,37.67
Low SoC,1,40.87,43.68,64.62,48.63,-35.93,19.08,23.97
Battery Under Voltage,1,30.51,42.84,62.53,48.6,-54.36,12.02,3.57
Deep Discharge Warning,1,44.27,54.98,75.78,46.46,-29.12,5.54,2.66
Deep Discharge Warning,1,49.98,58.47,69.58,45.27,-53.13,2.65,19.97
Battery Under Voltage,1,50.36,69.03,76.81,45.76,-24.9,5.69,6.06
Low SoC,1,41.71,62.0,54.89,47.63,-50.0,20.23,13.24
Consecutive Fast Charging,1,38.53,52.47,55.54,48.51,-78.71,16.88,3.06
OverSpeed,0,32.05,38.87,44.1,69.25,-26.33,61.28,37.41
Harsh Braking,0,34.37,39.52,42.53,76.77,-20.69,84.8,39.12
Battery Under Voltage,1,41.28,59.94,70.11,48.33,-62.32,15.79,2.48
Harsh Acceleration,0,33.84,38.85,45.84,76.4,-9.43,88.86,44.25
Low SoC,1,35.6,44.81,62.19,47.53,-29.25,5.75,28.62
Harsh Acceleration,0,30.52,33.6,37.92,65.4,-7.52,45.78,42.7
Harsh Braking,0,28.08,32.35,43.58,70.31,-25.98,64.11,54.8
Deep Discharge Warning,1,32.45,46.76,50.49,49.59,-29.64,18.98,2.82
Harsh Acceleration,0,22.06,25.7,33.32,74.48,-6.51,80.42,31.03
Harsh Braking,0,33.27,39.41,58.06,63.38,-9.71,43.17,38.1
Deep Discharge Warning,1,40.78,59.56,59.57,44.91,-62.81,5.92,24.03
Deep Discharge Warning,1,26.53,41.36,49.93,45.02,-44.07,8.0,26.32
Low SoC,1,51.01,63.66,79.57,44.98,-15.52,5.85,16.07
Low SoC,1,49.14,64.13,79.45,49.08,-62.78,9.61,27.19
Deep Discharge Warning,1,42.01,48.84,71.58,46.63,-55.93,6.36,19.38
Harsh Acceleration,0,31.11,38.79,47.68,65.75,-22.44,54.03,19.57
Low SoC,1,35.95,54.06,56.59,50.52,-57.37,16.21,39.35
Battery Under Voltage,1,48.32,73.96,72.61,48.29,-64.11,5.39,0.78
Harsh Braking,0,36.15,40.86,49.96,73.2,-20.48,71.48,36.93
Thermal Overheat Surge,1,38.3,52.84,52.16,45.39,-58.86,9.41,19.97
Low SoC,1,45.68,54.32,83.99,47.86,-22.75,9.12,41.88
Harsh Acceleration,0,29.06,37.31,43.05,65.56,-14.95,48.64,46.12
Deep Discharge Warning,1,30.63,42.21,55.1,46.16,-41.95,4.89,15.19
Harsh Acceleration,0,33.51,38.67,45.28,70.67,-20.75,71.35,30.81
Deep Discharge Warning,1,42.34,55.86,69.58,48.24,-32.14,15.74,0.4
Harsh Braking,0,29.46,30.01,41.47,61.95,-20.22,40.18,36.0
Deep Discharge Warning,1,47.43,63.1,80.15,49.14,-39.45,12.78,0.7
Deep Discharge Warning,1,40.74,56.79,67.23,48.32,-47.14,15.99,1.67
Deep Discharge Warning,1,38.33,52.07,59.74,48.57,-53.22,14.66,33.58
Battery Under Voltage,1,46.49,60.22,80.95,46.41,-62.46,3.61,28.06
Consecutive Fast Charging,1,44.4,52.79,79.28,45.92,-34.43,8.66,14.39
Low SoC,1,44.06,55.39,83.77,45.47,-37.45,2.89,2.04
Harsh Braking,0,30.33,34.03,53.61,80.73,-26.42,97.5,41.78
Harsh Cornering,0,24.74,30.81,26.64,65.79,-24.68,46.86,23.68
Harsh Acceleration,0,29.85,35.85,53.03,68.4,-24.38,56.28,30.26
Harsh Acceleration,0,24.14,30.27,35.52,78.08,-9.61,97.55,27.04
Deep Discharge Warning,1,47.06,68.46,66.84,46.78,-36.83,13.0,9.32
Harsh Braking,0,29.01,31.76,41.01,64.07,-0.61,43.3,37.94
Battery Under Voltage,1,57.34,67.31,86.59,46.6,-32.62,11.42,97.48
Deep Discharge Warning,1,35.67,41.13,60.02,48.26,-37.7,8.47,13.82
Harsh Braking,0,29.56,35.49,49.71,74.74,-8.89,78.21,62.82
Harsh Acceleration,0,25.3,37.82,38.15,64.91,-20.76,44.74,32.67
Battery Under Voltage,1,33.48,49.8,62.62,44.97,-65.29,7.88,4.96
Low SoC,1,51.18,54.76,83.36,47.31,-39.47,7.03,16.14
Battery Under Voltage,1,48.51,57.46,69.04,45.57,-37.99,2.74,5.52
Harsh Braking,0,27.6,31.51,43.02,73.97,-14.72,81.73,20.66
Consecutive Fast Charging,1,49.12,68.32,65.86,48.24,-67.81,16.04,41.44
OverSpeed,0,32.64,41.65,42.99,69.08,-5.92,67.15,41.47
Deep Discharge Warning,1,44.35,52.22,61.38,47.98,-29.68,13.01,1.31
Battery Under Voltage,1,47.88,53.98,76.65,46.79,-71.88,11.49,32.42
Deep Discharge Warning,1,28.3,44.79,55.66,47.72,-49.46,6.58,0.08
Battery Under Voltage,1,28.24,40.83,38.59,46.64,-49.85,8.27,8.9
Deep Discharge Warning,1,45.54,48.41,74.38,49.09,-18.92,9.08,7.25
Low SoC,1,36.73,46.71,54.74,44.43,-46.32,4.32,37.73
Deep Discharge Warning,1,39.07,53.85,69.26,50.06,-48.77,22.58,6.02
Harsh Acceleration,0,28.05,29.81,43.71,68.47,-5.6,53.98,24.96
Harsh Cornering,0,28.89,35.05,40.07,76.83,-17.33,83.8,12.26
Harsh Acceleration,0,29.1,37.97,38.42,66.46,-5.11,53.5,55.08
Consecutive Fast Charging,1,48.85,64.44,63.54,49.35,-25.56,18.76,7.98
Consecutive Fast Charging,1,66.05,77.74,95.3,46.56,-17.06,12.23,14.22
Harsh Cornering,0,30.89,36.82,40.85,75.85,-23.22,90.95,43.86
Deep Discharge Warning,1,26.06,34.89,57.6,45.18,-26.47,14.46,35.33
Harsh Braking,0,32.68,44.92,46.98,64.92,-2.69,43.88,44.31
Battery Under Voltage,1,40.08,57.99,78.38,49.83,-40.49,16.9,0.96
Low SoC,1,45.89,61.14,72.02,43.24,-28.9,7.34,11.74
Harsh Braking,0,28.53,35.82,38.94,73.49,-5.82,79.34,39.26
Harsh Acceleration,0,32.56,40.07,47.48,80.43,-8.78,97.41,47.46
Harsh Cornering,0,31.26,38.16,37.07,79.27,-19.09,94.72,38.26
Harsh Braking,0,28.21,32.59,34.48,72.15,-17.05,76.07,23.23
Consecutive Fast Charging,1,38.49,41.92,70.83,46.87,-50.93,2.81,17.49
Battery Under Voltage,1,30.86,45.0,51.51,49.09,-37.81,14.11,33.65
Harsh Braking,0,20.57,26.13,36.98,63.67,-8.82,46.14,36.05
Thermal Overheat Surge,1,43.92,55.09,61.75,46.27,-34.56,10.29,0.23
Battery Under Voltage,1,43.48,52.59,74.41,45.77,-62.6,0.62,6.04
Consecutive Fast Charging,1,41.99,55.61,72.96,48.68,-36.91,3.46,9.18
Deep Discharge Warning,1,56.47,68.97,76.2,45.43,-46.15,4.32,9.02
Harsh Acceleration,0,30.01,36.3,47.93,68.26,-22.04,58.76,30.93
OverSpeed,0,29.98,29.34,40.22,65.28,-15.99,47.36,38.91
Harsh Acceleration,0,32.86,40.74,46.73,75.79,-9.0,83.91,30.39
Harsh Braking,0,29.22,35.19,42.57,67.5,-1.6,58.21,30.35
Deep Discharge Warning,1,52.56,66.63,92.48,46.18,-25.76,17.74,8.39
OverSpeed,0,34.39,42.65,46.95,77.01,-23.45,84.8,29.53
Low SoC,1,61.45,73.36,77.46,47.62,-56.56,6.78,25.93
Deep Discharge Warning,1,49.57,51.45,81.9,46.61,-28.16,7.43,1.56
Battery Under Voltage,1,41.14,55.7,59.12,44.39,-54.15,5.11,20.75
Harsh Braking,0,20.44,30.41,33.3,77.21,-37.3,90.17,41.49
Low SoC,1,31.45,42.84,64.52,44.94,-36.93,4.24,18.41
Harsh Acceleration,0,31.71,37.13,45.3,74.9,-5.52,80.25,23.79
Battery Under Voltage,1,46.82,53.47,75.67,44.06,-31.88,0.81,6.46
Deep Discharge Warning,1,33.32,48.87,57.17,46.62,-59.08,3.1,2.89
Deep Discharge Warning,1,46.61,63.53,59.61,48.83,-32.6,17.99,9.3
Low SoC,1,40.48,54.25,78.13,44.64,-52.48,7.42,0.46
Harsh Acceleration,0,28.62,34.26,46.27,65.42,1.41,44.37,37.26
Harsh Acceleration,0,23.9,31.62,28.02,63.88,-26.29,40.15,24.86
Deep Discharge Warning,1,46.48,56.92,72.04,48.66,-73.37,3.2,13.0
Deep Discharge Warning,1,33.47,37.92,71.48,46.58,-10.44,7.82,14.1
Deep Discharge Warning,1,50.97,65.59,78.14,44.36,-56.46,5.54,1.63
Harsh Acceleration,0,34.66,40.9,33.83,69.82,-18.91,60.54,25.15
Low SoC,1,48.28,53.64,61.21,46.94,-32.61,15.01,5.48
Battery Under Voltage,1,44.39,57.56,64.24,41.97,-55.16,0.83,20.2
Harsh Acceleration,0,33.54,38.51,46.13,68.09,-2.03,59.75,36.82
Harsh Braking,0,28.1,37.24,35.21,79.52,-20.58,97.54,35.16
Harsh Braking,0,30.42,32.7,42.64,68.27,-9.05,61.88,43.84
Harsh Acceleration,0,22.98,21.92,37.6,70.8,13.21,69.31,7.85
Low SoC,1,43.12,56.36,77.27,46.47,-66.7,10.41,9.14
Thermal Overheat Surge,1,35.88,52.31,59.51,44.28,-57.02,8.72,6.05
Low SoC,1,36.15,45.86,64.35,47.2,-35.72,7.43,43.57
Harsh Braking,0,28.68,42.6,45.37,70.28,-10.5,66.52,51.35
Thermal Overheat Surge,1,49.87,62.01,83.65,44.5,-59.21,6.75,5.27
OverSpeed,0,30.4,32.18,38.26,76.48,-32.86,81.45,13.99
Harsh Acceleration,0,30.35,35.29,46.4,69.4,-30.35,61.18,29.37
OverSpeed,0,33.76,40.12,55.31,77.45,-17.14,88.32,41.22
Battery Under Voltage,1,38.42,52.21,69.63,47.23,-35.43,7.63,35.12
Battery Under Voltage,1,37.14,44.57,63.64,44.38,-19.76,2.36,0.81
Harsh Acceleration,0,32.55,39.16,44.72,63.79,-16.35,45.41,38.2
Harsh Cornering,0,30.72,30.02,46.58,69.47,-27.38,62.01,30.44
Low SoC,1,40.79,55.43,51.95,47.01,-46.04,6.46,14.01
Harsh Acceleration,0,22.96,28.1,30.88,70.11,-24.11,63.73,51.94
Harsh Acceleration,0,29.83,38.14,44.58,75.24,-4.91,85.06,36.86
Harsh Acceleration,0,31.12,34.25,38.58,73.09,-24.41,72.12,20.17
Harsh Braking,0,26.46,29.5,42.23,66.46,-2.5,52.14,26.48
Harsh Acceleration,0,25.62,29.96,42.45,68.35,-18.93,54.73,33.04
OverSpeed,0,33.98,40.07,40.52,75.92,-9.33,87.62,16.39
Harsh Braking,0,26.56,28.96,40.73,79.17,-22.34,97.76,52.79
Harsh Acceleration,0,35.65,42.0,47.51,78.57,-33.74,94.26,35.71
Low SoC,1,49.33,59.03,84.53,47.66,-41.2,6.97,19.21
Low SoC,1,41.56,55.49,73.18,48.55,-59.99,15.95,10.12
Harsh Braking,0,31.95,42.47,44.12,75.63,-19.13,82.4,25.38
Battery Under Voltage,1,40.16,61.45,67.55,43.83,-36.19,1.3,2.78
Consecutive Fast Charging,1,43.89,58.3,70.41,46.88,-45.14,6.31,4.98
Harsh Braking,0,35.35,43.85,49.52,67.08,-3.93,57.68,14.53
Harsh Braking,0,30.32,36.56,41.29,71.47,-5.86,69.91,8.43
Deep Discharge Warning,1,45.01,57.88,86.85,46.06,-67.41,1.82,1.55
Battery Under Voltage,1,29.76,38.8,57.61,46.84,-41.2,7.89,4.44
OverSpeed,0,30.66,37.66,36.93,69.19,-12.1,60.19,22.04
Harsh Braking,0,35.05,40.15,47.28,63.52,-38.54,43.84,42.24
Harsh Acceleration,0,32.1,40.73,45.5,66.45,2.82,54.57,22.54
Harsh Cornering,0,27.31,31.15,37.03,69.81,-9.89,63.27,47.26
Thermal Overheat Surge,1,40.75,52.8,83.35,50.4,-57.41,18.91,22.26
Battery Under Voltage,1,35.32,42.81,59.92,46.66,-32.84,2.34,1.41
Deep Discharge Warning,1,42.46,58.26,77.73,45.79,-43.49,4.42,36.81
Harsh Acceleration,0,23.31,30.07,35.46,74.64,-24.87,84.03,21.17
Deep Discharge Warning,1,38.88,50.27,60.29,46.84,-33.74,16.16,25.64
Battery Under Voltage,1,34.19,43.98,56.22,46.65,-50.12,4.2,18.26
Harsh Braking,0,30.8,37.93,47.07,70.34,-18.89,65.15,0.55
Deep Discharge Warning,1,34.88,44.2,57.05,45.06,-50.12,1.77,2.86
Consecutive Fast Charging,1,56.02,67.5,85.91,46.64,-50.78,6.2,5.81
Low SoC,1,34.82,43.88,54.8,49.08,-33.72,14.42,7.64
Deep Discharge Warning,1,39.28,49.72,71.45,50.45,-60.34,23.12,0.64
Low SoC,1,45.21,63.17,64.26,46.09,-58.25,11.79,25.71
Harsh Acceleration,0,30.46,35.77,39.93,66.49,-5.67,51.28,34.65
Harsh Braking,0,29.56,41.12,43.47,72.8,-11.76,75.8,40.35
Deep Discharge Warning,1,47.53,54.57,90.72,45.0,-68.58,0.18,35.38
Harsh Acceleration,0,26.6,32.65,35.89,73.62,-12.57,74.78,26.28
Harsh Acceleration,0,30.85,36.29,43.14,78.49,-37.98,94.57,20.43
Harsh Acceleration,0,33.52,39.45,50.66,79.34,-2.32,97.43,33.91
Harsh Acceleration,0,36.38,47.46,47.68,73.59,-10.83,75.69,32.21
Low SoC,1,41.89,52.31,67.94,46.42,-41.41,9.35,5.62
Harsh Acceleration,0,27.96,32.38,42.56,75.07,-15.55,77.52,27.87
Harsh Acceleration,0,26.77,33.09,29.09,76.53,-9.04,90.97,18.33
Harsh Acceleration,0,30.35,34.82,33.9,73.87,-20.98,80.67,43.82
OverSpeed,0,32.76,37.11,44.89,61.94,-23.44,41.32,32.78
Harsh Acceleration,0,25.69,32.57,35.99,69.54,-24.48,62.52,27.62
Low SoC,1,37.55,42.29,55.48,46.92,-37.27,3.18,45.09
Harsh Acceleration,0,33.21,38.25,39.13,76.38,-17.64,88.12,30.46
Harsh Acceleration,0,33.25,37.86,49.14,77.58,-11.54,87.11,15.07
Battery Under Voltage,1,39.17,53.17,62.34,45.76,-41.35,0.91,14.82
Low SoC,1,34.89,41.41,47.61,47.25,-53.23,4.49,1.5
Battery Under Voltage,1,46.54,58.54,60.3,44.72,-40.12,5.01,1.63
Harsh Braking,0,29.72,36.49,43.61,76.62,-10.49,86.66,45.76
Deep Discharge Warning,1,38.95,58.33,55.91,47.03,-55.51,2.33,1.82
Harsh Cornering,0,26.35,32.07,45.98,69.83,-13.28,65.27,35.11
Battery Under Voltage,1,37.15,56.66,56.4,44.02,-65.15,1.46,8.37
Harsh Braking,0,24.74,31.74,32.59,70.13,-0.41,66.0,19.19
Harsh Acceleration,0,27.57,34.35,40.08,79.28,-17.93,94.88,28.51
Deep Discharge Warning,1,51.26,64.85,67.33,46.83,-48.76,15.21,3.35
Low SoC,1,44.65,51.74,60.01,46.97,-35.08,6.66,10.2
Deep Discharge Warning,1,47.91,56.94,63.54,46.18,-34.62,1.26,26.26
Low SoC,1,42.18,53.64,54.68,45.03,-42.86,1.3,36.31
Harsh Acceleration,0,28.16,34.73,42.41,78.63,-18.04,94.25,45.41
Battery Under Voltage,1,36.07,42.36,57.45,48.06,-14.49,4.03,45.97
Harsh Acceleration,0,29.95,37.58,37.87,72.77,-32.67,73.78,32.81
Harsh Acceleration,0,29.1,36.75,47.88,69.81,-19.15,62.95,46.35
Deep Discharge Warning,1,48.36,61.35,76.08,47.02,-62.95,1.74,11.56
Deep Discharge Warning,1,54.01,65.43,81.1,47.03,-35.02,10.41,11.74
Harsh Braking,0,29.57,37.17,38.21,65.2,-22.93,49.54,29.39
Harsh Acceleration,0,28.76,39.44,36.35,67.93,-13.08,53.54,22.23
Battery Under Voltage,1,38.81,52.27,58.01,45.4,-50.05,10.06,3.18
Harsh Braking,0,25.3,30.67,42.22,76.64,-23.39,84.78,49.37
Harsh Cornering,0,26.19,30.69,30.54,73.99,-11.25,77.15,28.61
Deep Discharge Warning,1,35.88,46.74,51.17,46.17,-51.92,5.12,3.05
Harsh Braking,0,22.73,30.1,40.16,67.54,-17.62,57.68,43.99
Low SoC,1,46.18,56.02,74.65,47.23,-33.53,13.33,46.19
Harsh Cornering,0,32.6,39.05,37.99,70.1,-18.26,65.92,35.62
Harsh Acceleration,0,22.68,29.16,34.01,73.94,-4.26,74.2,22.9
Battery Under Voltage,1,48.71,57.85,69.96,47.7,-51.43,6.06,25.08
Deep Discharge Warning,1,44.73,50.63,58.93,47.12,-33.51,9.2,19.54
Harsh Braking,0,31.41,36.83,37.03,76.16,-6.63,83.04,29.25
Harsh Braking,0,35.6,40.83,44.97,73.19,-15.76,76.55,38.02
Deep Discharge Warning,1,36.58,58.06,56.99,47.73,-46.49,8.85,12.38
Consecutive Fast Charging,1,42.35,61.98,76.6,44.92,-81.74,5.2,9.93
Harsh Cornering,0,26.35,36.73,42.46,71.44,-8.49,66.04,23.99
Harsh Braking,0,25.97,29.63,40.81,69.97,-27.81,65.42,26.45
Harsh Acceleration,0,31.38,38.43,46.8,68.37,-34.67,59.92,42.81
Harsh Acceleration,0,32.55,38.58,44.39,64.09,-16.0,43.64,42.69
Low SoC,1,47.13,64.72,71.42,45.08,-58.04,6.42,10.44
Deep Discharge Warning,1,35.62,46.19,61.45,45.9,-48.77,3.91,12.01
Consecutive Fast Charging,1,51.35,62.38,77.07,43.19,-57.55,4.1,25.71
Deep Discharge Warning,1,37.96,51.07,56.19,46.41,-57.01,9.76,5.44
OverSpeed,0,27.6,35.56,41.87,78.29,-7.73,96.88,27.55
Harsh Braking,0,36.7,42.46,48.94,75.55,-11.24,77.96,14.81
Harsh Braking,0,25.75,34.35,34.35,78.76,-25.31,95.86,23.42
Harsh Cornering,0,26.54,32.79,42.23,64.11,-20.19,46.64,39.0
Deep Discharge Warning,1,66.63,79.08,87.39,45.03,-67.05,6.0,24.88
Low SoC,1,37.17,48.51,58.03,46.05,-17.39,3.03,0.06
Deep Discharge Warning,1,33.26,43.68,63.92,44.98,-37.69,2.3,0.58
Low SoC,1,32.99,49.61,61.34,48.37,-58.54,9.21,0.21
Battery Under Voltage,1,41.95,53.84,55.25,46.44,-35.89,10.43,2.98
Battery Under Voltage,1,45.25,56.43,75.1,47.28,-64.9,6.54,2.74
Harsh Braking,0,30.89,35.71,42.13,69.92,-9.55,65.44,39.9
Harsh Acceleration,0,31.73,42.73,42.12,69.66,-19.87,63.8,50.49
Harsh Acceleration,0,27.3,31.21,46.07,75.99,-7.67,86.11,19.83
Deep Discharge Warning,1,39.58,54.73,68.81,43.06,-30.85,2.7,12.25
OverSpeed,0,36.32,40.6,43.54,63.61,-23.89,40.48,23.24
Harsh Braking,0,26.84,30.42,33.36,80.45,1.33,97.87,45.07
Harsh Braking,0,41.14,51.0,46.94,74.67,-6.82,77.53,37.87
Harsh Acceleration,0,26.91,35.4,37.45,69.76,-3.97,63.13,41.22
Consecutive Fast Charging,1,39.58,55.55,73.19,44.45,-23.39,4.13,0.92
Harsh Acceleration,0,28.53,35.71,43.06,68.21,-18.36,54.69,24.56
Harsh Acceleration,0,27.57,34.32,48.64,75.32,1.0,82.75,39.45
Deep Discharge Warning,1,52.62,61.26,85.22,46.96,-64.39,9.62,5.54
Harsh Braking,0,25.87,30.3,43.23,70.16,-22.19,67.65,39.34
Consecutive Fast Charging,1,32.97,42.13,60.61,43.96,-71.01,0.22,15.73
Harsh Cornering,0,29.33,32.82,39.02,63.68,-1.76,40.21,16.57
Deep Discharge Warning,1,49.06,63.64,66.52,45.71,-46.98,7.6,15.0
Harsh Acceleration,0,31.98,34.9,43.93,76.65,-23.56,85.37,34.89
Harsh Cornering,0,30.33,31.4,34.82,74.13,-20.24,76.65,16.41
Low SoC,1,41.06,49.16,74.16,45.47,-65.72,0.56,27.13
Deep Discharge Warning,1,46.54,58.57,82.26,46.63,-26.28,14.88,2.59
Harsh Cornering,0,29.32,38.64,43.25,77.94,-11.68,97.81,38.55
Harsh Acceleration,0,32.47,36.47,46.84,66.17,-16.43,51.8,46.79
Deep Discharge Warning,1,32.36,42.6,71.97,46.12,-41.72,8.77,15.18
Deep Discharge Warning,1,49.44,57.79,72.98,48.07,-65.36,17.43,47.11
Harsh Cornering,0,32.22,35.66,42.37,70.69,-29.78,66.78,16.67
Harsh Cornering,0,28.74,35.92,37.73,69.26,-10.61,61.26,21.35
Harsh Braking,0,32.52,38.24,53.21,67.01,-3.8,55.96,21.84
Consecutive Fast Charging,1,41.58,54.49,70.57,48.82,-52.36,17.79,30.38
Harsh Acceleration,0,27.71,35.76,29.8,74.18,-4.08,77.29,34.99
Harsh Braking,0,29.51,35.2,30.08,63.36,-16.59,44.5,44.76
Low SoC,1,45.88,57.29,72.94,45.43,-55.14,8.66,23.46
Deep Discharge Warning,1,47.13,65.42,78.04,45.57,-19.5,1.56,4.46
OverSpeed,0,34.86,38.1,41.63,67.65,2.08,52.9,35.55
Harsh Acceleration,0,29.4,37.8,41.94,69.74,-34.08,64.65,8.9
Harsh Braking,0,22.06,27.05,36.13,65.11,-18.38,50.46,25.28
Harsh Acceleration,0,26.3,29.56,39.13,77.99,-0.05,91.48,17.04
Deep Discharge Warning,1,38.42,50.91,56.4,48.02,-19.66,16.27,3.6
Low SoC,1,48.59,66.48,81.27,45.57,-56.15,2.36,12.55
Harsh Cornering,0,22.79,32.64,41.3,69.4,-24.28,65.28,39.04
Deep Discharge Warning,1,28.18,33.8,69.32,48.64,-89.93,10.53,22.89
Harsh Braking,0,27.21,33.77,37.68,77.51,-13.46,85.14,48.65
Harsh Braking,0,28.54,31.86,43.78,71.28,-5.61,71.05,29.64
Low SoC,1,44.73,56.96,77.53,45.1,-27.45,3.19,24.97
Thermal Overheat Surge,1,46.98,58.49,95.49,47.11,-52.67,9.91,17.49
Harsh Acceleration,0,27.78,32.54,38.4,76.42,-4.28,93.32,17.53
Battery Under Voltage,1,49.38,58.13,84.13,44.92,-52.48,9.0,1.61
Harsh Acceleration,0,30.84,36.14,44.12,66.85,-22.16,54.74,2.74
Battery Under Voltage,1,35.0,56.0,56.49,43.86,-52.26,4.03,21.5
Battery Under Voltage,1,38.33,50.84,65.28,46.56,-56.92,2.8,26.87
Battery Under Voltage,1,39.46,55.9,64.91,44.81,-34.23,5.59,6.99
Harsh Braking,0,37.01,44.66,43.83,66.36,-10.06,47.83,35.18
Low SoC,1,35.49,45.94,60.09,45.24,-43.03,3.17,1.34
Harsh Braking,0,28.7,32.29,46.23,76.85,-6.45,88.27,25.23
Harsh Braking,0,30.42,38.01,33.58,68.22,-3.92,56.79,44.44
Harsh Braking,0,31.68,38.26,44.32,62.95,-10.81,41.26,24.6
Harsh Braking,0,22.85,30.53,36.25,76.23,-21.41,92.64,55.69
Battery Under Voltage,1,46.25,51.57,67.96,47.1,-15.43,1.72,20.46
Low SoC,1,47.12,56.83,69.97,46.93,-50.52,11.55,8.68
Harsh Braking,0,26.37,31.64,40.97,71.49,-5.29,63.12,24.52
Harsh Acceleration,0,26.23,30.96,45.61,63.58,-20.39,46.66,42.92
Battery Under Voltage,1,47.99,52.68,73.85,44.82,-43.16,5.41,7.7
Deep Discharge Warning,1,39.34,56.95,59.1,42.68,-50.65,2.79,34.56
Deep Discharge Warning,1,31.13,40.92,58.75,44.97,-45.17,1.54,0.44
Consecutive Fast Charging,1,35.6,50.08,67.9,47.93,-36.66,1.94,0.42
Harsh Braking,0,24.99,30.17,40.88,72.61,-41.1,69.46,42.63
Consecutive Fast Charging,1,47.09,60.5,69.69,45.89,-47.38,6.77,11.55
Harsh Cornering,0,26.13,32.24,38.0,64.94,-34.39,51.24,46.45
Battery Under Voltage,1,39.32,50.38,63.65,45.23,-84.5,8.99,6.48
Harsh Acceleration,0,25.47,29.98,39.03,77.44,-10.51,89.61,15.67
Battery Under Voltage,1,27.85,38.39,50.02,44.68,-28.3,2.06,2.75
OverSpeed,0,19.07,22.07,27.14,68.76,-10.17,60.15,36.18
Deep Discharge Warning,1,59.37,69.1,92.26,46.67,-59.35,10.86,21.84
OverSpeed,0,30.85,35.83,43.4,74.41,-28.34,83.53,18.75
Harsh Braking,0,31.32,36.6,39.13,72.39,-13.21,74.9,33.84
Battery Under Voltage,1,40.07,49.09,47.51,48.12,-49.66,17.17,9.13
Harsh Braking,0,29.87,30.69,48.37,73.28,-15.19,77.65,49.55
Harsh Acceleration,0,34.92,37.51,44.05,69.14,-11.42,63.75,30.86
Battery Under Voltage,1,38.88,46.61,56.81,46.54,-72.49,11.21,3.26
Harsh Acceleration,0,32.79,43.99,46.18,68.73,-15.3,59.44,44.13
OverSpeed,0,35.2,37.57,53.16,69.63,-28.95,61.06,33.77
Deep Discharge Warning,1,46.71,64.65,65.16,45.81,-47.92,8.83,3.22
Harsh Cornering,0,25.33,28.97,38.76,79.45,-14.41,97.24,21.64
Harsh Acceleration,0,30.19,33.46,36.77,76.84,-19.97,88.45,27.9
Battery Under Voltage,1,43.73,50.81,53.83,44.71,-67.1,10.52,2.95
Deep Discharge Warning,1,44.54,53.02,69.74,48.73,-36.82,17.53,12.93
Harsh Acceleration,0,25.99,35.3,41.38,65.61,-16.98,46.71,24.72
Harsh Acceleration,0,27.38,33.85,36.4,66.04,-6.38,51.71,45.78
Harsh Acceleration,0,37.25,40.4,53.19,71.69,-8.41,70.84,39.29
Low SoC,1,41.85,55.92,59.48,46.56,-50.5,2.79,23.65
Harsh Acceleration,0,33.25,38.28,50.11,70.57,-5.45,65.5,21.76
OverSpeed,0,26.38,30.07,38.62,77.75,-5.84,94.97,23.61
Low SoC,1,45.21,55.85,66.94,46.48,-45.58,13.86,41.9
Deep Discharge Warning,1,34.65,40.39,54.1,47.32,-29.19,13.55,25.3
Deep Discharge Warning,1,37.25,53.79,70.66,46.71,-65.82,5.3,20.63
Thermal Overheat Surge,1,33.9,44.03,55.63,46.95,-39.71,4.92,16.33
Deep Discharge Warning,1,39.75,52.41,48.84,46.77,-27.26,4.47,10.15
Low SoC,1,39.84,58.2,77.02,46.84,-25.36,6.76,5.06
Harsh Braking,0,33.48,38.42,45.21,76.15,-5.84,88.88,4.03
Harsh Braking,0,29.21,34.57,42.7,68.72,-5.27,59.55,55.1
Harsh Acceleration,0,27.33,30.79,39.08,73.13,-4.96,71.03,35.76
Harsh Braking,0,29.52,38.11,49.07,70.3,-9.99,65.38,22.06
Harsh Braking,0,35.28,41.65,40.52,63.96,0.31,40.02,48.11
Deep Discharge Warning,1,50.32,56.48,78.3,44.4,-41.47,5.32,6.1
Deep Discharge Warning,1,32.64,37.36,57.69,44.8,-45.45,2.44,29.18
Low SoC,1,61.1,69.84,89.89,46.4,-34.41,3.17,16.81
Battery Under Voltage,1,39.09,61.83,66.06,45.91,-39.28,6.86,7.77
Low SoC,1,41.36,49.51,80.62,46.33,-24.17,10.23,14.43
Battery Under Voltage,1,20.34,30.73,59.71,48.17,-53.59,7.93,0.14
Battery Under Voltage,1,41.28,47.57,66.62,45.29,-82.54,7.95,7.87
Low SoC,1,41.6,49.19,77.28,46.21,-61.87,2.79,30.86
Low SoC,1,37.5,43.6,69.14,45.03,-40.45,5.49,20.91
Consecutive Fast Charging,1,37.87,56.43,59.5,45.07,-21.63,2.18,5.15
Consecutive Fast Charging,1,45.2,55.52,53.93,45.55,-64.87,2.09,4.04
Harsh Braking,0,34.88,39.53,45.76,66.82,-15.61,57.4,38.36
Harsh Braking,0,31.88,37.66,41.72,73.99,-20.44,76.18,6.0
Low SoC,1,44.85,54.79,78.41,47.89,-19.71,2.1,12.1
Harsh Acceleration,0,30.56,38.19,48.93,69.34,-3.99,62.75,34.62
Low SoC,1,29.73,41.78,58.81,47.45,-22.43,4.53,8.03
Harsh Braking,0,22.33,26.93,28.08,75.3,-15.5,84.28,16.9
OverSpeed,0,27.58,34.32,37.36,70.36,-11.82,69.65,34.93
OverSpeed,0,32.51,37.22,35.32,69.57,-22.42,64.44,40.38
Harsh Acceleration,0,37.48,42.37,52.39,65.36,-15.65,50.6,21.62
Low SoC,1,39.2,58.16,53.59,47.34,-32.91,6.36,9.45
Consecutive Fast Charging,1,46.61,61.16,77.28,45.07,-29.85,0.44,18.27
Harsh Acceleration,0,35.12,40.76,44.73,64.74,2.38,46.64,24.37
Low SoC,1,40.53,50.37,65.69,47.19,-31.43,5.36,38.91
Low SoC,1,46.66,56.02,72.07,46.34,-43.7,6.34,31.52
Harsh Braking,0,37.73,43.11,48.91,68.92,-29.25,62.71,38.27
Deep Discharge Warning,1,35.25,50.75,60.89,45.48,-50.84,1.36,5.03
Harsh Acceleration,0,34.23,35.97,37.25,68.73,-22.25,61.17,38.59
Deep Discharge Warning,1,34.18,49.49,50.58,44.38,-44.75,4.66,31.22
Thermal Overheat Surge,1,42.16,56.1,65.25,46.42,-42.97,5.93,40.37
Harsh Braking,0,30.06,38.87,36.21,71.66,-25.18,74.02,19.33
Deep Discharge Warning,1,47.11,66.0,82.19,46.51,-43.96,12.24,20.95
Deep Discharge Warning,1,47.4,59.11,79.04,47.63,-30.87,10.75,2.68
Deep Discharge Warning,1,41.49,57.02,83.58,47.77,-67.26,2.35,26.19
Harsh Braking,0,30.3,33.04,39.5,64.54,-12.76,51.17,21.69
Harsh Acceleration,0,34.65,42.58,51.79,65.74,-28.3,48.04,28.73
Low SoC,1,48.71,66.91,80.96,47.11,-32.84,4.28,6.19
Thermal Overheat Surge,1,38.94,55.91,64.52,49.03,-33.69,15.15,5.47
Low SoC,1,34.1,38.03,59.09,47.61,-54.35,10.93,2.35
Deep Discharge Warning,1,54.4,61.98,78.45,46.31,-33.09,16.07,12.16
Harsh Braking,0,31.02,37.49,51.12,75.13,-10.28,83.2,23.18
Harsh Braking,0,36.97,42.59,47.27,78.07,-12.33,94.26,24.01
Low SoC,1,49.1,61.87,88.39,48.12,-85.92,14.32,1.45
Harsh Acceleration,0,32.92,36.6,45.19,71.67,-21.91,73.34,46.65
Harsh Braking,0,27.99,31.09,32.93,75.57,-32.43,85.98,29.7
Low SoC,1,43.53,54.2,74.72,46.37,-33.69,2.08,5.11
Harsh Acceleration,0,27.48,35.67,40.64,75.8,-4.74,84.51,34.08
Thermal Overheat Surge,1,43.39,53.39,67.53,46.09,-50.34,8.68,1.64
Harsh Cornering,0,28.78,28.25,38.99,69.66,-22.08,66.64,18.32
Low SoC,1,56.74,71.65,84.24,47.34,-47.72,4.18,39.51
Harsh Braking,0,28.7,30.17,28.19,77.93,16.37,91.49,45.74
OverSpeed,0,26.38,34.51,33.79,77.8,-15.04,90.2,18.7
Deep Discharge Warning,1,50.67,63.15,81.2,46.48,-41.89,3.92,22.26
Harsh Cornering,0,27.3,31.28,37.92,66.96,-9.03,52.92,21.37
Deep Discharge Warning,1,35.39,49.0,53.72,43.29,-83.51,1.31,5.12
Harsh Cornering,0,22.03,26.39,26.66,66.09,-18.48,53.07,19.92
Harsh Cornering,0,33.71,41.24,48.98,72.1,-8.59,66.23,28.93
Harsh Braking,0,26.54,34.18,36.72,67.13,-18.79,55.2,39.5
Low SoC,1,46.79,60.89,74.64,46.83,-37.82,6.9,36.62
Deep Discharge Warning,1,48.89,55.93,55.65,45.8,-52.33,9.35,2.64
Deep Discharge Warning,1,50.69,58.34,74.1,46.49,-33.18,4.6,3.62
Harsh Acceleration,0,31.35,39.36,35.18,69.98,-14.37,63.32,33.42
Harsh Acceleration,0,30.06,34.77,41.82,72.82,0.77,71.88,23.91
Harsh Braking,0,28.97,31.91,46.26,69.74,-0.48,64.86,10.01
Battery Under Voltage,1,30.19,34.51,53.72,46.86,-47.32,3.04,19.98
Battery Under Voltage,1,39.78,48.92,76.4,46.79,-46.7,3.56,7.94
Harsh Acceleration,0,25.0,28.89,36.89,76.9,-28.38,90.24,20.37
Harsh Cornering,0,32.53,36.98,52.97,70.9,-13.25,64.32,29.55
OverSpeed,0,33.87,41.82,44.3,71.79,-30.3,77.07,36.99
Consecutive Fast Charging,1,36.73,47.68,63.53,49.96,-72.57,18.76,15.89
Harsh Cornering,0,23.62,27.39,32.97,75.83,-17.85,87.56,32.49
Low SoC,1,36.42,56.45,57.35,43.99,-51.14,2.59,1.57
Harsh Braking,0,34.52,40.95,43.71,63.79,-23.17,47.85,21.54
Harsh Braking,0,26.62,29.38,34.88,72.03,-18.13,71.55,16.76
Harsh Acceleration,0,28.13,29.93,34.3,72.07,-0.15,74.81,21.23
Battery Under Voltage,1,39.59,54.61,56.74,46.98,-42.24,11.28,37.9
Harsh Acceleration,0,26.68,35.4,39.47,70.97,-29.72,70.13,23.57
Low SoC,1,50.86,68.65,65.21,47.53,-67.41,18.27,16.97
Low SoC,1,41.61,50.14,70.65,47.29,-34.69,5.0,21.31
Harsh Braking,0,30.12,31.84,48.94,73.79,-19.4,80.72,52.84
Harsh Acceleration,0,29.86,37.29,40.72,64.85,-17.79,42.72,23.32
Consecutive Fast Charging,1,55.9,59.54,72.16,47.96,-30.2,10.79,30.92
Low SoC,1,43.71,62.33,79.38,45.6,-48.99,4.57,32.47
Deep Discharge Warning,1,51.08,62.0,89.42,46.03,-38.88,7.64,18.1
Deep Discharge Warning,1,46.73,56.83,67.94,46.57,-55.88,7.66,28.59
Harsh Cornering,0,30.84,35.51,49.81,65.89,-22.78,47.62,16.32
Deep Discharge Warning,1,50.81,67.98,81.33,47.55,-59.72,13.82,0.24
OverSpeed,0,27.31,31.12,37.28,77.72,-6.68,88.13,3.83
Harsh Acceleration,0,33.65,40.31,47.38,64.86,-30.56,47.21,33.93
Battery Under Voltage,1,38.81,59.8,53.45,42.97,-61.27,2.68,2.91
Harsh Cornering,0,26.66,28.96,54.29,78.54,-9.12,97.47,36.63
Low SoC,1,31.86,43.74,56.16,46.66,-36.39,8.42,11.13
Low SoC,1,48.72,56.95,66.76,49.39,-36.42,16.75,4.38
Low SoC,1,47.32,56.37,70.31,45.01,-39.45,9.72,6.0
Harsh Braking,0,27.18,36.49,44.83,72.24,-2.07,70.77,39.11
Harsh Braking,0,33.04,34.02,45.81,72.59,-10.05,71.94,28.72
Harsh Braking,0,35.46,39.1,42.71,66.38,-14.84,48.41,29.94
Harsh Braking,0,25.56,34.91,35.21,67.96,-19.91,57.67,26.43
Consecutive Fast Charging,1,43.17,52.72,68.92,47.72,-53.24,8.33,39.35
Harsh Acceleration,0,28.94,33.83,44.4,67.29,-31.23,51.84,20.46
Deep Discharge Warning,1,52.74,60.58,86.98,46.84,-49.19,4.44,12.57
Low SoC,1,51.42,67.13,84.41,47.15,-40.91,8.39,2.79
Thermal Overheat Surge,1,42.22,55.08,70.81,50.78,-49.2,20.28,0.07
Harsh Braking,0,33.27,40.12,47.4,74.07,-4.43,85.62,33.45
Harsh Braking,0,31.95,41.15,46.34,70.77,-9.77,72.94,17.56
Harsh Braking,0,34.98,39.66,45.14,73.54,-33.05,75.87,35.67
Harsh Acceleration,0,32.27,34.62,38.85,67.65,-7.19,55.94,59.81
Deep Discharge Warning,1,46.12,60.39,73.2,48.71,-54.32,14.57,17.84
Deep Discharge Warning,1,41.78,45.49,53.05,47.96,-66.88,14.42,17.06
Low SoC,1,38.11,40.5,64.23,44.96,-42.95,5.17,3.27
Low SoC,1,50.38,61.04,67.94,45.82,-30.58,8.53,11.8
Deep Discharge Warning,1,33.99,46.05,61.65,46.58,-48.93,0.14,4.58
Low SoC,1,41.3,57.47,53.32,44.81,-38.37,4.43,2.18
Deep Discharge Warning,1,23.19,28.34,63.33,48.95,-50.39,16.87,0.65
Low SoC,1,38.55,39.88,68.61,50.59,-60.49,19.88,2.39
Harsh Acceleration,0,29.78,37.21,35.12,69.71,-15.24,63.64,38.6
Deep Discharge Warning,1,55.19,70.5,78.41,45.86,-47.77,9.51,3.11
Consecutive Fast Charging,1,37.16,46.26,51.03,46.74,-34.52,12.44,21.69
Harsh Acceleration,0,28.12,37.36,33.94,76.84,-15.2,91.01,38.86
Deep Discharge Warning,1,56.44,60.56,88.46,44.15,-62.8,5.83,21.13
Low SoC,1,45.93,56.07,60.47,46.96,-27.43,6.58,12.74
Deep Discharge Warning,1,45.48,59.44,62.11,48.86,-52.13,18.38,3.36
Harsh Acceleration,0,36.73,45.35,47.68,68.41,-13.52,60.32,34.1
Low SoC,1,51.06,66.52,84.15,47.52,-40.87,8.76,10.8
Harsh Braking,0,35.43,39.5,48.73,77.88,-2.48,97.72,63.71
Harsh Acceleration,0,31.2,37.86,53.39,72.78,7.17,72.85,30.13
Low SoC,1,42.68,51.66,68.89,43.85,-73.34,9.77,16.67
Harsh Acceleration,0,27.7,31.99,38.28,68.05,-0.7,56.32,17.81
Battery Under Voltage,1,44.84,52.76,77.5,43.36,-15.86,2.05,0.84
Deep Discharge Warning,1,43.13,58.83,80.4,46.63,-35.88,9.89,8.96
Low SoC,1,35.46,49.99,78.32,48.24,-55.1,10.22,2.68
Low SoC,1,52.18,56.56,73.72,46.29,-3.64,4.33,35.29
Consecutive Fast Charging,1,49.62,68.12,77.57,47.79,-31.75,14.61,2.49
Harsh Acceleration,0,32.27,37.07,50.43,68.04,-34.5,58.0,34.95
OverSpeed,0,35.26,42.04,53.96,65.37,-7.03,49.33,44.32
Battery Under Voltage,1,45.53,58.47,83.02,44.37,-69.36,6.1,17.35
Battery Under Voltage,1,57.55,67.76,80.12,47.42,-20.15,4.84,22.44
Battery Under Voltage,1,47.28,52.52,65.5,45.7,-33.44,10.15,12.23
Harsh Braking,0,34.18,43.19,44.18,69.72,-17.61,59.69,39.56
Harsh Braking,0,37.61,45.23,50.18,72.01,-27.12,71.93,11.76
Harsh Braking,0,32.4,39.86,47.37,70.76,-16.73,66.12,37.9
Battery Under Voltage,1,40.43,57.13,58.07,47.48,-20.71,4.16,5.83
Thermal Overheat Surge,1,30.69,42.53,59.45,45.77,-82.95,2.62,5.45
Harsh Braking,0,32.98,40.01,42.42,74.16,-13.1,73.59,55.58
Harsh Cornering,0,23.75,32.93,44.89,67.31,-33.4,49.95,42.81
Harsh Braking,0,19.33,28.71,23.91,77.88,-27.33,87.56,42.32
Battery Under Voltage,1,41.64,52.23,58.98,46.45,-48.67,8.08,3.62
Thermal Overheat Surge,1,44.7,63.28,61.23,49.11,-44.26,11.38,31.83
OverSpeed,0,30.49,36.07,52.44,76.83,-22.85,83.74,39.13
Harsh Acceleration,0,33.57,44.47,54.49,79.32,-13.84,94.06,31.07
Deep Discharge Warning,1,35.73,46.65,79.44,49.84,-40.27,19.7,18.11
Harsh Braking,0,21.36,26.81,39.15,74.1,-3.81,75.82,41.77
Deep Discharge Warning,1,57.12,75.99,77.9,45.26,-54.9,6.63,46.73
Low SoC,1,37.38,51.09,59.98,47.76,-40.2,14.13,2.38
Harsh Acceleration,0,26.35,31.67,34.91,62.74,-20.73,41.62,29.35
Harsh Acceleration,0,31.77,39.14,43.99,62.91,-32.68,40.74,28.53
Deep Discharge Warning,1,39.93,53.66,77.58,46.97,-33.93,2.09,10.57
OverSpeed,0,31.29,33.36,44.46,74.71,-14.87,82.9,27.58
Harsh Acceleration,0,34.47,45.95,36.96,77.82,-17.27,91.6,60.39
Battery Under Voltage,1,41.44,55.33,62.8,44.65,-45.21,6.49,4.99
Deep Discharge Warning,1,50.53,61.53,69.21,44.56,-30.99,2.76,12.87
Low SoC,1,38.16,48.2,55.08,44.63,-34.52,5.24,14.21
Harsh Braking,0,31.56,35.28,44.67,75.65,-16.4,83.04,64.49
Low SoC,1,25.59,43.19,46.75,46.64,-55.89,6.47,17.64
Consecutive Fast Charging,1,40.13,56.87,62.94,47.0,-30.93,2.46,17.27
Harsh Cornering,0,25.15,30.74,39.09,69.4,-14.28,56.46,21.7
Deep Discharge Warning,1,39.87,49.13,65.01,44.98,-60.87,13.55,6.32
Harsh Cornering,0,25.28,31.17,37.21,65.24,-20.4,51.35,15.9
Deep Discharge Warning,1,52.57,59.27,67.9,46.11,-59.03,6.96,27.81
Thermal Overheat Surge,1,40.48,52.29,69.77,46.17,-43.18,0.54,45.97
Low SoC,1,37.13,48.84,63.58,46.47,-56.96,4.32,6.09
Harsh Acceleration,0,25.68,30.44,50.61,73.28,-32.6,76.78,26.0
Deep Discharge Warning,1,47.31,59.84,69.21,48.26,-51.09,5.62,6.87
Harsh Acceleration,0,28.33,33.45,46.34,78.79,-20.45,97.9,59.91
Deep Discharge Warning,1,41.73,54.42,55.04,45.92,-50.46,6.57,25.4
Deep Discharge Warning,1,52.23,61.7,80.84,46.33,-40.34,11.55,3.56
Deep Discharge Warning,1,52.05,61.93,75.53,43.78,-33.34,1.02,1.76
Deep Discharge Warning,1,38.68,54.06,58.39,45.97,-30.8,2.11,53.83
Harsh Braking,0,31.65,40.18,42.58,74.51,-18.86,82.91,44.93
Harsh Acceleration,0,27.68,34.71,35.13,72.55,-21.21,73.52,30.99
Battery Under Voltage,1,55.92,69.91,72.33,48.26,-63.68,12.94,41.65
Low SoC,1,48.4,60.88,72.15,46.8,-40.68,7.49,17.1
Consecutive Fast Charging,1,54.52,72.88,73.88,46.27,-52.69,11.63,0.66
Harsh Braking,0,27.79,35.37,36.2,74.36,-14.2,78.86,27.28
Harsh Braking,0,32.44,38.01,47.1,78.03,-24.11,96.22,56.85
Harsh Acceleration,0,38.74,46.65,45.1,78.59,-11.8,97.47,36.52
Consecutive Fast Charging,1,47.5,53.45,69.7,45.56,-46.26,6.56,1.75
Deep Discharge Warning,1,27.55,40.88,45.79,45.76,-22.69,1.48,28.9
Harsh Acceleration,0,35.24,40.5,40.88,64.21,-16.94,44.3,33.98
Harsh Acceleration,0,31.23,41.05,40.82,68.7,8.98,66.99,55.12
Battery Under Voltage,1,42.61,59.37,76.2,45.92,-31.73,4.34,20.22
Harsh Braking,0,33.93,37.32,47.99,70.11,-12.43,63.76,33.95
Deep Discharge Warning,1,48.12,61.87,75.74,48.31,-65.97,15.67,2.28
Deep Discharge Warning,1,40.91,52.32,70.85,47.17,-49.39,11.35,36.35
Low SoC,1,52.06,58.65,77.9,48.3,-29.76,14.78,5.96
Low SoC,1,49.06,65.57,76.49,47.41,-47.83,16.2,5.31
Low SoC,1,51.09,68.24,75.29,47.67,-56.37,11.04,10.8
Deep Discharge Warning,1,38.52,49.05,49.31,47.16,-65.82,10.23,1.82
Low SoC,1,41.64,45.76,62.65,48.62,-82.98,20.03,10.23
Harsh Acceleration,0,27.99,31.57,35.94,79.96,-16.62,97.53,25.73
OverSpeed,0,26.18,33.95,35.52,68.11,-11.22,61.26,30.83
Harsh Braking,0,27.69,35.97,39.38,66.27,-22.72,54.87,73.9
Harsh Acceleration,0,32.05,36.06,42.27,76.68,-12.16,85.7,31.76
Harsh Acceleration,0,33.17,38.01,45.41,77.05,-33.88,87.65,48.95
OverSpeed,0,28.57,35.8,43.92,64.61,-9.49,42.58,40.98
Harsh Cornering,0,25.98,35.48,40.53,74.18,-22.49,75.31,20.0
Deep Discharge Warning,1,40.32,52.92,56.85,47.1,-54.52,5.43,4.78
Battery Under Voltage,1,41.44,57.21,62.87,46.98,-56.67,7.78,8.88
Harsh Braking,0,28.59,38.42,41.84,77.42,-17.61,91.86,15.6
Consecutive Fast Charging,1,40.42,53.77,64.38,49.24,-42.23,8.05,16.67
Harsh Braking,0,31.24,36.99,41.93,67.92,-12.82,57.4,33.77
Deep Discharge Warning,1,42.68,61.84,62.19,45.25,-38.8,0.73,4.68
Deep Discharge Warning,1,40.54,52.58,63.94,45.96,-57.35,3.43,5.14
Battery Under Voltage,1,45.55,57.93,55.0,45.66,-51.9,3.2,19.97
Low SoC,1,37.22,50.94,65.42,46.06,-58.67,1.51,1.98
Low SoC,1,32.45,36.13,59.42,45.0,-46.4,3.86,4.61
Harsh Braking,0,31.39,36.99,30.81,65.0,-30.45,53.33,45.42
Harsh Braking,0,25.37,29.9,43.18,68.48,-22.6,57.37,17.23
Consecutive Fast Charging,1,45.51,56.65,73.95,45.61,-37.79,6.72,8.41
Harsh Cornering,0,34.0,38.33,36.32,66.66,-0.89,55.15,49.99
Low SoC,1,53.26,64.27,78.3,44.21,-45.21,6.71,2.86
Harsh Braking,0,26.76,28.23,39.76,72.31,-32.4,75.35,31.71
Harsh Acceleration,0,34.88,41.8,37.05,72.3,-16.07,70.1,9.51
Harsh Acceleration,0,34.5,40.11,52.99,70.03,-11.76,64.21,55.44
Harsh Cornering,0,30.0,38.28,39.75,78.98,-3.69,97.86,43.89
Battery Under Voltage,1,57.84,62.46,89.84,46.32,-38.05,2.73,0.95
Harsh Braking,0,29.55,36.87,38.63,77.36,-12.27,87.13,28.79
Deep Discharge Warning,1,44.66,59.08,63.22,47.13,-39.77,7.24,6.63
Harsh Cornering,0,26.31,30.2,42.59,72.47,-11.36,78.7,46.47
Deep Discharge Warning,1,41.69,54.45,75.64,46.48,-54.07,8.14,8.95
Low SoC,1,28.32,40.68,46.72,48.67,-47.31,18.82,30.39
Deep Discharge Warning,1,38.12,48.54,61.49,49.53,-49.26,16.64,1.91
OverSpeed,0,24.43,29.25,40.09,71.29,-16.02,68.27,41.23
Harsh Braking,0,32.9,37.87,37.96,69.06,-17.3,63.12,36.15
Harsh Braking,0,27.81,35.01,38.87,69.81,-6.16,58.77,39.44
Harsh Acceleration,0,37.78,44.02,53.16,71.79,-9.2,68.98,19.54
Harsh Braking,0,26.05,37.01,34.16,62.81,-26.43,44.36,37.05
Deep Discharge Warning,1,51.86,59.98,68.6,45.16,-47.09,1.76,0.4
Low SoC,1,41.52,61.35,62.89,47.09,-52.48,12.19,7.88
Low SoC,1,34.77,39.28,57.52,48.29,-59.29,9.16,12.93
Deep Discharge Warning,1,45.21,55.96,76.09,44.72,-58.55,6.43,13.44
Thermal Overheat Surge,1,31.5,46.56,57.3,46.9,-26.34,13.37,51.29
Low SoC,1,39.61,49.66,69.5,47.92,-24.41,12.84,10.8
Harsh Acceleration,0,31.92,40.09,51.94,66.01,-26.62,49.48,29.95
Deep Discharge Warning,1,35.37,46.34,55.78,45.0,-21.86,8.13,14.17
Battery Under Voltage,1,45.4,62.12,63.6,44.34,-36.9,3.57,21.17
Harsh Braking,0,30.28,37.76,36.28,67.03,-16.11,50.65,34.15
OverSpeed,0,31.51,34.67,37.22,68.4,-21.33,59.52,26.81
Deep Discharge Warning,1,43.07,56.28,66.23,47.23,-60.25,11.67,6.32
Harsh Braking,0,29.73,39.23,37.26,77.84,7.04,89.29,22.62
Battery Under Voltage,1,39.4,49.57,68.55,47.13,-8.21,2.74,6.06
Harsh Acceleration,0,27.49,33.28,40.51,72.4,-13.74,68.85,31.12
Consecutive Fast Charging,1,30.23,45.44,45.79,46.63,-32.25,14.92,42.65
Deep Discharge Warning,1,42.31,50.54,62.04,47.89,-27.71,13.73,3.59
Harsh Braking,0,26.92,30.28,42.93,78.74,-10.85,92.9,24.9
Harsh Braking,0,32.37,38.84,56.71,68.65,-21.25,56.82,37.17
Low SoC,1,41.85,51.56,65.06,44.03,-33.82,9.35,0.18
Harsh Braking,0,34.95,41.86,47.1,70.17,-20.34,66.62,44.11
Harsh Braking,0,30.29,34.33,47.99,74.89,-12.63,80.87,29.64
Deep Discharge Warning,1,40.06,52.35,60.82,47.92,-30.91,10.09,9.71
Harsh Acceleration,0,23.41,25.87,34.3,76.59,-43.83,92.09,55.56
Harsh Cornering,0,24.34,33.21,36.44,63.89,-26.54,44.5,51.03
Low SoC,1,42.3,57.94,71.47,47.71,-55.28,12.44,9.54
Harsh Braking,0,32.23,38.15,46.2,64.66,-21.48,45.59,42.06
Harsh Braking,0,30.58,34.4,39.6,76.0,-18.36,86.61,30.31
Deep Discharge Warning,1,34.05,44.57,57.62,47.45,-54.53,8.1,23.0
Battery Under Voltage,1,49.38,62.1,72.3,49.41,-39.89,10.54,10.77
Harsh Acceleration,0,37.24,46.72,51.28,64.5,-8.07,46.16,29.64
Battery Under Voltage,1,48.95,61.34,70.9,44.67,-48.12,0.56,6.77
Harsh Acceleration,0,27.91,35.92,42.4,78.68,-13.7,97.02,41.49
Harsh Braking,0,34.78,38.16,44.41,78.14,-1.42,92.6,25.32
Deep Discharge Warning,1,55.38,74.55,83.16,46.82,-57.8,7.15,2.27
Harsh Braking,0,33.51,37.4,48.01,68.73,-20.33,60.06,65.49
Harsh Braking,0,32.88,39.83,42.43,63.53,-28.91,40.66,3.94
Harsh Acceleration,0,29.45,36.83,52.34,72.3,-17.13,70.42,54.51
Harsh Braking,0,34.85,42.62,48.9,69.75,-11.59,61.53,41.22
Harsh Acceleration,0,39.36,43.21,47.9,77.72,-12.8,93.15,26.07
Thermal Overheat Surge,1,50.8,64.03,65.27,46.15,-35.23,7.95,8.01
Battery Under Voltage,1,48.14,60.51,83.1,45.64,-35.8,4.14,18.19
Harsh Braking,0,31.46,37.85,44.37,68.63,-3.61,59.74,42.06
Low SoC,1,36.8,40.48,71.71,47.78,-52.0,8.78,4.37
Consecutive Fast Charging,1,35.65,47.98,60.73,46.14,-54.93,3.47,2.48
Deep Discharge Warning,1,44.24,57.04,83.79,46.32,-64.76,6.7,2.54
Consecutive Fast Charging,1,49.9,66.04,69.25,46.2,-49.87,21.16,76.19
Deep Discharge Warning,1,50.17,61.05,75.18,46.45,-42.5,2.19,12.27
Consecutive Fast Charging,1,51.0,63.43,82.7,43.44,-58.66,2.47,54.2
Harsh Acceleration,0,38.18,46.71,46.32,64.64,-36.64,48.78,18.28
Battery Under Voltage,1,46.13,60.64,80.85,46.12,-47.56,8.41,16.43
Deep Discharge Warning,1,35.59,50.37,46.68,46.55,-61.78,10.74,28.62
Battery Under Voltage,1,42.57,55.02,75.02,46.7,-56.86,9.93,2.31
Harsh Acceleration,0,27.87,36.12,33.65,68.07,-20.27,56.73,46.24
Battery Under Voltage,1,26.73,34.26,44.92,45.89,-71.68,1.1,10.27
Low SoC,1,46.27,59.68,60.94,47.2,-54.67,12.25,64.61
Thermal Overheat Surge,1,28.18,38.74,50.77,46.46,-26.99,0.83,9.81
Harsh Braking,0,26.75,29.62,29.77,70.4,2.84,64.9,38.96
Battery Under Voltage,1,34.83,50.51,62.26,46.21,-46.79,8.11,11.44
Low SoC,1,45.65,49.77,78.79,44.52,-61.64,0.49,19.81
Harsh Braking,0,35.19,37.31,46.27,76.57,7.77,86.59,26.24
Harsh Acceleration,0,30.0,35.63,52.77,79.31,-21.3,97.75,38.04
Harsh Cornering,0,33.51,39.62,47.5,79.24,-16.29,93.96,29.88
Low SoC,1,41.74,54.24,57.81,48.24,-52.01,3.95,10.56
Deep Discharge Warning,1,30.7,46.22,50.47,47.53,-41.89,11.01,5.85
Harsh Braking,0,28.02,34.67,39.51,63.85,-13.56,41.59,32.4
Consecutive Fast Charging,1,39.81,49.6,67.41,47.88,-45.13,19.38,2.83
Harsh Acceleration,0,27.18,31.32,40.29,65.57,-5.24,47.28,13.93
Harsh Acceleration,0,28.26,34.99,43.03,64.22,-27.34,40.52,32.63
Harsh Acceleration,0,35.23,42.66,38.02,71.79,-20.11,69.46,27.21
OverSpeed,0,23.79,29.13,41.39,66.64,-8.01,49.87,28.61
Harsh Braking,0,22.09,31.12,37.21,77.79,-32.01,89.97,34.42
Low SoC,1,42.73,53.05,80.37,44.8,-54.29,2.78,13.47
Thermal Overheat Surge,1,34.94,45.48,56.98,45.62,-22.13,7.88,30.06
Thermal Overheat Surge,1,43.31,56.84,69.03,48.64,-51.75,9.67,11.87
Harsh Braking,0,28.1,35.62,42.45,69.81,-12.32,61.4,46.21
Harsh Cornering,0,23.3,24.56,33.3,74.91,-33.62,83.98,30.75
OverSpeed,0,28.15,33.51,46.56,68.47,-6.37,53.62,35.27
Harsh Acceleration,0,28.7,35.65,42.01,76.32,-25.63,91.19,28.09
Battery Under Voltage,1,47.55,60.34,61.09,45.84,-54.88,7.69,17.95
Harsh Braking,0,36.6,43.37,55.73,75.76,4.68,78.63,53.81
Deep Discharge Warning,1,35.66,50.43,54.67,46.61,-27.65,1.03,0.48
Harsh Acceleration,0,28.82,30.1,45.46,69.38,-22.79,64.08,26.22
Deep Discharge Warning,1,45.2,61.89,65.49,48.52,-41.69,14.54,29.79
Deep Discharge Warning,1,44.33,55.8,77.55,46.11,-81.3,5.84,16.14
OverSpeed,0,26.99,27.3,38.96,66.24,-25.7,49.52,32.49
Harsh Braking,0,21.38,33.68,27.81,73.5,-19.47,72.67,52.3
OverSpeed,0,31.27,34.09,42.72,62.46,-14.03,40.18,35.13
Consecutive Fast Charging,1,47.79,57.5,57.69,44.68,-56.72,6.26,10.93
Battery Under Voltage,1,48.18,56.12,76.01,47.03,-37.11,3.01,18.88
Harsh Cornering,0,30.08,35.04,45.29,76.07,5.72,85.67,18.34
Harsh Braking,0,27.11,34.78,33.28,65.9,-39.6,48.32,30.78
Deep Discharge Warning,1,39.98,48.24,66.02,51.49,-45.52,21.69,26.74
Battery Under Voltage,1,35.07,52.06,61.61,46.61,-66.6,10.14,4.11
Deep Discharge Warning,1,49.97,66.21,77.2,48.02,-43.85,6.27,29.26
Battery Under Voltage,1,49.22,60.69,51.66,46.37,-23.59,16.28,6.8
Battery Under Voltage,1,36.85,61.57,66.67,46.34,-35.95,0.62,37.86
Harsh Cornering,0,32.11,39.9,42.7,68.21,-13.16,59.47,27.6
Consecutive Fast Charging,1,35.54,46.96,58.32,46.46,-19.24,8.11,52.2
Harsh Braking,0,31.98,37.88,49.44,74.84,-29.35,81.55,39.83
Consecutive Fast Charging,1,37.37,49.89,62.85,45.91,-49.44,8.04,0.34
Thermal Overheat Surge,1,46.88,56.16,80.04,47.4,-34.41,5.01,25.63
Deep Discharge Warning,1,39.12,56.75,63.65,45.22,-43.71,3.01,26.71
Harsh Cornering,0,28.66,35.24,33.9,75.68,-24.66,85.49,42.73
Harsh Acceleration,0,27.14,33.6,47.31,69.71,-28.74,65.94,37.78
Low SoC,1,54.37,64.07,68.87,47.85,-46.4,13.68,2.99
Harsh Cornering,0,25.67,32.92,33.45,72.65,-10.51,67.63,21.1
Harsh Acceleration,0,29.51,36.47,39.56,65.14,-3.09,46.49,36.73
Harsh Braking,0,32.34,37.29,43.22,70.26,-10.04,63.16,50.41
Low SoC,1,56.21,67.56,76.88,44.98,-18.39,1.02,0.99
Harsh Acceleration,0,32.6,36.84,50.56,78.48,-17.54,95.31,9.85
Low SoC,1,41.7,49.15,64.55,49.26,-45.25,22.18,6.4
Harsh Braking,0,29.16,33.42,38.8,68.56,-8.18,62.45,21.93
Deep Discharge Warning,1,33.13,39.53,66.65,45.83,-38.49,8.81,25.21
Deep Discharge Warning,1,45.12,53.49,64.68,47.2,-48.32,5.23,3.77
Low SoC,1,39.05,51.7,53.23,45.75,-51.21,6.49,5.74
OverSpeed,0,30.4,36.8,49.42,71.46,13.83,72.88,43.41
Thermal Overheat Surge,1,43.39,51.64,68.12,44.27,-48.81,4.99,7.6
Harsh Acceleration,0,28.34,36.23,48.88,76.27,-17.27,89.99,39.44
Deep Discharge Warning,1,54.45,67.39,79.02,44.4,-40.18,1.01,5.77
Harsh Cornering,0,28.29,32.68,36.56,63.94,-25.37,40.43,30.6
Low SoC,1,50.71,56.58,62.06,46.0,-50.22,1.17,33.66
Thermal Overheat Surge,1,37.85,53.24,57.73,47.3,-59.68,10.94,3.52
Harsh Braking,0,41.44,47.51,52.21,77.87,7.68,89.86,17.34
Harsh Acceleration,0,36.01,43.39,43.14,76.58,-16.68,87.8,26.63
Deep Discharge Warning,1,59.77,69.99,89.96,48.94,-35.54,15.04,1.48
Low SoC,1,51.29,64.85,81.0,46.48,-60.56,5.6,0.3
Consecutive Fast Charging,1,43.86,55.02,64.16,47.18,-50.54,10.26,7.66
Harsh Acceleration,0,35.15,37.04,43.03,67.1,-20.42,55.27,44.75
Harsh Braking,0,32.1,37.68,46.12,73.01,2.11,72.76,42.97
Harsh Acceleration,0,32.63,37.24,41.14,70.94,-14.17,67.5,36.21
Harsh Braking,0,31.71,38.22,42.2,67.27,-18.24,57.11,26.75
Thermal Overheat Surge,1,39.63,49.91,71.72,48.79,-39.25,16.45,11.03
Harsh Braking,0,29.08,36.87,36.63,72.04,-4.84,72.1,27.72
Harsh Braking,0,30.61,34.32,35.11,64.07,1.34,48.39,19.54
Harsh Braking,0,30.38,36.22,36.91,72.75,-31.21,75.93,34.91
Low SoC,1,41.93,62.04,71.94,46.19,-12.52,12.32,12.07
Harsh Acceleration,0,25.22,28.78,41.22,69.39,-26.68,58.71,11.29
OverSpeed,0,30.33,37.61,41.66,77.18,-22.12,92.66,30.53
Deep Discharge Warning,1,38.95,57.27,68.8,46.37,-53.02,2.38,27.39
Harsh Braking,0,30.76,38.14,43.58,64.89,-17.35,44.97,53.75
Harsh Acceleration,0,38.99,42.35,57.15,65.97,-34.32,44.41,29.84
Deep Discharge Warning,1,45.12,51.67,81.7,44.87,-44.19,11.29,8.68
Low SoC,1,49.08,54.32,78.57,45.94,-44.49,5.5,6.24
Consecutive Fast Charging,1,30.55,42.32,54.39,49.4,-33.75,26.73,7.79
Deep Discharge Warning,1,48.48,65.41,80.88,45.82,-41.53,1.89,19.46
Deep Discharge Warning,1,54.14,68.67,96.7,45.87,-33.82,5.29,1.91
Harsh Acceleration,0,25.95,33.4,32.91,64.34,-11.92,48.97,28.93
Low SoC,1,39.0,46.45,57.3,44.38,-45.79,13.98,2.48
Harsh Braking,0,32.23,41.4,48.47,75.98,-25.15,79.3,34.92
Harsh Acceleration,0,35.95,39.08,47.07,76.55,-12.07,95.23,21.67
Low SoC,1,51.54,61.25,71.91,48.36,-46.3,5.7,6.95
Battery Under Voltage,1,35.97,46.94,55.65,43.81,-29.58,1.49,10.26
OverSpeed,0,24.66,30.66,36.9,76.03,-27.12,84.43,51.31
Harsh Acceleration,0,24.55,30.49,28.22,66.43,-15.75,51.56,34.8
Deep Discharge Warning,1,39.28,51.15,76.78,45.78,-35.19,14.3,7.85
Harsh Acceleration,0,32.26,34.96,51.18,71.83,-14.87,71.22,20.8
Low SoC,1,35.9,53.32,54.07,46.33,-45.54,9.81,9.75
Thermal Overheat Surge,1,32.06,49.77,55.21,47.02,-64.8,2.83,1.71
Deep Discharge Warning,1,32.91,51.59,68.84,45.5,-23.51,5.4,21.12
Battery Under Voltage,1,38.07,42.54,71.32,45.56,-33.58,4.22,6.66
Deep Discharge Warning,1,35.04,43.3,58.34,45.18,-28.67,0.14,0.61
Deep Discharge Warning,1,52.26,58.86,80.62,45.86,-40.39,8.44,5.3
Harsh Acceleration,0,26.44,37.0,39.38,77.39,-31.4,87.89,29.21
Deep Discharge Warning,1,46.78,66.76,77.46,48.22,-32.94,4.07,21.9
Battery Under Voltage,1,34.73,49.55,59.32,48.2,-42.62,10.21,11.54
Thermal Overheat Surge,1,34.48,45.0,66.29,47.95,-48.37,11.3,14.39
Harsh Cornering,0,32.55,42.88,44.75,72.67,-19.53,74.94,27.32
Battery Under Voltage,1,31.83,52.95,60.82,46.3,-25.92,6.6,2.64
Harsh Acceleration,0,30.86,36.56,46.76,71.32,-17.8,71.36,43.26
Deep Discharge Warning,1,53.1,65.78,64.35,46.17,-24.38,8.58,17.14
Deep Discharge Warning,1,30.71,38.08,45.3,47.74,-61.2,14.94,5.67
Low SoC,1,42.95,53.61,82.76,46.09,-44.39,9.13,13.98
OverSpeed,0,26.5,33.72,44.93,75.24,-9.52,90.04,28.37
Battery Under Voltage,1,36.89,49.13,54.41,46.37,-50.59,0.88,4.46
Harsh Acceleration,0,36.69,44.54,41.14,63.27,-13.42,42.54,47.2
Thermal Overheat Surge,1,45.86,57.48,74.46,45.8,-30.96,8.96,5.84
OverSpeed,0,29.27,36.41,43.16,79.37,-36.28,94.99,17.46
Harsh Braking,0,39.0,44.58,51.39,69.46,-18.94,59.1,26.25
Battery Under Voltage,1,44.31,59.84,57.75,45.7,-55.41,1.8,4.46
Deep Discharge Warning,1,38.24,46.32,68.0,51.61,-51.58,26.61,14.81
Consecutive Fast Charging,1,34.32,49.07,62.74,46.29,-28.38,4.87,11.03
Harsh Braking,0,36.78,42.66,52.82,66.54,-29.69,54.31,13.11
Consecutive Fast Charging,1,40.44,57.34,66.38,44.39,-26.71,3.85,3.89
Battery Under Voltage,1,38.17,54.38,73.22,48.19,-51.12,11.85,19.1
Harsh Acceleration,0,33.72,39.11,42.37,75.02,-12.08,78.84,55.04
Harsh Acceleration,0,39.73,41.84,52.6,64.12,-10.36,44.21,27.89
OverSpeed,0,36.39,43.05,45.14,74.73,-22.49,78.69,35.55
Battery Under Voltage,1,36.69,42.9,56.4,45.6,-74.75,1.17,25.7
Low SoC,1,38.71,55.92,66.12,47.69,-49.14,6.21,18.64
Low SoC,1,47.44,60.06,57.56,46.63,-36.84,4.49,6.7
Harsh Cornering,0,26.71,29.42,43.68,76.16,-4.2,88.91,38.12
Harsh Cornering,0,31.2,37.61,44.82,67.74,11.94,53.9,25.95
Harsh Braking,0,33.58,39.77,47.82,71.21,-16.33,66.44,45.54
Deep Discharge Warning,1,42.96,54.3,61.83,44.57,-53.1,4.1,15.88
Deep Discharge Warning,1,36.12,49.2,59.38,47.93,-48.74,7.77,0.62
Harsh Braking,0,40.87,49.43,47.57,70.47,-8.98,69.36,38.95
Harsh Braking,0,33.99,38.09,41.35,65.96,-2.58,48.93,43.44
Harsh Braking,0,32.79,39.5,47.76,80.44,0.62,97.06,39.34
Deep Discharge Warning,1,46.97,61.5,75.33,45.49,-54.64,7.72,16.83
Low SoC,1,40.66,57.46,60.34,46.85,-41.0,5.71,69.95
Harsh Acceleration,0,31.98,36.17,45.71,78.97,-6.43,94.53,44.15
Harsh Cornering,0,26.41,29.47,40.12,63.82,-11.77,42.27,32.01
Deep Discharge Warning,1,33.86,49.31,57.49,49.86,-56.3,19.43,0.55
Low SoC,1,45.6,58.81,68.12,49.41,-31.9,9.14,0.99
Low SoC,1,36.44,51.22,47.65,45.61,-45.2,4.57,6.67
Consecutive Fast Charging,1,42.19,49.69,69.48,44.92,-55.5,2.07,19.64
Harsh Braking,0,35.03,42.01,44.18,67.45,-12.13,59.12,53.4
Low SoC,1,47.98,56.46,71.38,46.21,-29.96,4.27,11.74
Battery Under Voltage,1,35.33,48.24,54.47,46.79,-42.4,2.04,6.95
Deep Discharge Warning,1,41.6,47.8,72.39,45.69,-18.73,3.76,3.12
Consecutive Fast Charging,1,43.2,59.15,61.2,49.43,-31.19,14.26,12.03
Harsh Acceleration,0,30.38,36.91,38.37,65.03,-24.25,47.29,10.88
Low SoC,1,30.83,42.61,50.22,46.7,-5.63,1.97,26.84
Harsh Braking,0,21.76,23.97,41.94,66.51,-21.39,51.1,51.35
Low SoC,1,32.36,43.92,64.26,47.91,-41.21,7.97,11.14
Harsh Braking,0,35.5,42.72,44.98,69.43,-31.63,61.02,16.5
Harsh Braking,0,30.97,32.46,40.68,75.73,-15.07,78.74,28.76
Deep Discharge Warning,1,44.21,56.17,62.7,47.88,-78.57,3.33,0.27
Deep Discharge Warning,1,56.49,67.48,96.22,48.46,-30.44,14.23,9.17
Harsh Acceleration,0,27.37,35.6,30.1,71.63,-26.73,70.11,45.96
Harsh Acceleration,0,30.52,34.3,51.96,66.95,-17.24,50.3,43.81
Harsh Cornering,0,28.57,34.96,30.2,65.48,-15.31,53.17,17.53
Harsh Braking,0,31.3,40.57,35.75,63.21,-12.62,40.14,31.42
Harsh Braking,0,24.86,28.19,36.88,77.25,-16.52,90.48,30.7
Harsh Braking,0,31.12,39.5,47.15,73.58,-11.73,80.47,24.2
Harsh Acceleration,0,26.31,33.7,45.1,74.26,-20.98,77.71,18.84
Harsh Acceleration,0,18.87,23.8,25.26,70.85,3.7,68.03,20.79
Harsh Braking,0,29.5,38.12,45.8,70.0,-11.7,59.16,45.58
Harsh Acceleration,0,27.65,33.67,32.92,72.48,-12.38,76.23,24.71
Deep Discharge Warning,1,49.42,61.67,66.13,45.97,-32.12,13.17,27.66
Harsh Acceleration,0,30.28,35.73,42.01,70.85,-23.78,64.13,31.19
Low SoC,1,44.7,55.31,68.77,47.24,-37.04,3.1,44.09
Battery Under Voltage,1,27.0,40.59,44.91,46.55,-31.83,1.91,66.52
Deep Discharge Warning,1,42.19,55.49,68.14,46.58,-37.48,3.89,0.0
Battery Under Voltage,1,49.51,63.45,67.09,45.93,-34.41,5.26,1.57
Low SoC,1,35.11,43.47,66.69,46.64,-41.12,14.18,9.29
Harsh Cornering,0,29.59,34.0,51.1,68.13,-12.35,57.2,18.82
Deep Discharge Warning,1,37.56,46.66,70.68,44.15,-56.12,9.68,2.44
Low SoC,1,39.52,50.95,71.68,45.43,-32.71,5.73,4.05
Deep Discharge Warning,1,47.53,55.78,86.48,45.25,-45.29,4.54,1.21
Low SoC,1,42.69,55.93,62.06,45.94,-54.13,7.43,9.02
Battery Under Voltage,1,25.47,41.85,47.97,48.8,-35.59,17.02,6.44
Deep Discharge Warning,1,47.55,60.08,74.06,44.08,-48.39,8.48,0.11
Battery Under Voltage,1,48.27,61.44,72.24,48.49,-30.63,12.05,2.73
Harsh Acceleration,0,27.44,31.58,35.33,79.45,-11.09,95.11,30.59
Battery Under Voltage,1,43.54,54.51,67.44,44.75,-67.27,3.26,8.16
Deep Discharge Warning,1,35.68,47.23,61.79,46.94,-43.09,4.15,5.65
Harsh Acceleration,0,30.42,35.35,34.57,77.53,-29.64,94.78,30.35
Harsh Braking,0,28.03,35.03,38.93,64.29,-13.37,44.07,30.9
Harsh Cornering,0,30.02,32.98,43.67,67.76,-16.83,55.76,28.83
Harsh Cornering,0,29.5,34.87,38.47,68.82,-23.48,62.0,5.17
Low SoC,1,53.45,70.08,76.75,46.7,-46.34,6.21,22.25
OverSpeed,0,31.07,38.51,40.98,66.28,-21.63,46.79,37.21
Harsh Braking,0,31.13,37.57,49.13,75.52,-18.53,78.47,33.77
Harsh Acceleration,0,24.59,29.07,34.22,78.11,-25.63,93.64,16.79
Deep Discharge Warning,1,33.87,45.59,63.03,47.09,-26.9,7.12,4.65
Harsh Cornering,0,34.84,40.69,47.46,63.18,-20.41,40.39,52.68
Harsh Acceleration,0,33.85,36.33,47.68,65.56,-11.34,49.54,29.96
Harsh Braking,0,25.28,31.63,35.9,71.8,-13.05,70.56,36.54
Harsh Acceleration,0,28.09,33.43,42.89,66.88,-17.57,52.19,40.41
Harsh Acceleration,0,31.02,36.94,43.11,69.68,-30.0,60.6,50.08
Harsh Acceleration,0,31.29,33.87,41.95,73.85,-32.18,76.75,33.38
OverSpeed,0,26.2,34.76,39.55,63.47,-17.55,40.18,19.3
Low SoC,1,44.05,60.14,80.58,45.53,-60.01,3.21,22.7
Battery Under Voltage,1,29.15,44.5,60.65,49.76,-26.63,18.89,5.65
Deep Discharge Warning,1,46.81,60.8,74.8,48.33,-38.18,15.07,51.24
Harsh Braking,0,30.51,38.33,41.08,75.03,-3.96,89.36,52.73
OverSpeed,0,28.93,40.97,34.12,80.13,-10.21,96.74,7.79
OverSpeed,0,28.3,36.08,38.13,70.7,-12.84,65.39,39.53
Harsh Cornering,0,26.9,33.32,38.51,71.03,-15.96,65.88,30.04
OverSpeed,0,38.75,44.21,45.7,63.66,-3.27,42.17,18.38
Harsh Acceleration,0,29.7,35.64,41.04,70.34,-18.22,64.09,28.77
Deep Discharge Warning,1,47.39,65.42,64.27,45.52,-46.27,2.2,46.43
Harsh Braking,0,30.83,35.81,46.19,76.12,-15.84,89.58,8.11
Low SoC,1,37.43,55.43,57.16,46.72,-53.84,16.03,36.24
Low SoC,1,34.21,40.64,51.65,44.84,-25.51,0.33,4.67
Harsh Braking,0,29.55,39.62,46.19,72.86,-11.41,79.49,39.64
Harsh Cornering,0,27.63,32.69,44.35,77.02,-18.77,92.57,41.56
Harsh Braking,0,26.01,35.55,39.78,77.72,-24.19,92.36,36.64
Battery Under Voltage,1,34.44,52.37,49.51,46.95,-61.9,2.34,2.2
Deep Discharge Warning,1,47.66,59.38,77.82,45.85,-31.45,11.62,2.04
Deep Discharge Warning,1,32.38,40.98,59.14,45.07,-39.69,4.86,1.45
Low SoC,1,44.19,51.7,69.91,49.63,-80.56,18.98,5.76
Harsh Braking,0,32.53,40.49,43.13,64.62,-23.47,41.78,48.92
Harsh Braking,0,24.63,33.18,46.6,73.22,1.97,75.44,25.3
Harsh Acceleration,0,28.11,33.8,41.39,73.14,-10.12,78.47,35.93
Harsh Cornering,0,25.66,32.09,43.04,66.21,5.1,48.63,21.41
Deep Discharge Warning,1,42.52,52.53,73.7,49.84,-60.31,19.47,14.26
Harsh Cornering,0,36.14,40.07,54.87,78.3,-8.71,91.39,35.95
Battery Under Voltage,1,26.59,31.8,39.77,48.64,-20.51,6.49,23.99
Harsh Braking,0,27.9,36.69,43.16,80.81,-16.28,96.56,29.69
Battery Under Voltage,1,37.59,49.85,57.03,46.04,-36.76,7.07,21.7
Deep Discharge Warning,1,44.13,51.86,73.67,47.74,-36.17,7.02,4.6
Low SoC,1,42.53,46.58,59.86,47.61,-9.17,16.25,0.02
Harsh Braking,0,34.73,40.71,43.81,72.27,-17.2,72.5,26.66
Battery Under Voltage,1,50.01,64.7,73.25,45.64,-34.88,6.94,18.91
OverSpeed,0,29.5,34.63,43.91,73.83,-39.77,82.51,30.46
Harsh Acceleration,0,25.59,34.71,34.42,64.43,-31.36,50.23,27.93
Harsh Braking,0,26.59,35.29,33.33,73.76,-31.3,84.25,21.13
Harsh Braking,0,31.51,38.61,43.3,71.76,-11.32,70.97,29.6
Low SoC,1,49.48,55.59,72.49,46.34,-31.11,6.73,77.07
OverSpeed,0,33.71,39.94,47.89,74.14,-2.96,83.27,48.83
Low SoC,1,56.19,71.12,62.72,44.88,-53.12,6.94,8.62
Low SoC,1,49.43,58.22,65.11,45.01,-26.36,4.68,8.75
Harsh Acceleration,0,30.12,37.32,28.94,65.44,-22.1,47.67,39.23
OverSpeed,0,29.42,34.03,34.56,66.63,-20.28,53.65,34.79
Harsh Acceleration,0,26.33,30.03,40.92,64.16,-25.11,46.8,12.53
Harsh Braking,0,29.94,35.04,42.84,65.64,-21.18,43.26,16.8
Harsh Braking,0,33.02,38.25,50.64,65.28,-24.51,46.86,32.25
Harsh Braking,0,34.0,40.1,45.62,67.58,-7.4,55.39,43.15
Deep Discharge Warning,1,36.68,50.88,57.21,46.52,-22.68,10.99,5.33
Harsh Cornering,0,21.22,24.02,38.72,67.34,-14.51,52.07,17.57
Harsh Acceleration,0,33.91,35.66,49.72,70.31,-12.41,65.46,36.82
Harsh Acceleration,0,28.29,29.14,42.81,76.71,-21.4,85.97,22.49
Consecutive Fast Charging,1,39.45,45.99,63.7,46.2,-43.79,5.77,16.75
Harsh Braking,0,30.48,38.87,42.79,78.21,-15.04,92.94,19.87
Harsh Cornering,0,25.29,30.41,32.7,68.92,-25.69,56.61,24.4
Harsh Acceleration,0,28.16,34.6,44.94,65.0,-10.31,48.63,41.24
Deep Discharge Warning,1,45.49,56.08,65.54,46.77,-25.94,3.76,12.22
Low SoC,1,35.93,43.49,58.68,49.02,-55.68,5.34,17.45
OverSpeed,0,30.0,38.3,30.81,66.16,-18.67,53.51,28.31
Low SoC,1,29.85,45.89,47.43,47.46,-52.95,5.18,6.9
Low SoC,1,36.36,47.12,63.66,47.03,-70.2,6.91,2.8
Low SoC,1,51.67,66.34,89.45,45.83,-32.98,5.21,11.57
Deep Discharge Warning,1,32.88,42.14,56.64,45.48,-55.25,3.22,7.98
Battery Under Voltage,1,46.52,56.13,55.15,45.45,-63.45,5.75,10.64
OverSpeed,0,32.64,35.41,46.79,64.21,-17.85,45.16,27.06
Harsh Braking,0,29.94,37.97,38.21,70.18,-4.82,65.06,41.66
Deep Discharge Warning,1,35.87,45.63,57.3,45.3,-58.87,4.68,3.92
Low SoC,1,27.21,40.77,41.74,47.28,-57.56,3.29,29.42
Harsh Braking,0,29.14,36.93,44.58,64.09,-7.44,42.77,35.12
Low SoC,1,34.34,46.02,65.25,44.54,-47.41,0.66,18.23
Low SoC,1,33.26,50.09,55.64,47.47,-32.22,10.41,8.26
Harsh Acceleration,0,29.09,38.44,45.45,72.71,-18.87,72.04,10.17
Deep Discharge Warning,1,49.01,53.19,82.35,43.27,-51.87,3.0,13.79
Consecutive Fast Charging,1,62.69,81.0,93.75,48.66,-40.75,13.76,17.49
Deep Discharge Warning,1,48.95,51.82,71.52,45.16,-39.95,0.85,4.16
Harsh Cornering,0,24.0,26.74,33.13,67.11,-13.43,50.03,40.38
Harsh Braking,0,22.57,27.26,39.32,71.18,-14.32,63.79,17.21
Harsh Braking,0,24.33,30.71,43.59,71.82,-21.96,72.47,33.91
Deep Discharge Warning,1,43.6,50.4,63.45,47.53,-73.26,12.3,2.34
Harsh Acceleration,0,33.34,40.22,44.4,66.02,-23.69,46.65,38.5
Low SoC,1,48.58,66.89,78.38,44.68,-35.87,7.44,32.21
Low SoC,1,24.55,30.33,43.91,44.94,-16.13,6.19,20.82
Deep Discharge Warning,1,49.23,61.32,83.34,44.1,-43.39,5.33,10.86
Harsh Braking,0,30.23,38.42,38.2,79.54,-15.65,97.42,49.83
Low SoC,1,42.06,52.33,64.76,46.87,-63.97,2.19,28.22
Deep Discharge Warning,1,43.73,56.61,66.23,47.56,-45.2,1.01,19.33
Low SoC,1,32.57,42.69,66.67,46.74,-31.71,3.77,13.39
Low SoC,1,38.52,47.17,55.91,48.94,-72.84,13.11,12.02
OverSpeed,0,30.9,35.08,45.47,65.64,-10.26,51.68,31.64
Deep Discharge Warning,1,41.34,52.08,51.17,44.37,-37.2,3.88,18.66
Harsh Braking,0,37.73,42.84,53.52,67.41,-19.5,52.18,36.87
Deep Discharge Warning,1,47.57,56.32,66.15,45.12,-22.83,5.0,20.26
Harsh Acceleration,0,36.46,44.03,43.2,69.83,-21.63,65.31,26.62
Harsh Acceleration,0,21.72,30.67,36.84,76.48,-18.63,88.83,25.49
Harsh Acceleration,0,31.47,36.92,40.88,65.27,-17.53,43.02,29.73
Harsh Acceleration,0,32.2,36.1,42.15,75.03,-12.67,82.53,38.11
Harsh Braking,0,32.35,36.07,42.63,71.12,-20.68,69.12,53.38
Harsh Braking,0,23.81,27.55,39.59,70.22,-5.46,66.39,32.7
Deep Discharge Warning,1,38.41,46.61,69.78,47.37,-43.57,3.3,1.39
Harsh Cornering,0,27.07,30.24,44.07,63.8,-21.31,41.51,33.6
Deep Discharge Warning,1,58.15,73.51,91.06,48.61,-94.02,12.72,27.41
Deep Discharge Warning,1,37.0,43.71,64.15,48.48,-65.29,18.78,20.78
Low SoC,1,51.53,66.31,78.64,49.86,-42.98,17.52,4.18
Low SoC,1,48.97,57.75,68.02,43.23,-68.47,2.42,15.37
Deep Discharge Warning,1,46.94,59.9,83.76,45.44,-43.61,1.12,53.07
Harsh Cornering,0,30.1,35.44,37.74,79.22,-26.32,94.24,22.45
Harsh Acceleration,0,29.84,34.12,44.69,72.45,-15.32,66.79,45.54
Battery Under Voltage,1,43.33,54.14,71.67,45.24,-61.41,1.04,21.15
Harsh Acceleration,0,22.33,26.07,35.58,69.8,-15.78,56.39,28.19
OverSpeed,0,25.75,32.17,48.13,71.73,18.84,68.23,30.77
Low SoC,1,35.96,46.65,72.41,45.58,-55.96,0.83,49.39
Low SoC,1,40.28,57.54,63.54,48.9,-52.2,9.51,4.9
Harsh Braking,0,25.08,33.8,43.84,76.41,-10.62,85.89,5.11
Harsh Braking,0,24.61,30.22,31.31,71.5,-20.32,69.25,34.36
Low SoC,1,51.34,64.57,83.58,44.34,-42.93,2.26,2.45
Harsh Acceleration,0,31.47,37.27,35.57,65.14,-28.64,47.2,20.54
Harsh Acceleration,0,26.5,32.76,34.92,75.65,-4.58,83.55,22.0
Low SoC,1,49.69,67.6,72.99,46.81,-49.74,4.56,10.0
Harsh Acceleration,0,34.31,40.17,46.98,77.81,-13.17,89.51,13.5
Deep Discharge Warning,1,41.23,57.78,68.51,46.4,-43.31,7.37,4.59
Harsh Braking,0,37.22,43.78,46.63,68.41,-12.95,61.81,18.08
Low SoC,1,44.94,58.72,78.85,46.57,-46.14,12.27,9.32
Harsh Acceleration,0,23.84,27.81,35.84,67.07,-13.92,57.64,22.28
Battery Under Voltage,1,48.59,54.83,63.31,47.23,-53.04,4.47,10.43
Harsh Acceleration,0,29.72,36.11,41.95,63.19,-6.2,44.46,45.27
OverSpeed,0,30.36,39.57,22.66,76.79,-7.22,86.32,34.5
Harsh Braking,0,28.19,30.23,45.29,65.64,-3.35,48.37,26.75
Harsh Braking,0,25.51,33.37,37.73,69.0,-10.42,64.47,8.11
Harsh Acceleration,0,36.41,41.91,52.25,71.44,-19.78,69.24,48.61
Harsh Braking,0,23.42,28.01,40.11,74.75,-14.73,81.04,32.66
Harsh Cornering,0,21.52,33.55,32.46,67.02,-8.34,61.21,13.19
Deep Discharge Warning,1,44.48,56.29,73.85,44.84,-48.19,11.4,44.92
Deep Discharge Warning,1,35.5,50.59,57.99,48.49,-47.75,18.13,20.26
Consecutive Fast Charging,1,45.15,56.77,77.16,46.07,-53.03,6.92,5.01
Deep Discharge Warning,1,37.54,48.07,48.95,44.92,-39.73,7.43,15.82
Harsh Braking,0,24.46,30.47,36.1,72.1,-14.64,71.02,22.23
Harsh Acceleration,0,28.63,33.53,45.03,77.21,-4.17,87.55,26.92
Battery Under Voltage,1,45.94,54.72,81.19,46.01,-41.35,0.23,9.41
Deep Discharge Warning,1,35.35,49.77,74.13,47.55,-62.02,13.49,14.58
Low SoC,1,42.19,55.02,70.97,48.53,-35.91,10.45,1.61
Harsh Cornering,0,29.0,33.49,38.52,71.03,-22.38,62.74,34.72
Harsh Acceleration,0,34.2,39.63,45.67,73.14,-7.87,82.15,17.4
Low SoC,1,45.76,57.1,80.26,45.27,-18.7,6.41,38.36
Deep Discharge Warning,1,41.42,52.61,75.71,46.62,-44.04,7.44,0.14
Deep Discharge Warning,1,45.77,62.83,64.97,43.93,-51.62,0.84,8.54
Harsh Cornering,0,29.67,36.08,45.12,72.54,-5.18,72.91,32.93
Harsh Cornering,0,38.33,46.3,54.93,73.81,5.65,74.97,32.62
Deep Discharge Warning,1,56.54,65.97,75.52,43.85,-42.31,0.51,21.06
Low SoC,1,51.06,63.53,73.11,43.78,-46.68,0.82,8.67
Harsh Acceleration,0,36.39,43.06,42.65,79.73,-19.29,97.11,39.15
Harsh Acceleration,0,28.44,35.13,36.94,65.61,-11.13,50.41,54.56
Low SoC,1,35.85,46.17,66.18,45.7,-48.86,10.14,6.23
Battery Under Voltage,1,42.21,49.96,77.99,47.39,-37.66,9.81,5.13
Low SoC,1,41.58,49.88,74.9,43.39,-24.55,2.91,17.5
Deep Discharge Warning,1,35.14,44.39,63.98,46.17,-5.71,2.22,38.93
Low SoC,1,39.74,53.81,77.9,49.36,-61.05,11.91,36.74
Harsh Cornering,0,27.74,35.88,37.01,70.39,3.46,71.37,31.91
Low SoC,1,30.69,41.28,60.25,47.97,-53.79,13.11,6.05
Low SoC,1,38.91,51.86,54.97,49.66,-40.45,15.33,14.35
OverSpeed,0,32.26,39.51,42.95,64.49,-17.05,43.99,30.42
Battery Under Voltage,1,49.71,58.39,73.1,46.51,-35.44,10.07,14.56
Low SoC,1,33.52,40.92,67.25,46.22,-17.78,7.33,29.16
Low SoC,1,42.4,57.1,76.44,43.75,-52.84,2.23,3.37
Harsh Braking,0,25.99,28.69,38.17,70.54,-14.45,65.42,21.51
Harsh Acceleration,0,20.56,26.94,30.36,74.95,-0.24,83.93,35.42
Consecutive Fast Charging,1,26.46,42.73,51.62,47.39,-54.59,8.71,41.68
OverSpeed,0,28.86,35.01,48.69,80.24,-17.07,97.62,21.86
Low SoC,1,38.8,53.92,63.31,49.2,-14.95,16.22,11.35
Harsh Braking,0,33.59,41.88,46.17,75.95,11.54,85.54,37.86
Low SoC,1,50.54,62.0,71.78,46.66,-73.79,4.77,6.42
Deep Discharge Warning,1,42.79,51.89,64.15,45.45,-63.03,1.38,18.02
Deep Discharge Warning,1,49.43,57.17,79.38,49.29,-44.99,13.69,3.45
OverSpeed,0,38.17,42.77,51.96,71.69,-10.06,75.28,59.37
Harsh Acceleration,0,32.12,31.86,44.14,74.31,-11.13,79.03,17.34
Deep Discharge Warning,1,37.99,53.51,61.26,45.91,-39.92,11.76,1.3
Harsh Braking,0,26.11,31.27,39.68,75.22,0.02,76.8,36.71
Deep Discharge Warning,1,45.71,61.82,76.22,45.95,-44.5,11.06,15.0
Harsh Braking,0,36.34,44.55,46.08,67.32,-4.03,54.71,44.42
OverSpeed,0,27.72,33.75,38.28,65.68,-6.81,52.49,24.81
Harsh Braking,0,27.86,38.48,37.83,64.06,-20.91,43.98,47.2
Harsh Acceleration,0,31.27,36.11,40.56,72.16,-27.65,73.02,14.18
Harsh Braking,0,22.65,31.42,35.82,68.23,-9.84,57.94,39.46
Thermal Overheat Surge,1,56.34,67.32,75.25,46.75,-41.41,10.56,3.41
Harsh Braking,0,29.95,37.48,38.41,70.87,-17.36,68.66,16.9
Battery Under Voltage,1,37.62,48.47,73.69,44.67,-48.01,3.33,2.3
OverSpeed,0,37.77,43.69,49.24,73.48,-16.5,75.25,39.3
Deep Discharge Warning,1,31.16,31.57,55.78,46.88,-50.23,10.19,4.54
Low SoC,1,52.02,64.01,58.7,47.02,-53.89,15.66,25.9
Harsh Cornering,0,23.51,28.92,39.05,73.1,-26.52,74.94,26.53
Low SoC,1,40.86,50.28,64.99,45.58,-48.37,3.6,27.12
Harsh Acceleration,0,34.71,38.38,44.21,75.25,-12.72,79.0,25.56
Deep Discharge Warning,1,46.04,58.15,67.63,47.19,-61.62,8.91,1.96
Battery Under Voltage,1,36.09,56.42,68.67,46.43,-37.99,8.2,11.9
Deep Discharge Warning,1,38.7,52.31,42.83,45.7,-32.6,4.53,7.99
Harsh Acceleration,0,28.02,30.78,46.05,70.32,-21.78,66.85,30.23
Harsh Braking,0,33.58,37.2,46.24,70.72,-11.84,59.6,25.23
Battery Under Voltage,1,51.26,68.09,91.4,44.63,-30.12,4.17,5.04
Battery Under Voltage,1,57.79,64.68,78.21,49.53,-28.89,11.4,5.26
Harsh Braking,0,32.87,39.13,48.35,77.11,-30.77,84.73,27.98
Deep Discharge Warning,1,42.3,54.05,64.73,46.42,-33.6,2.59,3.2
Low SoC,1,42.49,53.64,63.87,45.21,-48.24,2.98,13.41
Harsh Acceleration,0,30.13,33.93,36.2,65.81,-30.17,49.82,43.71
Deep Discharge Warning,1,39.89,46.52,62.14,47.97,-50.8,5.71,2.98
Harsh Cornering,0,31.41,37.74,56.85,70.97,-16.57,66.99,35.74
Harsh Braking,0,30.76,34.59,40.02,73.59,-24.88,77.88,30.26
Consecutive Fast Charging,1,49.27,62.48,79.26,47.89,-50.01,15.19,9.26
Consecutive Fast Charging,1,32.99,47.87,64.85,46.62,-47.58,6.53,18.22
Deep Discharge Warning,1,51.03,61.36,76.95,45.36,-10.25,10.92,6.91
Deep Discharge Warning,1,61.04,74.2,75.29,45.65,-53.37,3.76,12.62
Deep Discharge Warning,1,37.84,53.83,61.02,49.36,-51.12,14.46,25.96
Deep Discharge Warning,1,32.8,46.07,55.13,47.08,-82.38,5.94,35.8
Low SoC,1,34.48,47.25,67.0,45.19,-33.78,7.63,15.68
Harsh Braking,0,30.84,38.14,48.67,65.67,-11.99,49.68,23.66
Low SoC,1,42.45,52.29,57.68,46.17,-45.65,5.93,1.75
OverSpeed,0,28.47,35.45,43.51,70.14,-25.84,65.71,31.38
Low SoC,1,48.46,59.89,89.41,46.56,-55.16,0.44,35.64
Low SoC,1,44.12,57.69,74.19,45.24,-21.45,0.78,1.75
Battery Under Voltage,1,46.73,56.23,70.29,47.31,-48.39,16.48,7.89
Battery Under Voltage,1,48.71,59.21,72.28,44.47,-56.37,1.81,16.21
OverSpeed,0,24.87,29.29,36.8,64.0,-18.92,42.95,33.71
Harsh Braking,0,31.76,34.53,44.19,68.1,-4.77,56.49,30.34
Low SoC,1,36.55,46.97,61.16,45.84,-65.59,3.16,2.4
Harsh Acceleration,0,28.48,35.03,38.94,76.89,-14.14,83.03,31.35
OverSpeed,0,27.76,33.58,33.75,76.02,-17.57,81.63,48.63
Harsh Cornering,0,27.29,35.77,32.28,70.4,-19.58,71.11,28.44
Battery Under Voltage,1,49.56,64.04,61.24,49.11,-51.47,15.44,21.45
Harsh Acceleration,0,30.56,38.54,43.28,66.99,-14.47,54.36,64.72
Harsh Acceleration,0,31.59,38.1,45.14,66.28,-20.14,47.4,29.25
Harsh Braking,0,26.72,29.8,37.14,70.19,-12.75,68.67,42.5
Harsh Braking,0,28.25,35.39,37.03,69.97,-15.39,67.21,30.22
Low SoC,1,35.41,51.54,67.76,46.73,-35.95,0.85,34.38
Thermal Overheat Surge,1,50.65,60.4,69.15,48.55,-36.79,9.05,4.02
Harsh Cornering,0,34.68,38.18,46.13,70.3,-11.81,66.9,45.58
Thermal Overheat Surge,1,32.73,44.56,57.15,45.67,-36.17,5.78,23.04
Consecutive Fast Charging,1,27.99,48.09,59.69,45.62,-50.53,2.45,21.92
Harsh Braking,0,29.83,38.71,49.69,65.13,-4.63,45.29,26.04
Battery Under Voltage,1,30.66,46.97,63.07,49.72,-13.15,6.66,14.46
Harsh Braking,0,34.34,38.74,42.36,74.34,-23.95,79.16,18.21
Low SoC,1,43.92,58.44,66.09,47.41,-45.54,11.39,3.27
Deep Discharge Warning,1,45.94,57.37,76.41,48.58,-51.92,8.3,3.76
Harsh Acceleration,0,27.1,33.16,39.55,75.25,-17.92,81.17,27.56
Harsh Braking,0,31.43,39.62,38.76,78.68,-11.86,97.18,21.49
Harsh Acceleration,0,30.78,38.18,44.15,80.16,-20.67,94.11,19.17
Harsh Braking,0,30.03,34.41,43.49,64.37,-5.12,46.92,20.94
Harsh Acceleration,0,32.78,39.6,34.61,73.25,-10.67,79.18,30.3
Low SoC,1,52.47,64.18,73.12,44.91,-44.46,5.96,2.9
Deep Discharge Warning,1,34.81,43.72,56.03,46.37,-22.21,5.88,3.71
Low SoC,1,30.77,37.43,68.89,45.79,-52.44,2.12,10.68
OverSpeed,0,30.08,39.85,41.0,65.62,-18.99,50.35,48.16
Harsh Braking,0,23.94,27.46,34.06,68.79,-22.06,61.02,42.14
Harsh Cornering,0,36.89,46.66,53.26,68.94,-35.86,65.69,43.12
Harsh Acceleration,0,32.56,39.76,41.08,66.64,-35.95,54.31,32.61
Consecutive Fast Charging,1,42.24,51.5,54.42,47.59,-39.75,4.1,14.54
Battery Under Voltage,1,61.74,74.4,80.83,44.01,-70.21,3.72,15.4
OverSpeed,0,36.14,40.66,55.87,72.37,1.05,75.56,29.61
Battery Under Voltage,1,52.06,60.57,85.09,45.79,-42.51,6.4,18.24
Harsh Acceleration,0,26.55,34.86,47.53,75.76,-35.53,86.33,23.42
Battery Under Voltage,1,41.27,50.08,64.69,46.43,-29.08,9.44,11.52
Harsh Acceleration,0,33.76,39.6,53.61,67.33,-12.39,54.63,27.36
Low SoC,1,41.43,47.94,50.81,45.69,-38.46,4.34,6.28
Low SoC,1,46.95,61.52,70.02,47.08,-29.73,4.68,12.0
Harsh Braking,0,32.0,38.3,45.84,71.84,-38.7,66.73,46.65
Battery Under Voltage,1,39.91,51.85,65.02,46.58,-60.28,5.11,8.4
Thermal Overheat Surge,1,47.64,62.61,69.8,47.68,-28.95,9.16,0.9
Harsh Braking,0,26.75,31.74,34.8,64.6,-24.71,51.63,50.0
Harsh Acceleration,0,20.22,27.04,35.91,78.51,-11.38,91.87,38.71
Low SoC,1,43.92,55.0,54.06,46.65,-44.58,9.07,12.23
Harsh Cornering,0,31.31,30.33,45.05,76.69,1.48,90.47,28.14
Deep Discharge Warning,1,42.38,50.04,77.07,46.57,-36.64,6.61,14.26
Harsh Cornering,0,34.17,36.75,46.49,72.39,-16.17,71.59,29.16
Harsh Braking,0,32.84,40.36,47.86,67.33,-9.95,50.71,41.82
Low SoC,1,56.24,68.8,80.22,47.11,-34.92,5.82,1.17
Low SoC,1,49.71,63.7,79.88,45.71,-52.49,4.91,5.8
Deep Discharge Warning,1,29.41,37.56,49.69,49.91,-70.15,19.44,23.05
Harsh Acceleration,0,32.79,41.88,51.89,67.76,-18.78,55.98,48.63
Harsh Braking,0,32.51,38.63,46.71,74.45,-9.93,85.54,41.0
Harsh Acceleration,0,32.64,37.72,49.18,74.79,-20.11,80.22,32.43
Harsh Braking,0,30.05,36.39,27.9,71.59,-30.42,70.03,27.79
Deep Discharge Warning,1,33.75,42.68,75.8,47.33,-40.02,5.07,3.53
Low SoC,1,50.31,64.35,86.82,46.17,-45.02,7.67,3.24
Harsh Cornering,0,25.2,29.16,38.92,69.77,-4.43,60.79,23.08
Battery Under Voltage,1,46.26,46.15,71.68,47.22,-54.82,15.92,52.82
Deep Discharge Warning,1,32.52,49.2,47.06,47.46,-82.93,12.33,9.55
Harsh Acceleration,0,27.29,36.53,38.22,68.31,-11.71,60.07,26.95
Harsh Acceleration,0,28.35,35.1,39.37,62.56,-12.99,40.52,25.08
Deep Discharge Warning,1,43.86,49.59,89.69,47.78,-30.61,12.58,2.56
Consecutive Fast Charging,1,44.06,60.04,73.57,47.8,-86.29,17.38,4.15
Deep Discharge Warning,1,39.26,50.15,71.55,46.69,-45.48,7.25,5.2
Low SoC,1,43.6,50.07,62.88,49.13,-67.57,10.4,13.09
Battery Under Voltage,1,49.86,62.38,79.37,44.55,-40.01,5.31,0.19
Battery Under Voltage,1,44.58,63.52,59.75,46.62,-70.73,5.08,11.42
Deep Discharge Warning,1,27.84,37.0,54.01,46.61,-44.95,6.41,40.89
Deep Discharge Warning,1,39.08,43.33,77.52,43.48,-61.63,2.2,3.08
Harsh Cornering,0,29.7,39.39,43.09,66.56,-29.28,50.3,27.9
Low SoC,1,49.59,59.21,70.62,47.83,-30.36,14.93,56.6
Thermal Overheat Surge,1,35.12,44.83,58.91,44.03,-63.95,3.45,20.35
Harsh Acceleration,0,31.43,39.1,42.0,77.33,-11.08,94.24,41.79
Low SoC,1,41.78,54.31,71.02,45.88,-32.94,1.82,3.59
Harsh Cornering,0,31.72,35.14,39.3,76.26,-15.74,82.63,33.54
Harsh Cornering,0,29.37,33.82,41.25,76.19,-38.75,88.84,25.6
Low SoC,1,50.1,63.02,73.04,46.32,-18.33,9.12,3.44
Low SoC,1,55.66,71.54,93.71,45.96,-40.62,1.63,18.8
Deep Discharge Warning,1,30.1,43.88,53.77,46.4,-37.83,1.26,1.54
Harsh Braking,0,31.64,43.54,43.96,69.83,-19.28,58.56,32.7
OverSpeed,0,26.14,30.85,32.36,71.63,-7.92,70.04,20.49
Low SoC,1,49.17,59.14,77.38,45.78,-50.81,8.0,1.09
Low SoC,1,47.54,56.54,87.62,46.76,-47.04,8.63,3.36
Deep Discharge Warning,1,37.57,53.05,56.01,46.5,-48.15,2.55,9.54
Harsh Acceleration,0,28.1,32.2,43.66,71.46,-14.65,71.46,30.25
Deep Discharge Warning,1,47.52,61.56,88.68,46.71,-37.04,2.1,8.23
Harsh Acceleration,0,25.74,29.32,32.89,72.09,-18.59,72.52,30.4
Harsh Acceleration,0,35.39,40.24,54.34,78.73,-6.63,93.52,59.34
Harsh Cornering,0,27.46,39.56,35.51,65.5,-13.38,47.97,32.24
Low SoC,1,46.61,60.47,78.81,50.89,-29.94,21.44,5.44
Low SoC,1,46.49,52.01,73.06,46.86,-56.43,8.04,13.6
Low SoC,1,49.09,61.48,61.64,45.72,-70.35,3.86,17.61
Deep Discharge Warning,1,38.87,54.1,57.97,44.03,-57.23,4.47,8.15
Harsh Cornering,0,29.9,35.64,46.32,73.31,-41.94,75.57,37.23
Harsh Braking,0,27.28,35.49,49.81,77.51,-24.96,86.45,43.94
Deep Discharge Warning,1,39.21,51.76,67.16,45.15,-61.4,1.18,5.68
Harsh Braking,0,30.06,36.34,40.0,75.09,-5.13,83.03,37.41
Consecutive Fast Charging,1,32.95,46.19,66.96,46.5,-60.11,8.46,1.67
Harsh Cornering,0,32.07,38.62,43.89,65.82,-11.55,53.36,45.09
Harsh Braking,0,24.85,29.88,39.16,80.4,-1.93,97.13,27.1
Low SoC,1,49.2,58.77,79.11,45.3,-62.62,6.78,5.7
Deep Discharge Warning,1,34.36,44.91,58.8,45.66,-39.06,8.08,8.35
Harsh Braking,0,30.67,39.85,44.06,65.21,-12.57,45.27,8.63
Harsh Acceleration,0,23.97,29.25,39.13,73.02,-27.84,75.04,21.15
Harsh Braking,0,27.71,29.64,39.86,71.01,2.56,67.83,35.93
Harsh Acceleration,0,27.48,38.78,36.43,73.39,-18.26,76.9,41.62
Low SoC,1,38.87,44.31,51.12,47.9,-51.01,1.74,33.22
Deep Discharge Warning,1,38.6,52.0,55.43,47.12,-28.59,13.85,2.37
Harsh Braking,0,22.62,23.06,36.08,70.87,-24.22,65.96,21.16
Battery Under Voltage,1,44.36,57.49,67.22,47.75,-55.28,12.0,5.02
Harsh Acceleration,0,32.23,37.79,45.18,64.28,3.61,47.46,25.86
Thermal Overheat Surge,1,48.37,63.96,69.21,46.87,-51.84,16.22,19.12
Consecutive Fast Charging,1,56.73,67.81,84.74,46.6,-69.85,6.03,16.76
Harsh Braking,0,29.55,34.89,35.54,73.66,-21.49,73.93,36.11
Harsh Braking,0,30.06,35.58,47.95,69.94,-7.96,66.09,48.17
Harsh Braking,0,28.6,37.42,43.8,75.23,-32.67,81.0,25.19
Harsh Acceleration,0,30.65,34.11,40.71,62.94,-31.42,40.49,29.19
Harsh Cornering,0,26.74,32.7,36.08,74.88,-23.21,78.24,6.99
Harsh Braking,0,22.52,23.08,39.27,76.33,-3.47,88.47,23.0
Battery Under Voltage,1,37.14,43.89,52.21,48.64,-44.92,11.41,38.97
Harsh Cornering,0,27.72,30.94,41.02,67.11,-7.4,56.02,55.8
Harsh Acceleration,0,29.81,32.35,45.22,68.28,9.79,58.38,27.11
Harsh Acceleration,0,24.6,28.06,35.39,77.03,8.04,92.42,36.4
Battery Under Voltage,1,38.1,54.11,67.63,43.58,-95.77,1.58,28.26
Harsh Acceleration,0,27.21,33.3,41.7,65.22,-17.34,50.85,26.58
Low SoC,1,47.68,53.86,69.07,44.06,-39.93,0.78,6.28
Harsh Cornering,0,26.52,33.55,44.25,66.75,-17.27,54.94,31.48
Deep Discharge Warning,1,41.33,46.24,76.97,45.26,-72.24,3.49,5.37
Harsh Acceleration,0,33.64,43.46,44.09,67.49,-12.12,50.71,34.42
Harsh Acceleration,0,29.19,33.32,37.43,63.8,-4.06,43.38,44.16
Battery Under Voltage,1,35.55,39.86,56.22,46.74,-53.23,2.59,17.24
Harsh Acceleration,0,34.69,36.71,38.55,64.26,-11.62,40.82,32.75
Deep Discharge Warning,1,42.71,56.75,78.9,46.15,-34.31,4.55,11.73
Harsh Braking,0,36.31,38.07,50.21,77.06,-4.96,90.94,46.04
Consecutive Fast Charging,1,56.28,66.06,72.49,46.29,-64.33,10.81,6.75
Harsh Braking,0,25.69,30.45,38.5,73.1,-15.04,73.11,20.91
Low SoC,1,35.6,45.48,57.55,46.78,-63.09,10.42,26.55
Harsh Cornering,0,29.71,33.69,43.03,65.03,-10.45,53.87,25.3
Battery Under Voltage,1,37.36,45.93,59.79,47.54,-50.35,6.6,14.56
Harsh Acceleration,0,21.43,30.98,33.57,73.26,-9.69,74.23,25.12
Low SoC,1,35.5,51.49,66.23,46.37,-70.26,6.07,5.41
Low SoC,1,46.37,63.27,64.87,44.06,-44.96,3.53,28.36
Harsh Acceleration,0,25.81,31.97,38.94,71.04,-13.01,66.29,27.34
Low SoC,1,43.31,57.8,81.13,46.18,-41.81,5.29,25.98
Low SoC,1,31.51,43.36,42.47,45.46,-65.47,2.52,19.16
Deep Discharge Warning,1,50.58,58.55,69.98,45.3,-44.02,0.18,20.04
Harsh Braking,0,38.73,47.86,48.53,65.57,1.42,49.53,20.99
OverSpeed,0,27.17,32.24,40.65,64.9,-17.58,44.39,45.98
Harsh Acceleration,0,27.62,31.71,35.28,75.44,-8.2,83.61,48.7
Harsh Acceleration,0,31.38,39.4,46.6,64.01,-13.49,43.82,35.68
Deep Discharge Warning,1,46.8,57.45,58.73,47.62,-28.14,20.03,40.12
Harsh Braking,0,29.35,35.01,37.55,64.2,0.91,42.63,27.15
Deep Discharge Warning,1,42.67,48.67,62.6,42.66,-54.84,1.27,5.83
Harsh Acceleration,0,31.24,41.8,43.59,68.81,-26.53,52.38,37.91
OverSpeed,0,29.81,33.58,41.22,68.95,-21.56,54.11,29.42
Harsh Braking,0,22.45,29.32,26.31,74.59,-11.28,79.97,21.9
OverSpeed,0,32.21,40.7,44.58,74.17,-15.34,78.23,9.12
Harsh Braking,0,35.69,39.95,42.52,64.82,-33.34,50.55,36.09
Deep Discharge Warning,1,55.84,71.47,96.96,44.92,-64.93,4.76,1.92
Harsh Acceleration,0,37.85,45.75,41.84,64.68,-4.72,40.29,26.64
OverSpeed,0,31.93,38.57,44.14,71.36,-8.07,72.73,13.51
Deep Discharge Warning,1,37.73,53.83,63.36,46.23,-29.0,3.32,6.36
Harsh Braking,0,32.4,40.25,40.65,68.85,-5.31,60.53,38.6
Low SoC,1,35.19,50.71,58.56,46.55,-26.2,13.54,12.05
Harsh Acceleration,0,38.05,44.82,57.25,65.06,-9.96,43.25,20.16
Deep Discharge Warning,1,37.62,49.28,59.68,49.43,-36.39,13.72,1.7
Harsh Acceleration,0,34.04,44.87,34.99,77.2,-24.85,88.13,32.85
Harsh Braking,0,39.83,44.72,48.1,65.21,-10.86,50.35,48.32
Harsh Braking,0,23.72,30.01,34.45,70.66,-10.44,66.48,37.42
Deep Discharge Warning,1,35.25,45.23,55.22,45.08,-63.9,17.28,0.56
Harsh Acceleration,0,29.5,38.98,35.11,64.24,4.59,46.34,34.36
Thermal Overheat Surge,1,58.8,70.77,81.32,45.86,-62.93,5.8,7.05
Harsh Braking,0,29.45,36.11,46.89,65.36,-18.66,41.82,26.96
OverSpeed,0,29.12,33.03,39.09,79.34,-28.04,97.22,51.96
Harsh Braking,0,29.4,33.9,43.21,62.82,-20.67,40.36,24.34
Harsh Acceleration,0,28.78,34.83,41.56,75.08,-27.96,81.98,41.57
Deep Discharge Warning,1,44.02,58.43,64.22,47.93,-59.87,10.77,1.68
Battery Under Voltage,1,32.09,46.12,49.55,46.23,-62.0,2.38,6.7
Harsh Acceleration,0,32.73,39.47,41.26,71.13,5.23,67.48,54.36
Harsh Braking,0,26.22,32.02,35.47,65.78,-5.91,47.38,35.9
Harsh Cornering,0,28.62,35.26,43.31,79.36,-28.46,96.09,38.06
Low SoC,1,44.69,47.2,61.92,47.19,-67.05,4.21,9.17
Harsh Cornering,0,35.53,43.3,49.66,76.03,-16.75,82.7,29.88
Harsh Acceleration,0,25.35,31.88,41.38,66.43,-21.69,53.46,18.11
Deep Discharge Warning,1,50.23,61.03,67.7,45.9,-59.29,5.13,0.51
Low SoC,1,46.3,54.77,68.48,46.98,-51.08,12.26,33.01
Harsh Acceleration,0,33.04,37.09,44.32,70.03,-1.01,62.93,48.92
Harsh Cornering,0,28.91,33.05,37.64,65.63,6.85,46.74,51.54
Battery Under Voltage,1,43.43,55.86,76.11,45.39,-59.7,5.36,7.65
Harsh Braking,0,26.82,32.43,41.49,68.45,-14.93,57.81,20.97
Harsh Acceleration,0,35.86,45.5,52.19,67.62,-10.68,51.8,33.25
Harsh Braking,0,31.32,40.09,43.19,68.79,-14.87,59.99,33.28
Harsh Braking,0,32.69,39.92,45.6,69.76,-24.73,62.75,24.72
Harsh Cornering,0,27.42,30.7,39.77,66.39,-23.41,50.33,36.89
Harsh Braking,0,30.78,38.42,47.39,73.79,-27.55,77.31,20.19
Harsh Braking,0,31.15,35.63,43.9,77.16,-14.05,90.81,53.45
Deep Discharge Warning,1,53.23,62.6,85.45,50.38,-51.38,12.02,11.51
Low SoC,1,56.65,76.03,85.49,43.02,-68.48,0.99,13.4
Low SoC,1,50.82,62.17,76.74,47.65,-30.82,3.07,41.1
Low SoC,1,50.26,48.18,78.83,47.53,-57.69,7.79,6.41
Deep Discharge Warning,1,32.91,45.23,66.53,47.53,-38.64,14.3,1.55
Deep Discharge Warning,1,44.11,55.66,66.37,47.75,-32.3,13.81,11.38
Harsh Braking,0,38.05,42.63,57.31,69.95,8.81,62.2,32.93
Low SoC,1,36.88,48.94,63.68,47.03,-71.4,5.94,14.21
Deep Discharge Warning,1,45.06,61.98,72.14,46.66,-63.61,0.37,28.89
Harsh Cornering,0,30.12,37.84,43.18,70.54,-12.49,62.33,5.0
Harsh Braking,0,26.97,31.75,43.69,71.71,-1.18,67.37,31.6
Harsh Braking,0,29.47,32.91,49.25,67.29,-12.87,51.85,13.91
Battery Under Voltage,1,40.88,48.78,64.83,44.65,-59.0,1.64,24.0
Low SoC,1,51.13,63.52,80.93,45.31,-56.03,1.79,0.84
Battery Under Voltage,1,52.76,64.64,73.53,45.66,-59.98,10.0,1.94
Deep Discharge Warning,1,39.02,49.97,54.8,45.27,-31.42,11.78,1.55
Harsh Braking,0,42.14,49.88,65.12,65.3,0.81,49.63,48.17
Consecutive Fast Charging,1,43.82,55.4,56.3,46.39,-42.42,10.28,3.85
Consecutive Fast Charging,1,61.4,71.93,89.1,44.66,-16.13,4.67,28.17
Harsh Cornering,0,35.92,38.47,46.49,74.67,-9.08,82.77,35.9
Harsh Acceleration,0,32.78,36.23,52.43,65.27,-23.58,48.41,12.34
Harsh Braking,0,25.71,31.0,39.98,71.99,-6.4,71.18,36.37
Harsh Cornering,0,28.53,36.21,44.29,77.5,-28.26,86.77,34.38
Harsh Braking,0,35.4,37.54,55.01,64.83,-18.3,49.56,33.97
Low SoC,1,41.18,55.39,55.41,45.02,-26.17,4.72,1.25
Harsh Cornering,0,31.69,38.35,44.51,80.87,-19.25,97.89,33.05
Deep Discharge Warning,1,42.74,53.5,73.49,44.93,-47.61,6.28,15.49
OverSpeed,0,30.03,38.38,46.32,72.92,-13.63,78.24,25.45
Deep Discharge Warning,1,42.02,52.48,61.29,47.56,-65.25,7.64,6.29
Harsh Acceleration,0,29.47,30.95,39.69,73.47,-7.0,83.05,38.49
Harsh Acceleration,0,33.96,37.12,43.03,67.55,-3.66,55.54,33.29
Harsh Acceleration,0,26.82,32.26,35.0,70.69,-0.63,64.97,35.98
Harsh Acceleration,0,30.56,41.82,35.99,76.51,-11.84,81.53,48.4
OverSpeed,0,32.65,44.6,41.05,63.82,-7.75,44.85,30.73
Low SoC,1,31.78,40.74,63.41,48.53,-48.8,7.92,74.71
Low SoC,1,40.75,59.66,69.39,45.16,-39.12,6.57,15.32
Harsh Acceleration,0,28.38,30.24,42.09,64.34,-4.51,43.71,25.88
Deep Discharge Warning,1,46.23,56.69,72.23,45.76,-61.58,7.09,0.33
Harsh Cornering,0,27.11,34.25,36.71,73.57,-15.63,78.33,9.48
Harsh Acceleration,0,23.59,27.68,34.69,70.68,-14.66,67.46,23.15
Harsh Cornering,0,25.29,32.47,34.16,79.42,-4.84,94.93,49.83
Consecutive Fast Charging,1,41.27,61.62,56.44,48.71,-53.74,11.18,4.09
Harsh Cornering,0,24.68,33.88,32.95,67.71,-18.66,54.63,32.4
Deep Discharge Warning,1,33.74,50.89,52.27,45.93,-60.89,8.9,32.9
OverSpeed,0,25.75,33.02,23.76,72.06,-1.85,67.96,20.37
Harsh Braking,0,39.57,45.77,50.2,69.72,-19.79,63.12,62.4
Harsh Acceleration,0,26.99,34.73,27.15,68.58,18.92,62.0,47.12
Harsh Braking,0,31.19,39.63,41.6,70.79,-28.89,63.41,30.74
Harsh Braking,0,27.92,36.0,36.84,69.73,-7.0,63.32,32.19
Battery Under Voltage,1,36.88,50.66,59.03,45.87,-41.08,7.0,3.3
Battery Under Voltage,1,39.26,50.98,51.84,45.63,-56.5,6.15,15.91
OverSpeed,0,26.08,30.38,37.55,67.38,0.88,59.76,53.45
Low SoC,1,41.11,49.97,66.85,48.3,-50.46,13.45,67.6
Harsh Braking,0,28.17,34.7,33.44,73.48,-23.11,72.99,46.14
Thermal Overheat Surge,1,41.61,54.9,72.68,45.91,-58.12,9.41,21.67
Deep Discharge Warning,1,52.15,64.48,84.32,42.97,-65.44,6.85,0.23
Harsh Braking,0,29.99,39.66,46.17,69.34,-22.39,63.73,41.58
Deep Discharge Warning,1,37.94,48.32,62.53,48.78,-50.42,6.81,18.8
Deep Discharge Warning,1,48.43,55.65,78.51,44.43,-62.71,7.43,0.76
Harsh Acceleration,0,35.47,37.08,40.71,71.61,-30.25,72.13,19.83
Deep Discharge Warning,1,40.97,57.71,63.23,45.32,-12.09,1.4,10.37
Battery Under Voltage,1,38.89,51.17,69.76,48.26,-42.88,17.34,0.3
Deep Discharge Warning,1,39.78,52.12,68.37,45.64,-48.43,6.0,18.49
Harsh Cornering,0,32.03,38.59,43.96,72.74,-19.76,73.68,23.5
Low SoC,1,30.48,40.8,48.03,45.27,-48.15,6.24,32.32
Harsh Braking,0,31.21,32.44,38.75,70.97,-13.81,69.13,21.88
Harsh Acceleration,0,23.51,28.42,38.67,76.55,-5.62,86.22,28.22
Harsh Braking,0,29.03,34.4,49.17,74.82,0.31,78.67,46.88
Battery Under Voltage,1,45.08,52.32,64.3,47.24,-29.34,4.13,9.13
Harsh Braking,0,34.6,42.28,43.14,78.48,-19.88,95.45,36.53
Harsh Braking,0,28.96,36.9,50.96,64.24,9.53,42.59,36.37
Harsh Acceleration,0,35.26,38.98,50.12,73.22,-14.32,74.56,26.73
Low SoC,1,41.96,47.76,71.44,45.97,-18.53,5.43,7.57
Harsh Acceleration,0,30.65,36.18,46.15,66.78,-6.23,46.56,41.44
Deep Discharge Warning,1,37.19,48.04,59.99,46.64,-42.44,9.76,5.42
Harsh Braking,0,31.37,36.75,34.1,68.6,-28.48,57.88,16.22
Low SoC,1,39.92,53.69,62.73,46.47,-22.99,7.04,28.79
Consecutive Fast Charging,1,36.25,49.78,45.89,46.21,-29.67,4.18,83.29
Harsh Acceleration,0,25.59,32.05,34.92,64.59,-2.49,47.29,27.72
Deep Discharge Warning,1,47.35,60.85,82.47,45.43,-40.51,6.43,2.62
OverSpeed,0,26.22,32.25,31.43,63.57,-20.99,42.98,37.63
Deep Discharge Warning,1,43.12,57.13,57.6,46.74,-21.82,8.7,5.39
OverSpeed,0,25.32,26.15,31.8,71.73,-9.44,72.02,43.44
Deep Discharge Warning,1,42.21,61.88,63.35,50.78,-36.37,21.76,2.47
Low SoC,1,45.73,61.27,72.02,46.36,-29.33,4.63,5.56
Battery Under Voltage,1,35.09,50.69,64.45,45.09,-19.89,0.65,5.46
Consecutive Fast Charging,1,36.3,50.37,57.86,44.72,-33.93,8.35,0.06
Harsh Braking,0,26.23,31.45,36.77,73.58,-36.99,76.86,40.96
Harsh Braking,0,32.09,37.05,48.4,65.16,-33.45,41.8,9.0
OverSpeed,0,36.99,40.85,54.0,70.67,5.02,69.02,24.91
Harsh Acceleration,0,34.35,44.18,52.71,65.51,-8.95,50.07,17.37
Harsh Braking,0,23.89,30.04,36.24,80.88,-12.19,97.07,32.5
Harsh Acceleration,0,22.52,23.54,25.62,64.84,-10.44,49.19,28.09
Deep Discharge Warning,1,35.66,51.87,61.54,45.67,-37.92,7.45,3.32
Harsh Acceleration,0,34.53,41.58,51.05,76.62,-8.09,90.01,36.27
Harsh Acceleration,0,37.13,43.81,41.0,64.41,4.0,49.07,51.34
Battery Under Voltage,1,46.93,60.53,75.63,46.6,-60.79,10.35,15.78
Harsh Acceleration,0,28.69,32.42,38.97,78.3,-5.23,90.81,46.15
OverSpeed,0,32.82,41.17,40.93,62.74,-22.1,40.52,21.09
Low SoC,1,39.15,48.29,73.12,47.42,-37.91,6.09,14.08
Deep Discharge Warning,1,44.51,66.06,56.98,45.52,-66.6,1.74,12.41
Deep Discharge Warning,1,47.29,51.72,79.37,47.35,-61.56,7.98,12.25
OverSpeed,0,20.99,24.94,30.51,74.18,-2.06,80.05,31.43
Harsh Acceleration,0,32.24,38.44,43.28,78.46,4.55,93.0,38.33
Harsh Braking,0,31.21,36.96,46.32,68.45,-21.97,57.55,25.53
Low SoC,1,49.0,66.34,65.68,44.56,-58.84,3.15,3.73
Battery Under Voltage,1,39.0,54.87,62.2,45.41,-18.23,6.28,8.71
Low SoC,1,32.65,47.18,51.87,45.54,-62.47,9.12,9.51
Battery Under Voltage,1,34.34,40.5,65.34,44.73,-46.37,5.75,3.12
Harsh Braking,0,31.16,39.23,54.58,62.28,0.82,41.89,42.95
Harsh Cornering,0,32.17,40.78,49.34,67.43,-6.59,49.21,44.55
Harsh Acceleration,0,25.04,31.18,37.95,77.25,-21.78,91.61,42.16
Deep Discharge Warning,1,46.48,60.68,81.05,46.0,-30.03,7.66,1.28
Harsh Acceleration,0,24.5,31.61,41.71,74.26,-21.17,81.09,26.32
Harsh Braking,0,28.61,31.36,44.58,66.12,8.59,50.41,52.47
Harsh Cornering,0,28.59,34.89,44.95,63.94,-9.08,40.12,34.91
Harsh Braking,0,31.38,32.28,46.5,76.09,-39.36,84.67,13.52
OverSpeed,0,28.5,34.46,34.61,73.67,-31.66,72.37,31.67
Low SoC,1,41.06,51.43,67.77,47.76,-42.84,6.21,39.6
Battery Under Voltage,1,37.41,50.88,72.15,45.69,-35.89,10.68,30.58
OverSpeed,0,23.8,30.54,31.31,75.95,-16.12,87.35,29.8
Harsh Acceleration,0,33.12,39.4,47.27,67.37,-7.61,51.52,27.55
Consecutive Fast Charging,1,37.13,41.73,57.51,45.98,-39.07,1.65,20.86
Low SoC,1,56.19,68.88,79.12,45.25,-87.84,5.97,24.78
Deep Discharge Warning,1,50.84,63.83,78.39,45.02,-58.59,4.2,73.16
Harsh Cornering,0,30.83,35.57,44.38,73.28,-35.32,75.57,25.7
Harsh Acceleration,0,31.32,37.83,48.46,71.02,-22.76,68.02,46.68
Harsh Cornering,0,32.96,40.26,35.33,80.42,-9.75,97.07,48.4
Low SoC,1,28.2,40.24,53.6,45.45,-51.43,3.02,6.09
Harsh Acceleration,0,25.35,30.22,32.36,70.17,-30.19,67.09,29.27
Harsh Cornering,0,26.12,30.06,42.85,72.38,-26.86,71.97,41.41
Harsh Acceleration,0,30.03,39.35,32.08,75.31,-16.28,80.5,24.4
OverSpeed,0,32.89,34.19,44.95,66.52,-28.39,50.95,39.16
Battery Under Voltage,1,40.29,52.85,68.2,43.91,-81.41,3.24,0.76
Harsh Cornering,0,31.09,32.5,37.12,70.01,-39.59,65.45,18.99
Harsh Cornering,0,35.57,46.08,49.21,68.78,-9.83,57.32,32.29
OverSpeed,0,35.71,43.21,53.33,64.93,-21.03,47.08,32.79
Harsh Braking,0,33.34,40.83,45.49,65.06,-26.73,50.94,31.17
Harsh Cornering,0,36.52,46.45,47.22,75.04,-22.7,75.77,28.34
Harsh Braking,0,27.67,35.46,46.73,65.67,-10.28,49.27,8.61
Low SoC,1,50.54,62.92,67.31,45.58,-56.2,5.71,25.09
Harsh Braking,0,31.87,39.93,46.72,68.79,-20.43,60.29,5.61
Harsh Braking,0,35.11,38.95,59.47,65.89,-30.2,53.1,28.02
Harsh Braking,0,24.61,28.67,34.04,68.62,-20.8,61.96,35.28
OverSpeed,0,32.57,36.27,48.52,70.46,-27.87,64.71,16.04
Low SoC,1,46.02,54.74,64.55,44.82,-56.82,0.47,2.05
Harsh Acceleration,0,27.51,34.92,49.22,69.29,-19.16,62.69,39.06
Thermal Overheat Surge,1,48.51,52.69,65.01,46.5,-18.05,15.25,12.92
Battery Under Voltage,1,46.98,53.46,75.66,47.17,-46.7,3.04,51.38
Battery Under Voltage,1,38.51,45.58,74.04,48.97,-56.28,18.24,5.41
Consecutive Fast Charging,1,38.52,48.94,67.66,46.15,-46.12,3.02,2.45
Harsh Braking,0,30.1,35.54,37.34,68.8,-10.46,59.46,19.05
OverSpeed,0,26.29,29.09,40.13,62.52,-34.54,40.42,24.42
Deep Discharge Warning,1,36.39,49.6,63.97,49.66,-42.06,11.3,4.88
Harsh Acceleration,0,31.72,40.29,42.46,78.45,-6.1,96.55,33.3
Harsh Acceleration,0,17.19,21.53,27.04,74.21,-0.19,76.31,38.54
Deep Discharge Warning,1,49.34,69.98,77.87,49.8,-56.94,11.42,27.94
Deep Discharge Warning,1,36.93,48.88,56.89,44.93,-59.3,2.37,9.67
Battery Under Voltage,1,34.38,39.96,62.68,44.24,-22.27,3.31,10.56
Deep Discharge Warning,1,53.03,63.72,79.27,46.71,-38.03,2.65,17.72
Harsh Acceleration,0,30.97,32.25,43.17,71.32,-11.24,67.66,24.84
Harsh Braking,0,32.17,34.87,50.79,73.81,-19.8,78.88,34.35
Deep Discharge Warning,1,51.91,60.06,93.08,51.83,-23.78,19.8,7.37
Harsh Acceleration,0,41.55,44.72,58.55,75.09,-26.8,82.86,43.2
Low SoC,1,45.65,58.05,74.3,47.72,-29.21,18.86,14.98
Low SoC,1,40.4,52.62,81.4,47.97,-29.63,20.44,7.46
Battery Under Voltage,1,40.1,58.47,54.59,48.04,-38.6,10.75,13.22
Harsh Braking,0,33.97,38.05,40.03,74.9,-25.36,77.86,25.46
Harsh Braking,0,26.84,32.09,43.99,70.9,-8.9,66.46,43.49
Deep Discharge Warning,1,40.87,59.3,64.37,48.25,-50.36,8.39,5.59
OverSpeed,0,28.2,35.12,41.73,64.13,-14.46,46.85,40.32
OverSpeed,0,27.3,30.53,39.53,65.95,-19.14,51.14,28.96
OverSpeed,0,29.73,35.53,44.42,61.75,2.91,41.79,30.58
Harsh Acceleration,0,40.53,51.37,42.96,72.35,-5.85,73.28,21.27
Harsh Braking,0,30.4,35.78,43.1,74.67,-10.73,83.28,44.91
Harsh Acceleration,0,27.41,33.15,31.85,76.19,-16.5,88.22,25.6
Consecutive Fast Charging,1,50.82,66.15,78.29,46.01,-28.57,13.27,3.06
Deep Discharge Warning,1,37.21,49.83,58.31,46.04,-59.35,6.17,35.34
Battery Under Voltage,1,45.37,56.76,77.79,44.35,-36.47,1.53,1.85
Low SoC,1,44.92,59.75,68.13,47.05,-42.4,4.08,22.6
Harsh Braking,0,33.42,41.47,42.43,72.02,-15.56,73.02,46.79
Harsh Acceleration,0,25.71,35.73,33.49,64.89,-28.02,44.91,42.15
Low SoC,1,47.39,55.36,70.11,47.83,-58.16,10.53,23.08
Harsh Acceleration,0,33.29,38.58,44.01,73.48,-19.94,74.54,36.56
Harsh Braking,0,34.38,35.31,52.59,66.42,-16.56,51.19,22.51
Harsh Braking,0,26.73,33.14,33.18,74.13,7.26,77.09,34.27
Harsh Acceleration,0,23.98,25.85,36.36,70.93,-20.28,66.73,42.44
Deep Discharge Warning,1,56.59,64.58,67.9,44.36,-40.68,2.62,46.25
Consecutive Fast Charging,1,40.94,59.26,52.58,47.38,-59.19,10.25,13.6
Thermal Overheat Surge,1,47.72,65.33,70.72,46.81,-61.43,16.63,9.48
Deep Discharge Warning,1,38.24,50.56,88.64,47.03,-26.88,0.69,12.43
Harsh Cornering,0,26.64,32.63,38.54,73.09,-12.06,76.34,42.57
Low SoC,1,46.87,63.28,70.68,47.35,-48.53,11.4,0.37
Low SoC,1,52.19,55.63,78.45,47.04,-18.05,9.2,23.63
Low SoC,1,35.01,43.65,60.92,48.89,-51.71,7.02,0.29
Deep Discharge Warning,1,31.9,40.81,62.72,45.05,-38.62,14.82,10.15
Thermal Overheat Surge,1,49.76,56.81,74.27,46.18,-34.5,1.8,25.3
Harsh Braking,0,26.91,31.89,41.58,69.77,-24.26,64.55,39.01
Battery Under Voltage,1,31.26,41.12,64.01,47.53,-60.91,19.63,3.08
Harsh Acceleration,0,27.3,34.03,40.55,66.38,-23.75,48.72,32.12
Harsh Braking,0,26.66,31.67,31.53,78.54,-20.7,95.36,34.78
OverSpeed,0,24.95,30.64,40.43,79.13,-14.87,94.88,38.78
Deep Discharge Warning,1,28.99,36.58,45.44,47.71,-63.2,0.42,25.13
OverSpeed,0,19.65,26.81,42.49,77.24,-11.92,92.64,39.38
Low SoC,1,54.54,67.03,70.53,44.0,-46.98,2.59,9.45
Harsh Cornering,0,27.98,29.18,39.92,75.69,-15.3,82.1,56.44
OverSpeed,0,32.4,38.37,42.34,76.12,-13.02,89.04,34.36
Battery Under Voltage,1,49.07,61.45,74.3,45.11,-52.19,10.23,1.77
Deep Discharge Warning,1,51.85,71.38,80.44,46.76,-33.62,13.77,5.63
Low SoC,1,41.37,52.68,52.61,45.83,-3.05,7.8,5.41
Harsh Acceleration,0,32.54,39.49,47.4,76.76,-3.06,94.02,20.61
Deep Discharge Warning,1,36.46,44.19,64.21,47.73,-40.38,17.03,4.12
Battery Under Voltage,1,43.3,49.17,54.62,47.76,-64.18,9.98,6.54
Harsh Acceleration,0,32.66,37.89,54.25,67.21,-16.81,56.63,23.99
OverSpeed,0,28.53,35.32,37.5,71.53,-19.25,72.59,31.55
Low SoC,1,47.38,56.81,78.95,46.08,-32.45,6.0,0.76
OverSpeed,0,38.28,40.98,61.48,77.05,-14.87,87.46,26.59
Harsh Acceleration,0,32.63,37.34,44.24,65.64,7.66,49.58,50.14
Low SoC,1,35.89,45.81,59.57,45.63,-46.96,2.7,7.67
Consecutive Fast Charging,1,43.47,59.73,73.68,47.89,-54.89,6.03,2.41
Deep Discharge Warning,1,42.38,54.76,78.63,46.83,-52.53,13.39,42.58
OverSpeed,0,30.1,32.88,52.35,68.21,-13.82,54.38,31.42
Low SoC,1,58.26,67.33,66.62,45.21,-67.68,4.99,3.26
Thermal Overheat Surge,1,37.42,46.18,48.98,45.27,-37.23,3.28,10.77
Harsh Acceleration,0,30.13,38.75,43.96,63.43,-32.26,40.18,19.55
Harsh Braking,0,31.36,36.77,46.91,67.68,-10.83,53.26,33.03
Low SoC,1,37.61,52.02,68.36,44.1,-58.08,6.28,3.09
Harsh Braking,0,37.86,44.61,48.03,68.59,-2.85,59.95,47.21
Deep Discharge Warning,1,38.85,50.21,66.31,50.17,-48.46,22.16,17.42
Battery Under Voltage,1,37.8,46.76,65.49,44.39,-51.93,8.22,12.0
Harsh Acceleration,0,25.31,31.07,34.15,74.45,-15.58,78.64,36.5
Battery Under Voltage,1,58.21,72.38,73.26,46.33,-55.57,6.39,24.87
OverSpeed,0,26.49,36.81,37.64,69.85,-21.65,65.3,36.95
Harsh Acceleration,0,29.9,35.54,42.78,77.73,-25.14,90.93,41.12
Deep Discharge Warning,1,48.77,58.78,79.6,46.35,-51.63,1.73,10.12
Deep Discharge Warning,1,41.63,52.22,77.09,48.04,-43.66,4.09,14.93
Low SoC,1,38.76,47.25,82.9,44.58,-43.64,1.86,0.11
Low SoC,1,44.57,59.71,70.24,48.57,-51.8,15.64,1.16
Deep Discharge Warning,1,32.55,40.3,61.18,47.27,-44.27,4.58,22.92
Harsh Cornering,0,31.93,36.43,37.76,74.64,-10.02,83.37,43.06
Harsh Acceleration,0,27.19,34.37,45.74,73.72,-19.43,76.77,49.76
Low SoC,1,37.23,53.28,73.45,47.48,-80.13,4.18,40.85
Harsh Acceleration,0,26.13,34.76,47.74,72.52,-5.98,76.8,32.18
Battery Under Voltage,1,44.08,57.58,65.95,46.3,-65.57,3.44,2.69
OverSpeed,0,30.98,34.36,56.98,67.31,14.73,59.35,31.16
OverSpeed,0,31.74,41.27,41.97,65.33,-25.61,50.03,29.93
Consecutive Fast Charging,1,34.86,42.91,70.03,46.17,-28.43,3.74,9.25
Deep Discharge Warning,1,54.94,65.56,75.5,47.89,-46.83,12.54,6.83
Harsh Braking,0,26.61,26.97,31.16,62.95,-13.25,41.11,33.51
Harsh Acceleration,0,27.31,32.2,43.15,70.98,-27.01,67.07,33.99
Harsh Braking,0,28.07,32.11,33.83,76.43,-39.93,88.47,35.78
Harsh Braking,0,32.44,41.07,42.55,65.36,-10.95,47.35,44.17
Harsh Braking,0,32.65,36.37,48.49,78.94,-15.5,94.22,39.22
Deep Discharge Warning,1,27.74,39.94,41.01,45.24,-48.04,3.77,21.99
Harsh Acceleration,0,28.16,31.83,40.41,75.44,-9.79,86.77,24.12
OverSpeed,0,29.87,35.87,44.82,73.59,-11.77,80.83,39.22
Harsh Acceleration,0,28.71,35.35,32.55,65.33,-3.44,50.03,22.68
Deep Discharge Warning,1,54.13,64.94,63.64,47.61,-32.55,7.6,2.19
OverSpeed,0,32.68,39.6,46.62,66.1,-18.74,47.33,2.63
Harsh Acceleration,0,24.71,35.37,25.69,77.71,-12.94,92.09,24.68
Deep Discharge Warning,1,41.33,51.69,65.33,47.16,-70.3,11.03,1.14
Battery Under Voltage,1,50.93,59.8,89.46,48.93,-63.76,11.37,0.45
Harsh Braking,0,29.63,35.2,43.01,66.87,-15.96,55.74,56.57
Deep Discharge Warning,1,50.99,63.05,75.81,47.53,-48.97,6.29,38.09
Consecutive Fast Charging,1,64.27,77.72,85.13,44.86,-20.49,2.37,26.71
Battery Under Voltage,1,43.77,61.07,75.83,45.17,-24.51,9.48,7.7
Battery Under Voltage,1,46.81,59.33,64.79,46.43,-56.66,11.48,42.24
Harsh Cornering,0,31.41,38.65,39.44,71.75,-11.73,71.24,38.25
Consecutive Fast Charging,1,37.14,48.4,64.48,48.4,-32.47,14.69,55.2
Low SoC,1,54.57,72.49,74.99,47.7,-52.84,13.7,12.88
Thermal Overheat Surge,1,23.94,34.97,43.58,46.8,-42.69,2.8,20.18
Harsh Acceleration,0,31.61,36.05,48.65,76.77,-25.49,91.77,26.7
Harsh Cornering,0,34.72,37.69,53.63,76.85,-9.05,92.46,32.19
Low SoC,1,41.55,58.04,70.08,49.18,-25.07,8.91,4.93
Harsh Acceleration,0,32.93,34.22,55.03,74.22,-24.66,78.92,29.66
Harsh Acceleration,0,27.84,34.49,36.87,75.04,-10.88,83.44,28.52
OverSpeed,0,28.92,33.85,44.37,76.22,-16.65,82.68,27.58
Deep Discharge Warning,1,40.3,50.3,65.56,45.78,-40.62,8.44,3.27
Battery Under Voltage,1,41.49,51.51,59.09,46.03,-35.99,11.52,7.45
Consecutive Fast Charging,1,27.89,37.04,60.52,49.31,-19.6,11.67,24.66
Thermal Overheat Surge,1,51.6,63.44,92.71,48.95,-34.1,2.42,1.57
Battery Under Voltage,1,36.81,46.72,60.71,47.96,-37.96,10.46,11.87
Harsh Braking,0,32.03,37.85,39.42,77.75,-18.89,96.39,22.72
Harsh Braking,0,26.15,33.77,43.42,70.95,-0.97,69.08,28.81
Battery Under Voltage,1,27.04,35.15,70.26,47.45,-47.86,16.2,31.64
Harsh Braking,0,34.17,39.27,45.14,66.13,-20.39,48.52,17.44
Low SoC,1,42.86,51.7,85.2,47.58,-49.81,12.61,27.87
Thermal Overheat Surge,1,41.02,54.2,63.0,46.84,-43.25,12.68,11.26
Deep Discharge Warning,1,29.54,36.99,46.05,46.66,-56.91,6.13,9.52
Harsh Acceleration,0,29.53,35.65,37.11,68.89,-9.34,62.65,37.07
Harsh Cornering,0,29.04,34.4,39.35,64.59,-8.78,46.56,15.66
Harsh Acceleration,0,35.2,41.92,61.08,65.22,-37.45,47.13,37.31
Low SoC,1,34.97,48.62,60.52,46.09,-61.65,1.93,3.67
Low SoC,1,50.5,61.07,75.88,49.1,-13.23,18.31,72.72
Harsh Acceleration,0,31.67,37.76,45.02,73.09,-12.64,80.27,34.38
Harsh Acceleration,0,29.31,34.81,46.58,76.12,4.29,84.13,20.7
Harsh Braking,0,24.4,32.96,34.96,77.13,-20.09,91.41,51.16
Battery Under Voltage,1,46.17,57.43,70.21,48.64,-41.62,6.89,3.61
Harsh Braking,0,35.98,39.69,43.3,72.38,-6.49,70.42,17.42
Harsh Acceleration,0,31.56,37.39,44.64,73.79,-1.65,80.39,16.12
Deep Discharge Warning,1,39.76,56.19,47.33,47.9,-28.65,11.19,16.1
Deep Discharge Warning,1,38.5,53.89,63.46,45.81,-49.73,8.09,4.16
Harsh Cornering,0,34.29,40.52,54.46,67.59,-21.08,56.85,28.36
Harsh Acceleration,0,31.41,38.61,48.71,79.85,-10.46,97.1,33.87
Harsh Braking,0,30.92,36.91,52.1,72.83,-1.72,73.6,19.48
Harsh Braking,0,31.62,41.14,47.08,76.29,-14.7,83.55,34.99
Deep Discharge Warning,1,47.02,64.94,64.86,47.02,-41.65,12.06,0.78
Harsh Braking,0,31.18,36.29,37.15,66.66,-12.06,51.25,21.08
Battery Under Voltage,1,27.84,36.86,50.26,47.12,-86.49,11.08,31.16
Thermal Overheat Surge,1,37.33,40.95,54.97,46.04,-49.9,7.14,6.71
OverSpeed,0,28.93,34.59,41.38,64.37,-16.55,45.64,57.19
Harsh Braking,0,26.65,33.94,40.19,78.84,-33.62,97.42,48.93
Harsh Braking,0,31.43,36.83,48.36,63.7,-14.64,43.83,37.11
Harsh Acceleration,0,36.16,40.75,47.11,70.16,-8.17,63.63,34.99
Harsh Acceleration,0,34.69,41.42,42.89,71.71,-11.09,71.98,53.38
Deep Discharge Warning,1,33.52,48.89,55.3,44.93,-53.11,4.35,19.62
Harsh Braking,0,25.7,34.85,32.02,65.63,-29.97,50.51,44.7
Low SoC,1,36.59,52.96,66.49,48.44,-67.31,9.29,19.98
OverSpeed,0,38.41,44.88,57.87,64.91,-5.44,49.72,25.3
Deep Discharge Warning,1,38.78,48.41,58.26,48.67,-52.62,16.46,1.22
Deep Discharge Warning,1,57.02,74.88,79.11,44.08,-77.14,3.13,18.35
OverSpeed,0,31.73,36.07,45.92,73.45,-2.37,77.26,22.57
Harsh Acceleration,0,27.9,32.25,35.01,76.22,-27.09,85.44,40.89
Harsh Acceleration,0,28.2,31.03,40.11,63.98,6.36,40.74,28.14
Harsh Braking,0,28.19,39.32,36.31,70.37,-11.78,64.73,15.12
Thermal Overheat Surge,1,52.9,61.44,77.78,46.11,-54.63,11.06,19.71
Battery Under Voltage,1,31.49,42.36,56.62,47.59,-45.36,0.46,3.79
Harsh Braking,0,36.64,40.91,52.5,65.63,-23.57,49.83,39.76
Deep Discharge Warning,1,55.46,69.85,81.99,44.69,-55.78,6.87,7.63
Low SoC,1,28.46,33.36,65.5,47.17,-51.01,16.25,4.68
Harsh Acceleration,0,33.1,40.34,53.15,64.27,-23.63,44.09,33.41
Harsh Braking,0,29.87,35.15,36.93,77.5,-19.97,86.69,55.14
Harsh Braking,0,28.45,34.81,36.09,77.06,-36.2,89.3,24.88
Harsh Cornering,0,28.34,34.6,35.04,64.8,0.36,46.44,29.63
Battery Under Voltage,1,50.87,68.8,70.17,46.05,-34.06,12.91,84.85
OverSpeed,0,29.86,35.7,31.62,73.87,-19.52,80.07,26.9
Low SoC,1,49.28,60.66,78.01,46.78,-42.56,16.9,8.85
Low SoC,1,50.02,53.24,70.78,45.25,-40.06,8.24,1.05
Deep Discharge Warning,1,41.11,50.72,66.18,47.79,-44.13,10.03,25.27
Deep Discharge Warning,1,56.84,66.62,87.8,44.75,-59.07,7.2,4.51
Low SoC,1,48.77,59.77,74.63,47.71,-59.91,11.88,3.73
Harsh Braking,0,27.55,33.67,40.25,76.83,-18.71,87.83,25.14
Low SoC,1,47.82,55.6,72.48,46.61,-39.49,3.41,40.31
Harsh Braking,0,28.33,36.0,45.56,72.55,-24.8,73.32,18.29
Consecutive Fast Charging,1,29.88,45.14,61.1,46.47,-57.36,2.17,85.03
Low SoC,1,34.63,45.3,64.82,47.52,-67.74,2.34,27.49
Harsh Braking,0,24.03,24.76,34.08,69.06,-24.75,62.28,22.43
Low SoC,1,44.16,57.85,71.06,46.06,-49.47,5.37,24.58
Consecutive Fast Charging,1,46.49,60.85,77.67,48.73,-28.71,14.5,19.82
Deep Discharge Warning,1,41.42,57.95,70.68,48.9,-65.93,11.66,25.65
Deep Discharge Warning,1,38.12,49.26,62.8,48.33,-39.74,9.02,0.23
Battery Under Voltage,1,49.89,66.56,71.57,45.81,-47.62,1.18,3.95
Harsh Acceleration,0,35.44,41.07,43.54,78.18,-20.65,93.85,18.08
Deep Discharge Warning,1,35.23,44.62,68.98,45.37,-49.72,3.76,0.23
Harsh Braking,0,29.16,36.09,39.45,75.75,-6.86,83.86,21.99
OverSpeed,0,32.9,34.62,44.69,79.19,-30.86,95.58,30.59
Consecutive Fast Charging,1,48.92,56.2,80.58,43.87,-43.66,0.36,17.79
Harsh Braking,0,32.59,35.76,46.97,66.94,-27.11,57.8,30.48
Harsh Acceleration,0,34.0,40.45,41.8,69.09,-10.2,63.7,21.6
Low SoC,1,51.69,62.72,82.86,48.0,-71.81,5.61,4.07
Battery Under Voltage,1,34.25,46.15,57.6,46.16,-52.56,1.44,3.15
OverSpeed,0,20.7,29.75,33.1,77.44,-10.01,87.44,24.19
Low SoC,1,43.13,55.58,72.79,47.68,-50.23,4.73,23.65
Low SoC,1,37.32,49.99,71.01,45.11,-38.42,10.2,7.65
Deep Discharge Warning,1,43.76,52.65,57.54,44.82,-56.45,5.77,5.94
Deep Discharge Warning,1,37.33,52.07,62.47,46.48,-32.5,2.67,13.52
Deep Discharge Warning,1,45.67,62.66,69.42,46.34,-50.42,8.24,8.31
Deep Discharge Warning,1,23.67,35.55,53.37,47.95,-36.72,18.28,0.34
Deep Discharge Warning,1,32.02,45.92,54.21,47.05,-26.25,10.36,12.29
Harsh Acceleration,0,22.27,30.97,31.05,64.56,-28.43,45.39,12.55
Harsh Acceleration,0,27.3,33.83,43.15,67.87,-17.34,49.28,26.29
Harsh Braking,0,26.56,34.01,38.91,78.39,-15.64,88.36,19.57
Low SoC,1,53.06,71.59,82.91,47.73,-41.49,10.06,13.66
Harsh Braking,0,33.98,37.86,51.53,78.52,9.44,94.08,43.47
Battery Under Voltage,1,45.51,55.21,56.7,45.01,-33.88,11.61,4.66
Harsh Cornering,0,26.13,33.92,30.43,68.47,-8.32,58.56,28.84
Thermal Overheat Surge,1,42.2,52.07,74.03,46.22,-56.77,3.31,14.91
Battery Under Voltage,1,28.49,42.31,55.1,46.46,-55.7,15.11,19.21
Battery Under Voltage,1,41.12,49.91,58.32,46.9,-51.55,1.92,22.24
Harsh Acceleration,0,28.57,32.91,36.24,67.23,-9.75,54.75,28.47
Harsh Cornering,0,26.22,32.28,35.48,75.04,-17.88,75.43,22.32
Thermal Overheat Surge,1,37.5,49.27,64.41,45.09,-45.02,11.62,0.96
Harsh Braking,0,38.95,45.8,51.22,66.47,-28.51,52.11,22.5
OverSpeed,0,30.5,33.83,40.01,76.22,13.76,81.68,19.88
Harsh Braking,0,34.53,42.61,47.66,74.26,-10.14,77.72,31.57
Harsh Acceleration,0,28.37,38.06,45.14,70.38,-11.98,64.43,44.34
Harsh Braking,0,18.48,27.13,22.04,69.49,-19.24,65.37,17.69
Harsh Cornering,0,33.4,41.59,44.58,64.91,-20.19,46.36,14.64
Harsh Braking,0,30.33,34.5,48.51,67.08,-1.58,59.71,26.24
Low SoC,1,25.76,40.18,49.58,50.86,-61.22,20.67,17.75
Harsh Braking,0,19.81,29.57,26.37,68.75,-0.24,60.7,35.72
OverSpeed,0,33.28,38.54,47.22,68.46,-9.7,58.0,55.12
Deep Discharge Warning,1,42.32,58.7,74.43,48.34,-54.03,4.48,22.22
Harsh Braking,0,25.19,30.49,43.96,74.25,-20.6,83.25,71.51
Deep Discharge Warning,1,44.6,54.19,74.58,42.56,-39.03,2.77,23.95
Harsh Braking,0,31.81,36.93,37.55,63.27,-14.87,42.72,38.91
Deep Discharge Warning,1,53.91,65.42,94.83,45.91,-42.32,13.67,21.85
Low SoC,1,42.83,51.3,50.16,45.1,-23.59,2.47,11.25
Harsh Braking,0,38.34,44.08,55.19,69.54,-11.56,66.81,23.03
Low SoC,1,34.87,45.32,60.33,50.06,-30.78,19.19,12.27
Low SoC,1,47.41,54.94,77.19,50.25,-60.88,18.17,4.57
Harsh Acceleration,0,33.15,44.98,36.59,67.67,13.72,57.12,32.65
Low SoC,1,39.77,54.58,58.89,46.11,-48.13,5.05,0.86
Low SoC,1,33.17,35.8,63.72,46.75,-40.28,2.74,8.82
Low SoC,1,47.81,62.58,61.32,47.07,-21.83,12.96,9.12
Deep Discharge Warning,1,52.55,65.39,80.3,47.56,-34.79,11.8,9.73
Thermal Overheat Surge,1,47.7,59.77,78.61,45.33,-64.35,3.32,12.52
OverSpeed,0,32.37,41.84,42.71,67.87,-18.08,58.58,38.76
Harsh Cornering,0,31.55,35.94,41.77,70.79,-3.64,65.01,28.85
Harsh Braking,0,25.11,32.65,34.29,69.45,15.5,60.22,47.78
Thermal Overheat Surge,1,40.17,49.88,76.95,46.07,-32.75,10.15,3.23
Deep Discharge Warning,1,37.41,54.62,65.12,44.06,-25.16,2.28,8.94
Harsh Cornering,0,28.08,34.47,31.87,64.67,-32.15,46.33,25.87
Low SoC,1,34.77,47.29,63.92,46.45,-58.9,14.02,2.8
Harsh Acceleration,0,31.52,38.89,39.81,78.53,-5.31,96.11,15.1
Consecutive Fast Charging,1,39.25,60.9,64.66,47.68,-67.57,20.34,22.29
Harsh Cornering,0,29.29,35.18,44.21,73.19,-28.88,73.92,51.42
Harsh Acceleration,0,25.7,31.14,40.19,64.77,-0.48,43.49,36.66
Deep Discharge Warning,1,37.72,49.01,57.44,47.01,-32.08,11.21,28.34
Low SoC,1,34.79,43.57,55.66,44.46,-56.61,0.98,13.65
OverSpeed,0,31.98,38.61,41.7,66.6,6.11,49.16,20.85
Harsh Acceleration,0,28.96,34.22,34.46,63.27,-32.29,44.17,29.95
Deep Discharge Warning,1,56.04,68.58,76.48,43.87,-49.82,7.12,32.84
Harsh Acceleration,0,28.8,37.12,37.32,77.23,-2.74,93.33,42.53
OverSpeed,0,21.56,23.09,29.78,67.12,-1.64,53.84,33.64
Harsh Braking,0,26.46,35.23,39.3,77.31,-17.92,89.91,57.6
Harsh Braking,0,28.72,33.82,46.66,70.78,-4.42,67.57,24.65
Harsh Braking,0,24.47,28.66,36.36,72.68,-22.11,70.68,21.27
Harsh Acceleration,0,25.98,30.53,46.14,77.9,-25.83,93.25,29.48
Harsh Braking,0,34.1,40.8,45.93,62.2,-7.62,40.64,37.24
Battery Under Voltage,1,62.28,72.69,97.27,46.23,-15.67,6.29,4.26
Low SoC,1,38.6,48.48,68.36,47.88,-37.73,10.68,1.05
Battery Under Voltage,1,36.91,48.39,57.59,45.59,-58.85,6.98,11.51
Battery Under Voltage,1,47.19,66.33,65.78,46.2,-35.9,2.15,9.25
Harsh Acceleration,0,29.46,36.63,43.4,68.8,-8.76,60.59,35.84
Harsh Braking,0,30.69,37.05,38.27,64.63,-7.17,51.29,11.19
Harsh Cornering,0,30.79,38.35,45.03,76.13,-24.97,87.49,11.22
OverSpeed,0,31.6,39.33,50.79,78.86,-25.5,96.81,49.82
Harsh Acceleration,0,23.09,28.59,36.52,69.46,-18.19,61.74,14.82
Harsh Braking,0,33.81,39.63,42.19,77.42,-9.6,90.76,32.91
Harsh Acceleration,0,33.41,37.56,48.31,67.17,-7.45,51.21,33.35
Battery Under Voltage,1,47.49,56.69,70.39,46.24,-23.64,10.12,11.33
Harsh Acceleration,0,36.61,43.45,49.84,72.35,-17.16,71.11,43.6
OverSpeed,0,27.41,30.17,33.99,75.57,-15.02,82.83,34.92
Harsh Acceleration,0,24.24,29.64,34.32,72.64,-16.64,74.07,27.9
Battery Under Voltage,1,40.97,51.48,59.65,44.37,-39.85,4.77,0.7
Low SoC,1,42.1,51.52,61.41,46.35,-57.74,0.65,6.85
Low SoC,1,41.0,54.39,57.66,44.84,-61.55,2.32,21.13
Consecutive Fast Charging,1,36.82,51.15,67.19,44.78,-44.41,8.37,22.35
Harsh Acceleration,0,22.26,27.92,36.7,73.1,-6.91,73.83,18.78
Harsh Braking,0,32.08,43.72,43.82,69.85,-14.15,65.73,48.18
Harsh Acceleration,0,30.67,37.16,36.15,72.77,2.8,77.1,32.9
Harsh Cornering,0,35.06,38.38,50.4,71.21,-24.54,72.81,43.03
Harsh Braking,0,31.16,34.56,39.32,76.39,-32.59,80.82,21.27
Deep Discharge Warning,1,39.34,47.83,73.05,46.27,-28.25,2.51,26.75
OverSpeed,0,31.15,36.05,40.78,75.24,-18.29,83.41,31.72
Deep Discharge Warning,1,35.04,41.6,69.51,49.98,-34.19,19.91,17.65
Low SoC,1,52.62,69.09,70.54,48.47,-23.9,11.73,1.51
Harsh Braking,0,31.63,38.65,44.96,62.44,-25.43,42.2,31.05
Deep Discharge Warning,1,41.43,44.83,77.55,47.65,-46.82,6.63,7.6
Harsh Cornering,0,29.73,33.25,38.55,78.48,-20.24,91.57,35.16
Harsh Braking,0,30.23,38.11,35.74,74.87,-19.8,85.46,34.94
Deep Discharge Warning,1,45.9,57.01,66.21,47.98,-20.96,17.99,36.35
Harsh Cornering,0,34.15,40.54,43.44,75.3,-24.62,81.75,14.56
Deep Discharge Warning,1,43.26,57.15,61.76,44.87,-58.97,4.98,0.32
Deep Discharge Warning,1,35.25,45.71,56.99,48.58,-27.35,13.46,2.26
Low SoC,1,48.85,63.23,85.52,47.18,-18.17,11.74,16.26
OverSpeed,0,29.62,35.63,38.18,63.86,-16.76,41.05,33.81
Harsh Acceleration,0,35.28,38.57,57.46,65.21,-19.5,45.79,24.31
Deep Discharge Warning,1,31.1,44.78,41.96,46.39,-73.2,8.19,11.57
Deep Discharge Warning,1,40.13,53.36,75.14,48.24,-65.87,11.16,30.62
Deep Discharge Warning,1,35.35,47.72,53.5,46.2,-48.69,3.99,3.59
Harsh Cornering,0,29.61,34.94,43.02,67.35,-13.38,56.67,25.76
Harsh Cornering,0,32.43,41.67,40.12,62.94,-31.7,44.12,28.26
Low SoC,1,35.01,44.84,57.07,47.06,-72.27,6.28,4.03
Battery Under Voltage,1,37.14,51.8,56.64,42.87,-20.93,4.32,3.71
Harsh Braking,0,31.92,36.61,43.43,76.83,-13.86,86.15,59.32
Low SoC,1,33.38,40.13,63.36,46.65,-52.97,9.35,4.29
Deep Discharge Warning,1,47.58,57.53,58.72,47.4,-57.06,3.99,23.26
Harsh Acceleration,0,29.61,36.49,41.91,77.35,-32.43,90.45,30.71
Low SoC,1,35.55,50.37,49.48,46.13,-47.91,5.95,9.12
Harsh Acceleration,0,30.11,39.46,45.2,68.85,0.63,64.34,27.89
Consecutive Fast Charging,1,35.73,45.47,62.3,46.97,-48.05,13.77,1.97
Harsh Cornering,0,17.34,22.81,29.73,76.29,-1.0,87.2,31.23
Harsh Cornering,0,35.91,43.04,46.64,63.81,-38.76,41.88,49.44
Harsh Braking,0,37.64,48.15,48.64,68.7,3.92,59.38,9.75
Harsh Acceleration,0,32.39,35.5,36.71,77.73,-4.68,94.82,29.45
Deep Discharge Warning,1,47.61,61.45,77.46,47.31,-43.06,11.66,4.01
Harsh Braking,0,36.66,40.21,42.19,77.29,-6.87,88.8,45.8
Battery Under Voltage,1,44.03,59.42,69.7,49.82,-40.91,19.06,1.01
Consecutive Fast Charging,1,25.62,37.94,48.39,46.17,-27.49,7.91,9.91
Battery Under Voltage,1,37.5,43.7,77.53,43.47,-62.61,6.93,20.21
Deep Discharge Warning,1,38.89,54.53,64.87,43.11,-68.99,2.1,6.14
Consecutive Fast Charging,1,49.47,52.74,73.3,47.45,-39.5,15.77,30.29
Harsh Acceleration,0,29.18,35.55,50.46,69.68,-15.11,65.81,20.57
Battery Under Voltage,1,35.92,41.89,50.84,47.92,-43.18,17.83,7.73
Harsh Braking,0,28.97,35.34,33.88,77.99,2.84,92.17,25.85
Harsh Cornering,0,30.79,39.27,42.87,65.51,-24.93,49.86,0.0
Low SoC,1,44.35,60.72,57.02,47.06,-37.48,9.18,15.24
Low SoC,1,42.46,51.98,69.46,46.15,-67.79,5.09,10.23
Low SoC,1,35.89,46.31,66.37,46.12,-39.09,0.4,1.53
Harsh Braking,0,33.74,38.75,52.53,80.18,-21.57,96.65,27.64
Low SoC,1,57.92,72.88,80.12,46.26,-53.26,6.1,10.89
Consecutive Fast Charging,1,54.96,63.96,76.41,44.39,-30.04,1.38,1.16
Deep Discharge Warning,1,46.16,60.73,65.99,46.91,-34.95,9.34,6.81
Battery Under Voltage,1,51.41,55.06,82.15,45.24,-16.14,9.13,26.8
OverSpeed,0,32.89,40.07,53.3,64.62,-19.91,45.22,35.49
OverSpeed,0,30.23,33.74,47.21,71.25,-18.8,68.9,21.94
Harsh Acceleration,0,36.28,43.26,46.58,63.92,13.53,42.39,41.53
Deep Discharge Warning,1,49.76,71.24,67.02,46.34,-38.45,4.94,1.66
Low SoC,1,37.8,54.1,62.64,47.23,-62.09,9.03,7.94
Harsh Acceleration,0,29.82,36.22,44.18,69.06,-18.95,60.21,9.4
Deep Discharge Warning,1,30.63,35.19,58.22,45.1,-34.51,5.95,33.54
Low SoC,1,47.87,56.9,72.21,44.59,-28.6,2.33,16.04
Harsh Acceleration,0,29.37,40.39,50.46,69.11,-21.66,65.09,34.74
Low SoC,1,49.85,61.34,72.72,45.48,-26.51,7.44,11.34
Deep Discharge Warning,1,41.7,47.16,69.69,47.71,-60.24,5.94,18.79
Deep Discharge Warning,1,46.21,59.84,71.05,46.6,-68.7,6.51,7.56
Battery Under Voltage,1,33.86,46.95,67.32,48.75,-43.31,10.99,13.21
Harsh Cornering,0,28.27,30.26,37.31,71.35,5.59,63.78,47.16
Battery Under Voltage,1,43.15,59.81,61.28,47.58,-27.33,8.15,2.27
OverSpeed,0,33.45,39.07,47.79,74.53,-17.96,80.5,35.58
OverSpeed,0,23.99,30.87,28.12,76.04,-23.8,90.47,18.22
Thermal Overheat Surge,1,37.85,53.01,53.57,46.61,-50.74,10.94,4.41
OverSpeed,0,36.95,45.46,43.54,68.92,-12.2,67.6,26.43
Harsh Cornering,0,34.15,39.64,44.15,75.56,-8.23,79.73,41.3
Consecutive Fast Charging,1,43.98,55.79,66.66,46.03,-42.69,6.26,1.79
Harsh Acceleration,0,33.28,39.67,53.03,72.22,-10.28,72.07,52.09
Harsh Braking,0,29.46,36.42,45.1,69.94,-10.29,65.77,28.47
Battery Under Voltage,1,45.75,53.77,65.75,45.67,-56.83,2.76,1.3
OverSpeed,0,26.61,30.13,39.4,72.45,-12.21,72.96,36.29
Harsh Braking,0,26.62,35.38,33.56,75.91,-16.21,88.67,23.06
Harsh Braking,0,21.92,25.94,29.38,72.55,-16.8,74.67,23.47
Harsh Braking,0,30.72,35.93,40.03,72.22,-20.89,73.96,18.24
Deep Discharge Warning,1,41.97,52.95,61.85,48.6,-93.32,9.74,4.65
Harsh Acceleration,0,27.46,31.12,47.88,65.24,-23.74,49.17,25.34
Harsh Acceleration,0,25.34,33.12,40.26,69.44,-30.09,61.08,25.82
Harsh Cornering,0,28.41,26.73,34.78,73.69,-27.77,78.74,44.17
Low SoC,1,32.99,46.43,49.81,47.34,-50.36,9.82,5.24
Harsh Acceleration,0,25.2,31.38,31.91,75.02,-12.66,82.49,13.89
Low SoC,1,35.41,52.83,64.26,44.27,-46.0,0.86,0.81
Harsh Acceleration,0,35.43,42.36,48.56,66.82,-35.83,48.72,30.09
Harsh Braking,0,31.66,37.42,37.07,72.9,-14.44,75.34,23.69
Harsh Braking,0,32.51,39.05,41.33,63.4,-34.02,41.14,46.52
Low SoC,1,40.27,56.1,52.87,49.6,-27.42,15.14,26.9
Low SoC,1,34.71,46.83,62.64,48.29,-58.23,9.4,15.55
Consecutive Fast Charging,1,42.53,57.24,55.46,44.6,-28.59,4.55,9.73
Harsh Braking,0,37.62,44.8,49.76,70.65,-7.58,60.44,39.0
Harsh Cornering,0,30.52,32.91,39.96,78.8,-19.37,93.52,25.86
Low SoC,1,45.02,63.07,75.76,48.64,-54.52,14.86,2.72
Battery Under Voltage,1,50.13,59.0,87.11,45.84,-41.73,7.2,24.84
Harsh Braking,0,30.77,38.06,37.91,71.95,-13.57,67.96,30.05
Low SoC,1,53.12,71.28,73.38,47.1,-49.33,8.93,26.14
Consecutive Fast Charging,1,40.47,51.68,74.75,47.66,-56.23,6.03,9.31
Harsh Acceleration,0,32.9,41.6,47.54,76.36,-14.62,82.26,44.81
Low SoC,1,38.77,44.59,59.52,45.73,-35.05,8.5,1.53
Harsh Acceleration,0,25.34,30.96,36.17,65.61,-4.21,44.13,47.72
OverSpeed,0,30.23,31.82,43.31,72.82,-25.98,80.41,24.72
Harsh Acceleration,0,39.12,46.0,49.86,71.23,0.25,67.73,35.18
Harsh Cornering,0,32.89,42.47,47.2,74.46,-2.17,77.56,40.03
Deep Discharge Warning,1,45.68,55.46,76.76,48.04,-57.89,13.31,8.68
Harsh Acceleration,0,29.29,31.35,41.54,64.16,-13.1,45.21,19.87
Low SoC,1,37.09,50.16,61.9,48.33,-30.68,18.12,0.77
Deep Discharge Warning,1,47.02,60.26,81.73,45.99,-53.09,2.24,11.8
Deep Discharge Warning,1,43.98,55.19,79.01,48.75,-35.45,17.53,8.31
Low SoC,1,49.34,62.09,67.24,46.58,-59.47,3.83,40.25
Low SoC,1,45.09,51.73,72.15,46.37,-16.03,10.7,6.3
Harsh Cornering,0,30.06,35.95,46.56,67.72,-21.01,53.47,21.53
Consecutive Fast Charging,1,41.31,56.0,66.05,47.16,-52.0,3.57,12.28
Harsh Braking,0,29.38,32.58,43.33,78.86,-20.17,97.33,39.6
Harsh Braking,0,31.16,33.4,45.36,65.29,-10.32,46.78,39.88
Low SoC,1,32.47,39.85,64.09,44.31,-61.0,8.37,9.4
Deep Discharge Warning,1,47.17,55.97,77.64,50.47,-47.84,14.29,38.27
Low SoC,1,42.69,53.7,70.4,46.51,-34.69,7.56,4.17
Harsh Braking,0,27.71,32.09,37.73,77.26,-19.57,93.92,45.67
OverSpeed,0,26.89,30.47,40.35,73.23,-25.51,76.83,0.0
Battery Under Voltage,1,45.55,53.27,60.44,46.27,-54.36,4.78,2.93
Consecutive Fast Charging,1,34.34,47.76,47.43,45.53,-64.19,3.47,22.0
Deep Discharge Warning,1,43.93,61.82,61.56,44.77,-43.46,5.47,5.18
Harsh Braking,0,24.13,31.29,42.58,75.17,-26.9,83.96,48.37
Harsh Braking,0,32.67,38.11,48.43,71.5,0.53,70.37,20.73
Deep Discharge Warning,1,36.09,46.3,63.35,44.06,-62.99,2.05,15.25
Low SoC,1,41.78,48.52,64.66,48.43,-13.82,12.1,2.21
Low SoC,1,50.19,61.99,63.3,48.12,-28.22,8.68,6.91
Battery Under Voltage,1,36.78,52.13,47.97,49.04,-29.71,15.73,12.42
Harsh Braking,0,30.14,39.39,36.0,64.27,-24.85,43.72,0.0
OverSpeed,0,33.46,40.45,40.24,72.44,-6.96,79.57,24.76
Harsh Acceleration,0,23.65,31.12,38.08,75.42,-19.49,82.82,36.33
Harsh Acceleration,0,34.06,41.08,45.84,75.09,-11.71,81.18,33.21
Consecutive Fast Charging,1,57.88,68.46,84.61,45.2,-40.14,12.7,24.73
Harsh Braking,0,32.85,38.6,40.6,66.08,-12.38,53.25,33.73
Low SoC,1,53.02,61.55,85.71,46.38,-53.0,10.25,3.59
Consecutive Fast Charging,1,44.49,56.79,70.73,43.48,-19.93,2.09,5.7
Consecutive Fast Charging,1,34.9,52.19,45.49,48.1,-32.4,4.77,26.27
OverSpeed,0,26.42,35.96,43.31,74.75,-17.23,81.08,23.94
Deep Discharge Warning,1,46.71,55.57,68.12,42.72,-40.46,2.77,31.12
OverSpeed,0,31.82,37.92,45.9,68.35,-29.37,60.18,41.09
Harsh Braking,0,31.76,34.44,39.95,70.45,-21.45,70.37,15.34
Deep Discharge Warning,1,46.56,58.88,49.66,47.08,-47.63,12.9,1.88
Harsh Braking,0,33.57,37.53,46.28,75.19,-17.88,79.77,28.86
Harsh Acceleration,0,30.56,35.14,36.0,66.16,-13.06,53.11,39.78
Low SoC,1,35.51,45.63,57.13,47.86,-41.76,5.53,24.24
Battery Under Voltage,1,45.25,51.07,61.65,47.87,-48.32,12.43,6.29
Harsh Acceleration,0,34.77,39.17,44.6,63.75,-12.86,42.71,28.97
Harsh Braking,0,23.17,29.93,38.68,72.45,-3.69,74.21,28.93
Battery Under Voltage,1,44.79,55.74,70.8,45.1,-28.84,6.54,34.19
Low SoC,1,41.43,49.26,62.19,45.41,-65.12,5.63,5.67
Harsh Braking,0,25.38,31.97,35.93,66.12,-12.62,52.4,53.14
Harsh Cornering,0,21.81,27.29,36.74,74.56,-19.85,76.8,10.47
Battery Under Voltage,1,33.66,45.31,70.75,46.01,-60.46,7.23,34.36
Harsh Acceleration,0,27.48,31.12,29.51,63.42,-16.48,40.61,34.24
Harsh Cornering,0,33.6,37.39,48.57,71.8,-23.37,70.1,49.85
Battery Under Voltage,1,40.72,49.31,56.58,47.71,-45.78,17.16,36.32
Harsh Braking,0,26.56,34.56,35.22,63.15,-12.57,41.06,26.16
Deep Discharge Warning,1,46.7,63.91,75.03,47.02,-36.29,11.85,19.74
Low SoC,1,56.0,62.25,73.69,46.2,-33.57,8.32,20.73
Battery Under Voltage,1,33.27,46.72,60.35,47.0,-51.32,11.56,0.81
Battery Under Voltage,1,37.87,49.31,62.76,44.23,-36.32,6.74,4.54
Low SoC,1,43.66,54.85,72.37,49.24,-48.06,18.45,11.17
Consecutive Fast Charging,1,35.8,53.64,69.89,48.88,-62.88,5.93,4.09
Harsh Cornering,0,30.7,33.71,42.24,74.11,-17.33,77.97,33.17
Harsh Braking,0,35.22,43.05,52.94,70.56,-20.6,69.49,39.41
Low SoC,1,40.52,53.64,79.91,45.7,-59.53,7.87,4.29
Low SoC,1,40.69,54.39,74.69,47.82,-29.68,10.06,13.12
Harsh Cornering,0,29.98,36.97,36.81,72.68,-10.3,74.72,41.5
Deep Discharge Warning,1,37.53,50.04,57.3,47.48,-44.54,6.94,0.16
Harsh Braking,0,30.2,36.95,43.04,70.97,-29.89,73.57,20.24
OverSpeed,0,23.78,37.0,51.73,69.57,-15.72,65.09,33.58
Consecutive Fast Charging,1,36.34,44.0,62.77,47.4,-29.71,6.69,17.19
Battery Under Voltage,1,46.53,51.92,83.11,45.11,-56.66,3.74,14.19
Harsh Acceleration,0,31.46,37.27,47.12,70.99,-10.03,67.86,37.77
Harsh Braking,0,30.52,36.94,41.02,78.28,-40.31,90.8,6.52
Consecutive Fast Charging,1,42.22,50.44,62.71,46.44,-71.95,12.85,12.53
Harsh Acceleration,0,28.75,34.46,47.27,75.12,-34.35,86.28,42.08
Battery Under Voltage,1,31.9,46.41,56.32,48.18,-46.06,9.46,0.1
Harsh Braking,0,29.85,37.57,41.52,65.1,-18.95,45.62,19.79
Low SoC,1,50.92,68.75,71.54,46.53,-46.74,4.29,15.68
Deep Discharge Warning,1,44.03,52.45,63.03,48.06,-86.9,18.22,52.71
Harsh Cornering,0,28.6,32.13,40.53,65.04,-26.82,49.72,15.74
Harsh Cornering,0,31.69,33.37,42.18,70.99,-31.25,65.46,36.5
Consecutive Fast Charging,1,47.24,61.4,73.63,43.62,-46.6,3.93,6.99
Harsh Acceleration,0,34.65,41.13,49.11,72.13,-21.52,68.78,39.38
Deep Discharge Warning,1,56.15,63.01,78.43,44.55,-41.19,13.42,19.54
Deep Discharge Warning,1,47.84,51.87,68.81,48.98,-65.15,8.91,8.14
Deep Discharge Warning,1,51.63,61.66,69.91,49.68,-39.83,17.25,3.74
Harsh Acceleration,0,29.11,33.15,37.58,69.54,-20.81,65.12,21.81
OverSpeed,0,34.39,39.6,50.07,69.52,-6.25,62.98,35.79
Consecutive Fast Charging,1,48.24,65.51,63.06,46.77,-10.78,8.75,3.29
Harsh Cornering,0,27.2,31.2,34.19,69.0,-12.04,65.13,64.04
Harsh Braking,0,32.35,37.5,50.29,80.39,-25.98,97.41,29.16
Battery Under Voltage,1,37.31,49.61,64.55,48.64,-56.14,6.41,1.4
Battery Under Voltage,1,42.93,50.92,74.04,47.67,-41.71,2.93,20.72
Deep Discharge Warning,1,36.66,53.14,57.51,44.57,-70.55,2.9,1.6
Low SoC,1,48.76,63.87,88.15,45.21,-32.96,1.29,2.05
Harsh Braking,0,32.82,36.04,46.02,76.56,-25.94,86.15,20.31
Harsh Acceleration,0,31.25,31.25,44.6,68.6,-20.67,63.64,42.68
Thermal Overheat Surge,1,39.12,53.5,60.23,48.13,-47.3,5.52,19.95
Harsh Acceleration,0,32.49,34.67,37.41,73.22,-15.45,73.58,26.89
Harsh Cornering,0,21.88,29.39,30.08,71.37,-21.25,72.07,21.5
Harsh Braking,0,22.31,27.32,39.26,76.9,-1.63,87.95,38.48
Harsh Braking,0,32.49,34.67,51.15,76.38,-13.04,89.33,30.77
Deep Discharge Warning,1,53.4,62.68,67.83,45.37,-47.93,5.06,5.8
Harsh Braking,0,21.47,29.0,29.6,77.62,-11.47,89.33,25.07
Battery Under Voltage,1,36.04,47.87,56.78,48.2,-42.64,15.08,7.76
Consecutive Fast Charging,1,33.95,45.53,59.99,45.96,-33.32,9.81,4.89
Low SoC,1,54.53,65.02,69.42,45.64,-46.57,5.76,21.03
Harsh Braking,0,28.78,33.02,40.79,74.6,-9.1,85.88,40.71
Harsh Braking,0,29.01,36.11,55.25,66.4,-10.74,50.26,16.5
Deep Discharge Warning,1,43.75,45.1,76.7,47.71,-31.58,10.68,7.19
Consecutive Fast Charging,1,32.75,48.11,40.63,47.78,-80.98,0.46,14.06
Harsh Braking,0,32.15,39.44,36.6,62.52,-32.92,43.87,16.66
Harsh Braking,0,34.2,38.55,42.25,70.14,-2.56,64.72,40.72
Harsh Cornering,0,37.21,44.13,51.86,66.56,-19.29,49.84,38.53
Harsh Acceleration,0,39.57,47.35,50.12,76.14,-16.56,88.26,31.38
Harsh Braking,0,33.03,41.29,44.83,78.35,-12.19,92.43,37.49
Harsh Acceleration,0,25.34,32.14,39.61,70.98,-10.87,70.3,29.1
Low SoC,1,32.11,46.32,57.75,48.92,-71.66,8.97,18.85
Battery Under Voltage,1,44.94,57.6,71.22,47.65,-56.81,5.25,28.07
Harsh Acceleration,0,28.15,34.01,50.31,65.06,0.4,49.72,43.08
Harsh Acceleration,0,30.6,34.23,46.78,66.04,-20.41,50.61,24.07
Harsh Acceleration,0,29.82,35.34,47.26,70.29,-31.32,64.24,19.79
Harsh Cornering,0,31.08,36.48,31.36,71.48,-12.63,71.59,44.86
Deep Discharge Warning,1,47.1,48.14,64.61,47.12,-32.15,4.7,0.83
Harsh Acceleration,0,36.8,39.48,51.33,68.47,-7.25,64.25,36.32
Harsh Acceleration,0,30.98,33.44,48.05,67.11,3.15,55.13,14.98
Deep Discharge Warning,1,43.76,49.47,71.88,46.79,-39.86,14.53,31.67
OverSpeed,0,29.69,39.64,46.19,75.38,-11.87,82.13,39.26
Deep Discharge Warning,1,34.03,43.41,59.41,43.14,-51.65,2.23,6.98
Low SoC,1,36.73,47.95,64.93,48.72,-18.76,4.66,4.65
OverSpeed,0,32.77,38.16,47.3,75.67,-22.14,90.75,42.19
Harsh Cornering,0,36.48,43.62,54.65,78.82,-23.8,95.56,14.04
Low SoC,1,47.21,58.54,69.79,46.55,-47.66,5.79,9.97
OverSpeed,0,25.12,33.46,43.09,75.79,-1.09,80.03,21.38
Harsh Cornering,0,33.63,42.42,47.53,63.7,-13.85,46.41,38.87
Deep Discharge Warning,1,53.82,62.88,89.36,46.42,-56.91,3.33,2.85
Harsh Acceleration,0,28.82,36.54,37.76,66.93,-26.72,52.48,34.18
Deep Discharge Warning,1,34.49,43.64,64.1,46.52,-48.42,5.31,32.09
Harsh Braking,0,21.2,27.33,26.3,62.88,-6.43,40.26,24.88
Harsh Braking,0,32.04,33.03,39.55,66.13,-8.81,52.23,37.48
Harsh Braking,0,30.94,37.85,40.2,72.15,-25.21,71.18,27.54
Harsh Acceleration,0,40.27,46.08,47.23,70.15,-22.74,67.96,49.67
Deep Discharge Warning,1,36.41,46.72,53.73,45.22,-59.11,5.74,18.39
Harsh Cornering,0,30.29,36.36,44.83,75.05,-11.83,83.27,21.74
Harsh Braking,0,36.21,42.99,52.1,77.21,-27.2,85.41,24.28
OverSpeed,0,29.66,36.11,47.84,75.92,-17.22,84.57,31.39
Low SoC,1,37.71,39.27,53.22,46.91,-65.64,21.16,0.07
OverSpeed,0,32.22,34.7,50.01,67.63,-15.8,55.45,28.8
Deep Discharge Warning,1,51.48,62.66,71.52,47.39,-25.8,16.42,14.67
Deep Discharge Warning,1,32.51,46.16,36.93,48.63,-48.72,5.98,38.05
OverSpeed,0,25.21,31.33,35.08,75.96,-23.68,85.36,43.56
Harsh Acceleration,0,35.69,37.8,47.01,75.18,-17.54,81.5,37.3
Harsh Acceleration,0,30.78,35.25,32.89,76.89,-36.36,89.05,34.91
Consecutive Fast Charging,1,26.69,43.03,64.11,43.74,-49.04,5.78,18.29
Battery Under Voltage,1,45.88,54.86,64.62,50.6,-49.87,15.12,32.19
Harsh Braking,0,30.42,33.79,48.69,74.45,-3.87,79.38,63.18
Harsh Cornering,0,26.3,27.64,37.29,75.52,-16.52,86.5,39.45
Harsh Acceleration,0,25.16,27.95,27.16,76.84,-7.47,84.5,35.76
Harsh Braking,0,31.44,36.63,34.32,67.19,-26.18,51.53,36.34
Deep Discharge Warning,1,47.6,59.77,71.01,44.97,-58.76,3.6,13.57
Harsh Braking,0,39.97,46.75,42.16,77.78,-18.11,94.06,32.83
Harsh Braking,0,28.39,35.1,44.84,66.57,-13.2,48.86,30.41
Deep Discharge Warning,1,37.56,45.32,62.93,45.06,-45.27,5.87,9.72
Deep Discharge Warning,1,49.96,64.18,71.91,47.38,-25.85,9.7,9.66
Low SoC,1,48.1,60.43,75.95,46.62,-34.04,6.99,5.04
Deep Discharge Warning,1,55.29,67.71,78.76,45.63,-52.83,7.31,30.11
Harsh Cornering,0,36.1,42.07,36.48,66.35,-0.59,51.05,55.79
Harsh Braking,0,30.06,33.26,35.57,68.33,-24.74,56.63,38.18
Deep Discharge Warning,1,50.82,70.77,89.31,43.2,-73.26,1.8,21.27
Harsh Acceleration,0,33.01,38.87,37.17,65.27,-18.09,47.14,19.93
Harsh Braking,0,40.04,46.71,57.52,76.01,6.62,81.78,49.84
Deep Discharge Warning,1,43.52,64.72,68.96,45.12,-39.68,1.33,29.19
Harsh Acceleration,0,31.4,38.04,48.36,66.63,-15.77,56.77,24.14
Low SoC,1,45.61,58.53,71.8,48.49,-47.09,18.71,74.43
Deep Discharge Warning,1,43.99,67.71,66.23,44.33,-17.78,2.81,1.99
Harsh Braking,0,36.76,45.28,47.65,76.76,3.05,85.69,30.61
Deep Discharge Warning,1,43.29,57.97,76.78,49.61,-69.94,15.41,3.35
Harsh Braking,0,28.05,32.55,39.06,78.4,-34.99,95.65,35.66
Harsh Cornering,0,25.28,35.34,42.04,74.71,-17.96,79.35,43.79
Harsh Braking,0,35.56,40.09,48.18,70.95,-7.28,70.76,29.97
Harsh Braking,0,26.38,35.25,28.86,68.46,-13.67,61.13,42.74
Deep Discharge Warning,1,47.74,57.08,73.86,46.25,-33.43,3.14,36.89
Harsh Braking,0,29.5,36.63,42.56,70.84,-7.93,71.73,22.72
Harsh Braking,0,36.13,45.8,57.78,71.89,-13.33,71.87,45.39
Deep Discharge Warning,1,40.42,50.24,74.52,47.0,-34.11,13.23,44.71
OverSpeed,0,28.55,34.65,42.97,66.3,-32.16,58.57,5.41
Harsh Acceleration,0,27.33,34.47,38.94,68.43,-11.45,62.81,52.0
Low SoC,1,56.09,71.93,74.85,47.23,-40.88,9.61,0.6
OverSpeed,0,23.72,31.54,35.57,69.61,-11.12,62.15,26.53
Battery Under Voltage,1,46.71,62.05,61.02,47.52,-52.34,4.04,7.4
Harsh Acceleration,0,32.34,40.1,45.86,69.16,-5.8,57.65,35.32
Harsh Acceleration,0,31.99,39.4,39.67,65.84,-19.64,44.78,50.92
Battery Under Voltage,1,30.7,42.29,67.74,48.31,-36.13,8.84,6.05
Harsh Acceleration,0,35.42,40.44,43.08,71.96,-16.83,70.34,17.51
Deep Discharge Warning,1,33.76,46.65,55.6,46.41,-46.36,8.13,10.98
OverSpeed,0,24.48,31.88,25.25,69.07,-40.71,63.76,32.23
Deep Discharge Warning,1,42.45,48.99,76.75,43.67,-67.62,2.88,0.6
Low SoC,1,50.55,54.46,84.94,46.73,-35.3,15.97,21.19
Harsh Braking,0,36.05,40.4,47.14,74.39,-18.4,80.69,36.27
Deep Discharge Warning,1,40.16,57.33,67.7,46.79,-35.25,1.31,15.62
Battery Under Voltage,1,42.85,54.41,69.18,43.77,-47.53,1.01,20.78
Deep Discharge Warning,1,43.41,54.32,73.07,47.46,-27.38,5.29,18.44
Harsh Acceleration,0,27.39,31.82,26.04,66.07,-24.82,52.65,49.03
Low SoC,1,42.94,63.47,68.55,45.9,-66.14,5.67,3.7
Harsh Cornering,0,32.22,41.15,45.33,79.28,-3.77,95.09,38.67
Harsh Acceleration,0,23.87,32.5,33.74,76.74,-15.24,85.82,33.52
Low SoC,1,37.57,47.05,76.18,49.87,-46.4,21.51,19.13
OverSpeed,0,34.12,42.61,43.47,72.58,-4.45,70.78,27.1
OverSpeed,0,29.1,35.58,45.44,68.71,-2.72,62.21,41.63
OverSpeed,0,32.16,37.47,48.01,73.16,-9.64,75.93,22.41
Thermal Overheat Surge,1,33.78,44.23,62.8,47.31,-51.66,9.41,5.71
Harsh Cornering,0,28.1,34.71,51.93,65.82,-20.57,47.96,25.84
Consecutive Fast Charging,1,39.14,57.33,77.17,45.31,-61.56,6.7,13.31
Harsh Acceleration,0,28.52,36.45,39.04,73.43,-26.8,76.49,28.0
Harsh Cornering,0,28.64,34.21,44.95,65.99,-9.77,50.55,14.02
OverSpeed,0,34.52,36.95,50.27,68.31,-9.8,58.82,33.68
Harsh Cornering,0,35.9,41.35,51.76,77.22,-16.65,90.87,24.53
Deep Discharge Warning,1,43.33,57.62,57.56,47.55,-27.17,14.95,5.69
Harsh Braking,0,31.03,37.21,42.61,71.2,-12.05,67.25,23.13
Harsh Braking,0,32.46,39.22,39.86,69.32,5.49,60.88,17.24
Harsh Braking,0,30.6,38.32,39.77,78.92,-11.18,92.15,34.95
Battery Under Voltage,1,43.56,51.93,69.72,50.11,-59.56,14.59,6.71
OverSpeed,0,32.71,34.82,53.02,73.44,-12.52,80.05,22.24
Harsh Braking,0,22.27,32.27,29.91,77.77,-11.6,90.55,32.1
Harsh Acceleration,0,25.99,29.5,41.36,65.92,-7.98,51.04,24.19
Harsh Braking,0,29.36,40.23,47.18,71.61,-9.27,67.7,32.96
Battery Under Voltage,1,47.15,48.83,84.57,48.14,-25.37,26.83,1.11
Harsh Cornering,0,34.66,39.79,47.6,71.69,-26.87,66.0,37.76
Harsh Acceleration,0,37.49,43.59,57.22,63.22,-27.87,40.19,34.02
Low SoC,1,52.87,60.31,82.59,48.27,-25.87,3.52,14.47
Harsh Braking,0,30.25,39.11,41.13,68.63,-17.06,53.08,12.68
Thermal Overheat Surge,1,49.16,54.32,72.24,45.23,-26.44,8.79,12.87
OverSpeed,0,29.31,36.3,36.04,62.74,-34.77,44.56,32.06
Harsh Cornering,0,32.48,34.3,43.12,72.38,-25.22,77.35,27.95
Harsh Acceleration,0,34.27,40.22,47.82,67.22,-16.86,53.01,17.42
Harsh Braking,0,31.25,40.49,43.97,73.34,-31.4,76.99,50.57
Deep Discharge Warning,1,48.53,66.12,73.16,44.02,-53.02,1.69,46.99
Harsh Braking,0,32.6,40.11,37.23,61.88,-22.26,41.72,45.96
Battery Under Voltage,1,47.6,57.57,66.85,46.15,-20.01,11.14,6.69
Deep Discharge Warning,1,44.45,58.68,72.76,45.49,-39.15,6.74,3.48
Deep Discharge Warning,1,44.25,52.27,71.52,48.66,-51.31,11.89,1.73
OverSpeed,0,28.88,34.77,40.59,73.65,-19.09,82.04,51.21
OverSpeed,0,31.64,35.55,46.04,68.79,-16.15,60.28,30.59
Deep Discharge Warning,1,39.44,59.44,64.08,46.61,-30.15,5.08,7.44
Harsh Acceleration,0,27.91,34.44,49.1,65.24,-14.44,50.52,22.17
Battery Under Voltage,1,41.06,56.46,60.82,44.09,-29.97,7.91,20.09
Low SoC,1,42.28,51.66,69.42,46.28,-75.1,5.49,39.13
OverSpeed,0,34.66,43.57,57.4,74.74,2.39,78.1,27.02
Harsh Braking,0,19.49,26.36,32.12,71.02,-16.46,64.24,59.51
Deep Discharge Warning,1,30.49,47.19,46.11,45.31,-45.74,5.3,15.0
Low SoC,1,40.24,55.44,55.34,45.89,-52.37,6.88,2.83
Battery Under Voltage,1,36.33,45.56,63.1,45.6,-80.92,1.7,37.87
Thermal Overheat Surge,1,40.48,56.63,63.32,47.04,-41.94,6.78,1.11
Harsh Braking,0,31.22,39.65,40.38,66.5,-15.93,52.49,39.31
OverSpeed,0,33.55,34.88,42.85,73.35,-15.75,78.11,14.16
Low SoC,1,30.6,43.73,43.91,45.9,-34.62,6.81,11.94
Harsh Braking,0,31.12,38.46,43.03,65.76,-13.41,44.34,20.94
Harsh Braking,0,28.59,37.78,43.23,64.11,-19.66,48.59,26.47
Harsh Braking,0,30.12,33.9,44.93,73.05,-6.55,72.23,24.02
OverSpeed,0,24.89,29.07,34.93,64.36,1.21,48.3,22.86
Battery Under Voltage,1,43.81,60.89,73.61,48.82,-49.22,19.17,4.16
OverSpeed,0,38.58,42.78,50.8,63.81,-0.31,48.08,32.73
Harsh Acceleration,0,27.88,33.73,49.79,76.55,-19.86,83.27,33.1
Harsh Acceleration,0,25.93,31.35,26.68,75.92,-28.57,87.41,22.98
Harsh Braking,0,25.23,34.94,34.33,62.61,-14.09,41.03,52.72
Harsh Braking,0,29.08,35.24,46.24,67.67,-10.2,57.51,35.27
Harsh Braking,0,33.91,34.65,37.28,78.14,-22.74,89.56,26.44
Harsh Acceleration,0,33.96,38.11,44.82,74.35,-1.81,85.62,21.3
Harsh Cornering,0,34.17,41.93,41.22,67.41,-9.99,51.09,6.45
Deep Discharge Warning,1,34.79,50.49,59.81,45.23,-66.15,2.91,7.18
Consecutive Fast Charging,1,44.31,59.39,74.72,49.69,-36.19,11.43,3.27
Battery Under Voltage,1,43.41,53.58,61.4,49.55,-48.36,14.33,2.54
Deep Discharge Warning,1,58.24,69.91,93.27,46.1,-17.36,13.09,44.02
Harsh Braking,0,28.75,30.76,41.28,68.12,-19.77,57.96,31.8
Harsh Braking,0,29.52,34.03,44.23,67.76,-17.31,53.14,21.23
Deep Discharge Warning,1,50.23,64.66,68.76,45.22,-36.66,0.67,1.13
Low SoC,1,47.56,54.47,64.34,48.52,-65.17,14.9,11.1
Harsh Acceleration,0,28.27,32.24,40.68,69.5,-21.16,63.8,26.53
Harsh Acceleration,0,30.58,40.79,43.73,63.22,-14.1,41.48,29.09
Thermal Overheat Surge,1,37.14,42.92,57.93,46.49,-53.48,5.4,12.22
Deep Discharge Warning,1,38.91,52.54,72.61,45.25,-20.06,4.38,8.58
Harsh Acceleration,0,29.8,33.77,39.7,67.63,-5.9,54.66,49.59
OverSpeed,0,30.01,38.16,48.58,71.07,-13.02,66.37,9.69
Deep Discharge Warning,1,54.45,61.94,74.99,45.66,-37.35,3.15,29.99
Harsh Cornering,0,32.0,36.93,41.03,64.2,-10.48,48.18,32.99
Deep Discharge Warning,1,47.91,64.06,79.2,46.41,-4.72,2.84,0.41
Harsh Acceleration,0,34.87,38.49,32.31,72.5,-5.73,71.52,41.0
Deep Discharge Warning,1,45.98,59.84,53.6,49.39,-37.76,15.0,5.22
Battery Under Voltage,1,32.9,44.02,62.67,44.69,-40.77,3.78,25.67
Harsh Acceleration,0,33.67,41.77,47.87,77.66,-34.06,92.25,44.05
Deep Discharge Warning,1,39.65,46.74,64.72,48.25,-57.07,9.94,1.88
Deep Discharge Warning,1,39.75,53.57,72.73,43.55,-49.48,4.26,18.66
Low SoC,1,58.14,70.24,87.18,46.19,-55.85,0.72,42.54
Harsh Cornering,0,25.57,25.64,46.64,70.86,-20.9,66.7,25.79
Deep Discharge Warning,1,33.68,46.34,57.61,46.22,-48.28,8.67,8.62
Consecutive Fast Charging,1,33.0,43.13,50.0,46.88,-56.83,8.69,43.78
Harsh Braking,0,33.39,40.82,44.95,75.09,-24.53,82.1,40.92
Low SoC,1,51.98,62.13,81.49,45.39,-61.4,3.44,45.37
Harsh Cornering,0,26.8,33.17,38.45,71.39,2.96,64.3,29.54
Consecutive Fast Charging,1,42.66,59.73,58.8,49.67,-31.95,15.96,7.7
Low SoC,1,50.45,59.73,77.2,44.52,-28.5,3.35,30.95
Harsh Acceleration,0,24.96,32.19,30.22,65.34,-22.35,50.05,38.87
Harsh Braking,0,27.2,33.51,46.98,65.05,15.86,47.02,45.36
Harsh Cornering,0,33.36,37.29,49.85,76.42,-3.04,85.9,43.53
Low SoC,1,62.5,74.84,93.85,49.32,-35.9,18.39,1.51
Battery Under Voltage,1,41.18,54.36,70.48,45.24,-58.07,3.27,2.48
Deep Discharge Warning,1,51.5,65.23,71.74,45.27,-32.69,2.08,23.58
OverSpeed,0,32.74,40.61,47.66,64.87,-8.28,47.86,51.13
Harsh Cornering,0,29.76,33.29,44.21,78.35,-18.41,88.65,16.41
Harsh Braking,0,28.06,35.22,41.49,77.79,-18.03,94.17,21.87
Deep Discharge Warning,1,42.26,56.57,62.09,47.35,-49.41,8.45,22.99
Consecutive Fast Charging,1,31.25,38.84,62.03,45.36,-45.98,11.48,11.87
Harsh Acceleration,0,28.87,31.63,45.24,77.33,-23.47,96.24,18.17
Deep Discharge Warning,1,37.01,47.94,54.12,46.64,-54.07,12.26,9.34
Harsh Braking,0,32.59,41.33,39.02,68.1,-12.61,60.0,34.15
Harsh Acceleration,0,26.56,28.39,41.53,70.34,-37.09,65.86,20.57
Consecutive Fast Charging,1,50.28,58.02,62.56,46.74,-43.4,3.11,11.26
Battery Under Voltage,1,42.03,57.16,64.01,47.74,-20.15,8.26,12.59
Harsh Braking,0,28.66,33.62,45.43,67.0,-32.45,48.04,41.39
Low SoC,1,38.31,50.25,45.56,46.15,-48.76,2.68,25.66
Battery Under Voltage,1,47.35,56.1,69.73,44.86,-41.78,0.62,32.58
Battery Under Voltage,1,39.84,57.38,53.43,44.96,-44.94,7.14,8.98
OverSpeed,0,32.54,42.38,46.27,74.31,-35.79,84.24,23.21
Deep Discharge Warning,1,19.47,24.68,48.64,44.68,-54.42,8.61,1.04
Battery Under Voltage,1,48.7,63.82,53.8,46.74,-15.34,2.84,30.62
Battery Under Voltage,1,30.47,39.21,59.96,44.23,-44.27,1.84,5.05
Thermal Overheat Surge,1,50.43,68.18,78.26,44.37,-51.37,2.59,14.13
Deep Discharge Warning,1,40.32,55.14,54.33,48.71,-44.2,17.64,8.14
Harsh Braking,0,29.83,37.77,47.78,65.93,-1.55,51.05,35.08
Harsh Braking,0,31.29,46.13,41.72,64.71,-9.09,40.27,31.94
Battery Under Voltage,1,32.46,45.91,54.42,44.34,-40.53,7.0,11.68
Low SoC,1,39.69,53.88,75.49,47.82,-45.58,10.47,0.74
Consecutive Fast Charging,1,38.61,52.07,79.15,45.22,-77.12,8.08,22.6
Deep Discharge Warning,1,45.66,55.31,57.72,47.79,-36.23,4.95,8.08
Deep Discharge Warning,1,36.35,44.74,52.52,44.82,-33.71,4.85,9.43
Harsh Acceleration,0,31.65,36.69,38.4,65.29,-21.04,47.23,29.45
Low SoC,1,46.38,61.03,73.13,49.51,-62.07,16.32,5.74
Deep Discharge Warning,1,34.61,44.29,64.3,48.59,-36.33,10.69,4.94
Consecutive Fast Charging,1,38.31,54.05,70.89,48.21,-61.57,17.6,1.1
Battery Under Voltage,1,36.69,47.95,54.15,46.62,-64.84,7.86,17.93
OverSpeed,0,33.83,39.65,56.65,65.32,-1.46,49.0,37.31
Deep Discharge Warning,1,39.34,54.97,72.61,48.38,-28.93,10.66,17.63
Harsh Acceleration,0,26.24,29.38,45.38,74.86,-32.29,84.65,41.67
Deep Discharge Warning,1,39.56,56.17,69.59,44.46,-56.78,8.68,41.87
Deep Discharge Warning,1,44.85,54.71,73.76,48.63,-28.29,13.87,9.16
Harsh Cornering,0,34.74,39.22,37.57,74.76,-34.18,83.5,38.19
Deep Discharge Warning,1,42.16,54.62,59.54,47.53,-49.34,12.26,30.11
Harsh Acceleration,0,30.91,36.23,34.71,78.36,-15.22,91.5,39.5
Harsh Acceleration,0,29.19,34.55,53.49,77.11,-27.07,89.98,23.99
Deep Discharge Warning,1,55.09,72.1,74.9,45.1,-47.32,1.46,4.41
Harsh Braking,0,30.3,35.28,34.73,76.2,-16.16,89.87,42.5
Deep Discharge Warning,1,54.5,71.95,72.6,47.69,-39.85,11.49,9.59
Battery Under Voltage,1,37.36,54.67,60.76,46.63,-25.99,2.44,6.5
OverSpeed,0,28.59,35.79,41.08,79.2,-14.13,92.35,25.15
Harsh Cornering,0,29.41,37.25,34.41,69.99,-38.5,61.33,29.1
Low SoC,1,48.1,59.36,74.01,43.51,-63.37,1.61,2.42
Harsh Acceleration,0,29.68,35.19,42.08,68.4,-10.31,58.38,25.03
Harsh Braking,0,26.57,31.1,35.74,67.41,-9.29,56.1,32.4
Battery Under Voltage,1,47.33,60.43,70.37,46.35,-67.47,3.78,19.97
Low SoC,1,37.99,46.78,55.22,43.89,-24.47,1.62,3.02
Low SoC,1,47.47,65.22,67.37,47.57,-57.73,8.71,23.11
Low SoC,1,41.5,57.0,62.27,46.19,-65.69,12.39,6.8
Harsh Acceleration,0,32.68,40.74,39.03,79.16,-6.51,96.7,28.04
Deep Discharge Warning,1,43.35,53.28,59.61,48.0,-18.03,12.99,10.77
Harsh Acceleration,0,26.96,31.73,35.48,69.57,-20.51,65.37,42.65
Consecutive Fast Charging,1,46.2,57.79,65.64,44.94,-41.61,3.04,24.84
Battery Under Voltage,1,47.36,54.98,77.43,45.63,-65.4,0.92,12.27
OverSpeed,0,31.73,41.49,36.6,64.68,4.37,45.17,31.44
Harsh Braking,0,25.43,29.5,31.64,74.03,-9.73,80.54,38.14
Consecutive Fast Charging,1,50.49,62.13,70.63,46.83,-47.82,6.5,0.8
Harsh Braking,0,28.46,34.61,43.97,69.35,-6.21,58.8,22.13
Deep Discharge Warning,1,35.12,47.13,51.34,47.51,-63.22,10.87,2.26
Harsh Braking,0,29.28,36.07,37.71,70.12,-16.28,58.92,44.83
Harsh Braking,0,26.53,33.69,43.73,75.02,-19.72,80.39,13.12
OverSpeed,0,30.8,39.45,42.51,75.71,-14.81,81.85,43.04
Harsh Acceleration,0,29.21,37.12,32.41,64.18,-9.2,42.49,29.67
Consecutive Fast Charging,1,30.87,40.87,52.31,47.16,-44.37,3.86,13.57
Low SoC,1,50.53,60.52,79.11,42.87,-61.28,1.87,4.57
Harsh Braking,0,33.86,42.31,42.12,66.83,-14.72,49.49,27.71
Deep Discharge Warning,1,33.48,46.13,70.87,49.01,-84.33,8.85,1.49
Consecutive Fast Charging,1,42.36,59.03,61.85,47.99,-71.21,10.84,23.77
Harsh Cornering,0,37.35,40.7,56.69,76.44,-19.64,88.37,45.62
Low SoC,1,33.92,44.9,74.89,47.04,-34.8,7.61,7.55
Consecutive Fast Charging,1,47.55,55.88,55.5,48.8,-4.1,18.7,18.92
Harsh Braking,0,26.25,33.79,34.81,69.84,-20.38,60.43,24.53
Harsh Braking,0,29.49,39.56,50.61,77.2,-30.45,92.27,41.37
Deep Discharge Warning,1,53.0,65.38,69.57,49.27,-54.11,10.87,2.3
Battery Under Voltage,1,30.07,35.78,63.53,44.13,-67.61,2.51,4.74
Low SoC,1,45.72,61.83,76.34,46.0,-52.82,2.9,9.19
Deep Discharge Warning,1,33.59,45.73,39.03,45.21,-71.07,1.16,6.91
Harsh Braking,0,25.92,32.93,40.36,72.45,-21.22,71.94,39.52
Harsh Braking,0,31.99,40.88,41.2,70.71,7.63,68.15,43.01
Harsh Acceleration,0,32.4,39.76,43.63,64.84,-9.33,46.92,35.55
OverSpeed,0,32.14,37.77,49.93,75.4,-23.04,87.37,28.66
Harsh Braking,0,29.41,31.68,37.63,70.6,-6.23,65.97,19.98
Low SoC,1,47.95,64.8,68.78,47.95,-40.16,8.4,19.08
OverSpeed,0,33.78,41.64,38.91,79.2,-8.88,93.87,34.24
Thermal Overheat Surge,1,39.75,46.71,63.72,47.57,-32.83,1.24,29.48
Harsh Braking,0,26.12,30.97,44.02,74.49,-19.32,80.79,51.78
Battery Under Voltage,1,41.74,56.79,65.18,44.09,-63.72,4.1,3.33
Battery Under Voltage,1,34.7,38.89,68.11,44.17,-64.7,1.71,11.12
Harsh Braking,0,23.97,26.53,44.06,63.82,-11.88,43.19,37.6
Low SoC,1,51.95,57.14,83.83,46.96,-37.0,6.69,8.35
Harsh Braking,0,27.83,29.42,33.46,73.01,-10.78,75.24,26.92
Low SoC,1,47.51,65.87,67.62,48.16,-37.19,7.46,12.09
Deep Discharge Warning,1,48.9,61.99,83.05,44.62,-58.73,5.57,12.8
Low SoC,1,34.78,50.04,69.45,47.02,-47.99,12.26,14.16
Battery Under Voltage,1,46.79,58.37,65.44,47.24,-22.04,10.08,36.05
Harsh Braking,0,31.31,38.06,44.99,77.04,-21.0,89.31,51.43
Deep Discharge Warning,1,35.99,44.76,52.56,48.72,-24.26,8.71,2.51
Harsh Acceleration,0,25.06,28.91,38.05,65.8,-8.02,48.75,8.24
Low SoC,1,42.96,49.11,53.75,44.29,-56.06,1.97,0.8
Harsh Cornering,0,31.23,35.79,39.9,66.66,-20.26,53.17,56.17
Low SoC,1,54.18,67.08,74.04,49.5,-30.86,19.94,31.12
Battery Under Voltage,1,50.51,59.81,63.68,48.2,-19.87,12.32,1.15
Deep Discharge Warning,1,35.51,43.92,54.88,48.03,-28.77,9.92,12.09
Low SoC,1,35.88,50.83,67.68,47.58,-67.77,15.89,19.93
Harsh Braking,0,29.07,40.09,37.68,65.68,-23.07,48.17,26.83
Harsh Acceleration,0,34.16,42.68,38.4,76.27,-13.13,86.65,45.84
Deep Discharge Warning,1,43.7,52.89,72.56,46.84,-63.43,2.11,16.12
Harsh Acceleration,0,26.78,30.8,43.68,68.56,-6.01,58.83,45.64
Harsh Acceleration,0,42.22,47.26,51.84,70.03,-25.9,62.52,56.3
Deep Discharge Warning,1,49.97,62.51,79.09,45.9,-26.41,8.52,8.74
Deep Discharge Warning,1,32.4,43.88,75.38,46.97,-50.03,9.76,10.03
Harsh Braking,0,33.62,37.81,51.41,72.79,-14.3,75.9,37.45
Battery Under Voltage,1,45.46,59.75,75.06,47.27,-50.06,17.14,72.86
Battery Under Voltage,1,36.59,54.06,59.34,47.46,-67.15,5.88,68.14
Deep Discharge Warning,1,36.59,47.2,72.36,49.99,-55.91,13.3,6.09
Consecutive Fast Charging,1,46.45,59.52,73.04,46.59,-32.4,3.55,33.57
Harsh Braking,0,36.8,44.66,53.65,69.9,-7.37,58.95,14.64
Harsh Acceleration,0,31.23,35.14,40.11,69.99,-24.67,64.72,26.77
Deep Discharge Warning,1,50.56,62.91,72.85,43.71,-57.06,5.76,0.65
Harsh Cornering,0,26.24,33.52,40.1,63.11,-25.14,45.38,35.75
Harsh Cornering,0,29.67,32.99,42.83,68.14,-19.2,56.98,45.8
Harsh Braking,0,38.77,44.5,50.49,72.16,1.78,74.72,27.55
Harsh Cornering,0,24.22,32.86,29.15,70.06,-14.89,60.18,29.39
Battery Under Voltage,1,36.5,49.74,60.98,45.32,-62.35,7.63,28.73
Harsh Cornering,0,32.56,41.31,44.9,78.73,-25.94,96.21,6.96
Low SoC,1,49.98,56.64,71.42,47.52,-64.73,15.23,19.44
Low SoC,1,38.63,44.72,65.97,46.75,-50.7,9.89,16.43
Harsh Cornering,0,32.44,38.73,43.31,70.09,-22.79,66.22,31.2
Harsh Braking,0,28.76,34.61,34.11,72.39,-30.54,70.2,44.03
Deep Discharge Warning,1,58.65,73.44,79.73,46.76,-48.08,4.24,5.65
Harsh Cornering,0,32.51,37.6,35.31,65.38,-20.32,42.07,35.63
Thermal Overheat Surge,1,42.36,46.91,83.1,46.65,-33.93,19.09,11.85
Deep Discharge Warning,1,45.63,58.03,84.65,46.76,-63.01,10.79,22.5
Harsh Braking,0,32.81,39.75,37.93,68.03,-3.43,62.69,49.9
Deep Discharge Warning,1,46.21,56.99,66.55,47.04,-53.22,5.09,18.22
Deep Discharge Warning,1,49.03,62.52,63.29,45.04,-56.79,0.61,2.33
Harsh Braking,0,28.15,34.64,30.0,67.49,-10.21,55.81,27.47
OverSpeed,0,28.15,34.57,34.24,72.33,-26.92,72.3,30.87
Harsh Acceleration,0,35.01,38.27,45.95,80.28,-18.69,93.97,49.37
Harsh Braking,0,26.13,31.01,33.18,74.12,-9.29,81.86,24.54
Harsh Cornering,0,24.93,30.95,38.0,70.6,-18.05,67.77,47.35
Low SoC,1,44.17,57.12,82.83,47.01,-43.38,2.11,1.98
Deep Discharge Warning,1,57.38,69.01,85.31,44.97,-34.04,1.59,6.07
Low SoC,1,39.96,58.62,65.33,46.46,-60.5,3.23,45.3
Deep Discharge Warning,1,34.21,45.07,59.31,45.9,-17.86,4.17,2.9
Low SoC,1,35.36,47.68,62.52,47.58,-59.27,12.3,6.67
Low SoC,1,41.66,55.4,68.87,48.81,-54.63,10.87,12.05
Low SoC,1,39.14,49.39,55.25,48.93,-53.27,12.77,9.89
Deep Discharge Warning,1,44.36,65.58,71.8,50.55,-42.67,21.92,43.3
Low SoC,1,39.78,51.76,58.86,45.28,-39.92,8.92,41.57
Thermal Overheat Surge,1,44.42,54.04,68.35,46.91,-13.32,12.47,7.83
Deep Discharge Warning,1,38.06,48.42,64.38,48.92,-37.21,10.97,6.48
Harsh Braking,0,34.09,43.43,45.2,79.43,-21.11,97.8,35.69
Harsh Braking,0,28.55,36.23,42.14,63.82,-13.0,43.68,24.9
Harsh Cornering,0,31.43,39.93,48.76,75.42,-2.62,83.79,22.69
Deep Discharge Warning,1,35.07,41.52,43.78,45.9,-49.53,6.9,21.24
Harsh Acceleration,0,30.84,34.39,39.1,64.17,-20.06,42.88,10.67
Harsh Cornering,0,29.72,38.11,40.73,76.49,-5.43,89.99,26.3
Harsh Acceleration,0,29.85,33.71,48.41,72.84,-17.08,72.05,42.18
OverSpeed,0,29.26,35.2,39.62,69.91,-12.54,63.21,20.05
Harsh Cornering,0,33.38,41.32,48.22,74.87,-16.11,82.17,38.8
Thermal Overheat Surge,1,41.79,54.08,79.6,45.73,-56.17,12.75,1.34
Harsh Acceleration,0,25.94,31.95,43.11,77.81,-17.56,88.67,25.79
Harsh Braking,0,29.85,36.8,37.49,71.58,-15.11,68.1,33.15
Harsh Braking,0,34.28,39.31,43.39,70.68,-9.03,69.26,21.88
Harsh Braking,0,30.57,39.5,29.98,66.99,-7.91,50.44,36.09
Harsh Braking,0,30.77,37.91,39.31,73.6,-5.43,79.18,40.12
Consecutive Fast Charging,1,61.95,74.86,94.07,48.14,-73.78,15.78,4.53
OverSpeed,0,32.28,36.68,37.37,77.84,-8.35,93.24,28.04
Deep Discharge Warning,1,33.9,48.65,64.24,46.07,-46.22,10.48,3.28
OverSpeed,0,29.49,33.73,40.61,76.28,-18.26,85.65,25.72
Harsh Braking,0,25.77,28.77,32.01,76.39,-3.12,87.66,12.74
Harsh Braking,0,32.38,36.32,45.09,70.75,-15.25,63.68,30.31
Harsh Braking,0,32.54,36.52,44.11,73.73,7.11,75.16,26.13
Harsh Acceleration,0,37.81,45.09,49.66,68.44,-18.45,57.43,48.06
Battery Under Voltage,1,33.01,54.14,47.49,44.48,-52.54,1.51,0.32
OverSpeed,0,37.83,41.45,51.8,66.48,-14.21,51.44,27.56
Harsh Acceleration,0,29.18,36.33,54.35,62.73,-30.31,42.41,39.52
Harsh Acceleration,0,36.58,48.72,45.21,78.55,-0.02,93.21,25.95
Harsh Acceleration,0,24.36,29.8,43.46,74.65,-16.37,81.68,41.82
Harsh Braking,0,24.15,30.99,43.75,75.7,-22.34,81.96,32.88
Consecutive Fast Charging,1,32.81,40.56,54.06,45.97,-57.11,2.59,7.45
Battery Under Voltage,1,40.53,52.68,69.04,44.38,-45.69,5.04,5.74
Battery Under Voltage,1,43.72,51.78,71.24,47.47,-35.38,3.02,14.84
Deep Discharge Warning,1,44.43,55.53,61.84,46.43,-58.7,6.55,0.73
Harsh Acceleration,0,28.17,31.9,46.53,73.84,-8.07,83.33,34.87
Deep Discharge Warning,1,44.75,55.71,59.07,47.3,-40.73,12.48,16.34
Harsh Braking,0,26.92,38.86,36.29,66.95,-20.87,54.01,29.3
Consecutive Fast Charging,1,42.81,53.2,72.74,45.83,-57.83,1.72,2.7
Battery Under Voltage,1,47.04,55.66,63.97,45.72,-59.89,2.13,56.66
Harsh Acceleration,0,35.62,41.32,40.94,75.76,-5.02,81.87,49.25
Deep Discharge Warning,1,39.38,52.31,58.68,49.14,-8.12,4.86,60.83
Low SoC,1,47.66,59.37,81.69,46.5,-38.28,6.7,0.82
Deep Discharge Warning,1,36.37,54.15,66.63,46.36,-74.42,7.62,37.76
Harsh Braking,0,27.29,30.15,49.0,70.74,-9.52,68.68,46.69
Harsh Braking,0,32.63,39.39,45.32,64.92,-32.04,45.64,27.04
Harsh Braking,0,26.11,32.24,40.95,64.0,-18.08,44.49,30.06
Harsh Acceleration,0,20.15,25.96,27.6,69.83,-24.66,65.76,31.92
OverSpeed,0,29.63,32.32,43.45,73.73,-14.45,81.82,48.24
Low SoC,1,46.66,56.41,86.15,47.07,-56.73,9.44,20.42
Deep Discharge Warning,1,37.76,51.21,59.31,46.04,-37.09,4.84,1.23
Harsh Braking,0,33.4,37.09,33.5,78.2,-15.16,89.85,33.33
Deep Discharge Warning,1,35.29,43.05,60.0,47.24,-51.4,10.0,2.71
Battery Under Voltage,1,30.83,42.19,39.63,46.39,-46.81,8.6,10.81
Deep Discharge Warning,1,50.17,64.18,72.96,45.04,-57.74,4.16,0.84
Harsh Cornering,0,33.58,42.23,39.8,72.87,-25.97,73.4,26.19
Harsh Braking,0,34.07,38.26,44.75,75.46,-15.35,78.85,36.85
Deep Discharge Warning,1,50.44,63.48,82.01,46.08,-34.11,2.52,3.61
Harsh Cornering,0,29.32,33.02,40.2,63.33,-25.35,41.28,45.69
Low SoC,1,42.17,53.92,69.08,45.32,-40.24,3.12,7.67
Low SoC,1,55.46,56.96,90.61,47.34,-61.63,5.1,13.62
Battery Under Voltage,1,41.2,47.95,75.02,48.19,-40.83,8.37,15.86
Consecutive Fast Charging,1,49.6,58.55,75.57,46.27,-60.37,9.63,17.4
Thermal Overheat Surge,1,45.15,59.61,69.51,48.31,-49.34,18.72,49.4
Thermal Overheat Surge,1,44.71,58.42,67.06,44.98,-24.17,3.1,2.68
Battery Under Voltage,1,41.27,51.71,72.55,47.38,-38.28,16.18,0.18
Low SoC,1,46.8,54.46,82.38,48.32,-30.98,6.77,14.84
Consecutive Fast Charging,1,54.07,63.41,69.71,46.75,-28.77,7.07,7.6
Low SoC,1,35.67,44.29,64.41,46.28,-62.77,6.68,23.82
Consecutive Fast Charging,1,44.05,53.06,71.76,44.6,-47.02,2.34,8.71
Thermal Overheat Surge,1,37.03,45.91,59.87,45.96,-67.28,12.63,22.3
Low SoC,1,31.43,42.4,62.86,50.14,-43.28,25.92,1.26
Harsh Braking,0,27.32,35.14,39.87,66.17,-12.13,54.9,23.32
Low SoC,1,43.47,53.71,78.45,45.77,-47.24,3.31,55.19
Low SoC,1,44.78,57.37,80.87,48.47,-19.94,7.47,14.62
Harsh Cornering,0,31.28,37.79,38.35,66.29,5.86,50.82,34.8
Battery Under Voltage,1,52.86,61.41,60.49,45.61,-37.93,7.69,0.62
Deep Discharge Warning,1,40.51,53.19,55.45,45.8,-31.35,7.28,9.48
Harsh Braking,0,31.73,36.21,53.43,69.79,-17.14,64.84,45.07
Low SoC,1,33.54,49.91,58.25,46.24,-66.98,10.87,9.65
Harsh Acceleration,0,33.92,41.64,51.97,70.42,-19.0,62.96,31.69
Harsh Braking,0,33.02,40.12,42.62,68.53,-19.05,62.4,54.05
Battery Under Voltage,1,40.87,46.61,63.81,47.37,-74.2,17.92,6.0
Low SoC,1,44.65,56.66,58.38,49.91,-32.13,17.19,12.11
Harsh Acceleration,0,27.48,32.78,44.83,67.36,-21.82,51.6,48.89
Harsh Braking,0,30.06,35.94,35.88,74.29,-26.59,79.3,21.17
Harsh Braking,0,27.31,32.51,38.35,67.78,-13.25,58.47,42.6
Deep Discharge Warning,1,49.68,60.35,76.06,46.96,-31.38,8.25,6.91
Harsh Acceleration,0,29.77,37.1,38.54,70.42,10.54,64.51,32.78
Low SoC,1,33.8,53.05,53.43,48.71,-44.25,10.97,32.72
Thermal Overheat Surge,1,39.31,53.55,42.47,48.59,-26.32,9.53,14.95
Harsh Acceleration,0,25.83,28.77,36.26,71.38,-24.21,68.48,11.05
Battery Under Voltage,1,36.93,46.03,65.89,46.86,-54.95,3.08,25.02
Deep Discharge Warning,1,35.24,57.32,58.83,47.11,-37.12,8.74,2.56
Low SoC,1,39.71,57.97,70.84,45.0,-29.98,3.47,14.82
Low SoC,1,42.04,54.08,67.1,45.2,-79.88,4.6,0.3
Harsh Braking,0,28.3,36.07,38.49,69.75,-25.54,64.18,56.15
Deep Discharge Warning,1,45.49,63.63,52.45,45.81,-47.02,6.64,52.3
Consecutive Fast Charging,1,46.29,69.22,79.32,48.5,-77.12,13.19,4.7
Low SoC,1,40.26,53.88,67.78,45.6,-39.82,3.41,18.92
Battery Under Voltage,1,35.35,48.12,62.31,45.17,-47.93,6.85,1.3
Thermal Overheat Surge,1,46.6,59.39,67.85,48.96,-30.73,18.25,5.25
Battery Under Voltage,1,38.19,48.16,59.99,46.81,-44.76,13.51,12.38
Battery Under Voltage,1,44.8,55.43,78.58,46.7,-53.04,5.47,2.64
Low SoC,1,54.56,64.73,80.48,47.21,-48.36,2.77,5.51
Harsh Braking,0,31.4,33.62,46.18,77.27,-1.82,87.55,26.04
Deep Discharge Warning,1,43.52,59.59,68.17,45.16,-61.59,7.09,32.42
Deep Discharge Warning,1,49.15,60.23,81.6,45.74,-57.4,0.81,0.12
Battery Under Voltage,1,45.16,57.85,87.12,47.49,-33.07,1.08,1.1
Battery Under Voltage,1,60.02,64.0,83.54,47.99,-33.12,13.81,46.07
Deep Discharge Warning,1,39.02,46.35,68.81,46.74,-45.16,10.05,19.67
Harsh Acceleration,0,36.99,44.84,45.46,72.99,-6.82,74.96,21.1
Harsh Acceleration,0,35.07,40.13,31.52,66.39,-15.88,51.57,42.53
Harsh Acceleration,0,29.5,31.87,38.82,78.76,-4.34,92.61,39.08
Deep Discharge Warning,1,33.36,36.24,70.2,45.48,-58.02,5.35,16.35
Battery Under Voltage,1,46.08,61.24,74.19,46.07,-91.59,4.81,5.59
Low SoC,1,36.31,54.71,52.25,45.32,-44.12,0.38,2.97
Low SoC,1,59.2,73.18,81.64,47.18,-12.64,9.26,23.86
Low SoC,1,42.7,61.41,59.34,44.75,-83.37,1.83,3.15
Battery Under Voltage,1,46.05,57.56,62.35,46.72,-66.49,2.28,12.04
Harsh Braking,0,27.96,32.22,33.84,77.98,7.95,93.53,15.71
Low SoC,1,51.95,64.37,79.68,43.04,-31.75,0.64,0.83
Deep Discharge Warning,1,43.79,55.72,74.07,47.57,-24.59,13.0,11.58
Harsh Braking,0,28.67,34.17,39.05,79.2,-18.33,97.47,28.6
Deep Discharge Warning,1,47.36,58.43,79.83,46.72,-68.7,0.77,8.24
Harsh Cornering,0,24.93,28.44,33.56,68.58,-3.05,58.92,37.04
Battery Under Voltage,1,46.39,60.55,66.66,46.31,-12.48,17.21,11.91
Deep Discharge Warning,1,34.52,46.74,68.9,44.79,-59.18,2.88,9.33
OverSpeed,0,35.56,39.96,44.2,63.17,-25.72,40.76,21.89
Harsh Braking,0,28.19,34.34,39.64,78.05,-21.82,92.72,42.04
Harsh Cornering,0,29.66,37.66,41.3,62.03,-14.68,40.12,18.28
Harsh Braking,0,28.59,38.13,43.79,68.83,-15.46,57.17,18.87
Low SoC,1,46.67,57.97,62.17,46.24,-48.89,1.68,7.48
Low SoC,1,52.17,63.87,60.78,47.57,-33.64,9.76,15.98
Battery Under Voltage,1,32.8,43.18,49.51,46.39,-17.41,10.96,5.13
Harsh Braking,0,34.87,37.4,51.62,71.59,1.81,70.12,22.78
Low SoC,1,46.32,61.18,75.09,45.89,-54.19,4.27,3.09
Deep Discharge Warning,1,39.97,51.15,58.66,44.41,-45.14,17.09,0.04
Low SoC,1,38.59,54.05,66.85,45.29,-55.63,1.26,13.78
OverSpeed,0,28.7,33.7,43.12,68.73,-18.53,56.04,21.77
Deep Discharge Warning,1,27.27,45.36,49.21,45.11,-50.28,8.79,3.99
Deep Discharge Warning,1,48.53,62.37,65.47,47.57,-60.28,15.71,3.65
Deep Discharge Warning,1,34.21,47.3,64.01,44.86,-46.75,2.02,7.32
Harsh Cornering,0,28.14,35.45,37.95,69.2,-6.96,61.12,36.87
Low SoC,1,43.97,50.48,73.6,45.92,-45.03,5.27,7.7
Harsh Braking,0,21.83,31.48,37.02,65.41,-13.05,54.94,30.45
Harsh Braking,0,23.31,28.67,33.05,70.93,-8.85,65.37,29.41
Harsh Acceleration,0,33.71,38.32,46.92,68.46,-7.66,56.99,44.09
Harsh Braking,0,31.39,41.97,47.65,77.38,0.35,89.22,47.56
Harsh Cornering,0,28.81,36.51,50.95,68.41,-5.56,57.47,30.51
Battery Under Voltage,1,31.73,41.3,41.68,46.76,-46.62,3.33,40.24
OverSpeed,0,34.01,43.42,46.09,71.15,0.79,71.69,50.62
Harsh Braking,0,33.97,39.19,51.08,70.53,-6.63,65.56,23.41
Low SoC,1,28.03,45.16,66.12,47.87,-40.72,13.39,10.9
Low SoC,1,34.53,50.56,48.64,45.91,-31.82,5.59,3.16
Consecutive Fast Charging,1,52.34,67.65,72.52,47.7,-21.16,12.12,11.49
Deep Discharge Warning,1,24.74,30.4,47.59,48.49,-7.54,7.98,5.67
Harsh Acceleration,0,24.23,32.64,32.31,73.12,-22.4,75.54,47.48
Harsh Braking,0,31.27,37.15,44.77,70.64,-3.33,65.37,30.61
Battery Under Voltage,1,62.62,71.78,80.68,47.23,-44.51,14.37,3.4
Harsh Braking,0,30.04,36.99,38.9,74.15,-26.5,78.79,37.77
Low SoC,1,40.58,60.67,50.38,46.27,-26.4,4.58,37.38
Battery Under Voltage,1,46.78,54.57,67.89,45.65,-63.93,9.51,9.25
Harsh Braking,0,30.11,35.54,45.76,65.49,-12.62,45.42,36.05
OverSpeed,0,23.09,28.19,42.43,69.78,-11.63,58.1,28.85
Harsh Acceleration,0,25.54,32.11,37.52,78.14,-23.52,92.42,30.26
Thermal Overheat Surge,1,36.73,47.97,65.5,45.06,-57.43,2.2,6.14
Battery Under Voltage,1,32.81,47.14,49.17,49.12,-35.88,11.66,2.94
Thermal Overheat Surge,1,58.89,71.61,77.35,46.33,-41.05,0.21,13.61
Low SoC,1,53.09,71.74,74.04,44.09,-46.07,2.45,11.49
Harsh Cornering,0,36.99,45.58,46.56,72.86,-17.76,80.53,38.71
Deep Discharge Warning,1,48.97,60.53,82.89,45.75,-46.4,4.43,8.22
Harsh Acceleration,0,32.04,37.21,45.72,79.31,-23.67,93.74,21.94
Harsh Braking,0,29.76,31.76,44.59,76.21,2.09,83.94,41.61
Harsh Cornering,0,28.49,39.68,45.94,63.92,0.64,42.77,29.16
Battery Under Voltage,1,44.4,57.93,78.31,46.54,-65.54,14.07,37.07
Harsh Acceleration,0,26.78,38.06,32.69,73.83,-3.94,80.02,28.63
Harsh Cornering,0,25.59,32.44,38.35,68.29,-22.97,57.3,16.27
Deep Discharge Warning,1,47.09,59.68,84.64,50.59,-58.12,18.69,15.77
Harsh Braking,0,33.34,39.26,55.65,64.14,-19.74,42.08,20.9
Harsh Acceleration,0,32.46,40.35,39.31,73.37,-14.28,76.08,15.98
Deep Discharge Warning,1,41.68,53.54,55.04,48.57,-79.55,12.29,13.49
Harsh Braking,0,28.31,31.2,39.29,68.45,-18.9,61.05,46.4
Battery Under Voltage,1,59.48,73.24,89.11,45.26,-48.57,2.1,8.02
Low SoC,1,41.72,45.28,64.26,49.01,-37.31,11.71,36.04
Harsh Braking,0,27.06,33.74,40.22,74.63,10.31,87.44,39.62
Deep Discharge Warning,1,48.31,62.12,55.77,47.45,-36.23,7.16,5.12
Consecutive Fast Charging,1,38.79,51.06,52.25,49.16,-25.7,12.23,0.37
Harsh Acceleration,0,30.17,37.17,40.32,69.46,8.29,61.5,25.39
Low SoC,1,49.09,66.17,77.27,48.9,-44.57,20.97,4.28
Harsh Braking,0,31.23,33.57,31.29,62.71,-35.74,40.84,14.97
Harsh Cornering,0,29.7,34.15,46.31,64.85,-11.3,41.23,37.09
Deep Discharge Warning,1,41.73,53.68,76.9,46.49,-61.01,7.21,24.33
OverSpeed,0,30.32,33.68,46.71,70.82,-17.09,65.86,41.76
Harsh Braking,0,30.87,42.49,47.78,64.13,-14.01,47.62,21.23
Low SoC,1,31.44,42.54,57.42,49.11,-57.68,13.22,2.68
Deep Discharge Warning,1,47.82,60.24,85.46,43.19,-54.47,4.43,2.05
Harsh Braking,0,38.52,47.08,48.3,77.28,-29.63,93.35,40.38
Harsh Cornering,0,31.42,36.78,37.73,78.62,-16.35,93.96,37.08
Harsh Acceleration,0,25.14,37.09,38.03,65.33,-27.89,49.06,57.63
Harsh Acceleration,0,30.47,35.99,39.8,69.62,-12.12,66.74,19.36
Deep Discharge Warning,1,35.13,47.28,52.92,47.76,-47.54,2.21,0.48
Battery Under Voltage,1,49.28,61.95,69.51,43.38,-39.02,1.6,1.79
OverSpeed,0,27.2,33.46,46.7,70.75,-19.76,62.43,29.83
Harsh Acceleration,0,35.03,44.6,41.84,76.22,-15.82,83.53,32.25
Battery Under Voltage,1,42.74,55.77,63.61,43.9,-40.37,2.43,68.63
Deep Discharge Warning,1,26.48,41.57,55.48,46.44,-50.8,2.01,18.08
Low SoC,1,31.49,48.09,69.56,45.85,-14.54,5.78,3.21
Harsh Acceleration,0,33.95,34.63,51.08,77.62,-19.89,91.87,38.07
Low SoC,1,49.02,64.06,82.65,46.94,-15.29,5.51,28.86
Deep Discharge Warning,1,49.4,58.72,72.73,50.48,-48.63,18.18,59.43
Deep Discharge Warning,1,45.92,57.95,58.0,47.36,-43.39,7.09,0.81
Harsh Acceleration,0,36.15,47.22,44.87,71.39,-7.72,65.62,26.21
Deep Discharge Warning,1,39.95,48.37,74.97,46.57,-55.78,10.06,21.84
Harsh Acceleration,0,24.49,29.47,31.05,74.31,-10.87,86.97,32.59
Low SoC,1,53.0,69.41,85.88,44.35,-41.98,2.17,0.24
Battery Under Voltage,1,38.78,51.89,66.67,48.83,-52.88,19.28,1.71
Thermal Overheat Surge,1,48.03,66.58,68.95,46.37,-33.64,3.26,9.46
Low SoC,1,43.61,49.79,68.06,48.05,-27.77,6.99,5.81
Harsh Braking,0,31.33,39.55,47.71,74.33,-10.94,83.46,27.89
Harsh Acceleration,0,34.75,38.91,36.49,70.85,-21.0,61.91,24.88
Low SoC,1,40.52,61.34,75.39,44.76,-51.07,7.17,2.62
Low SoC,1,49.23,58.51,73.74,45.02,-54.94,2.79,32.25
Thermal Overheat Surge,1,39.11,42.92,64.2,47.01,-42.58,9.01,15.16
Low SoC,1,40.81,57.26,63.66,46.24,-53.98,6.4,3.48
Harsh Braking,0,31.4,37.05,45.53,77.05,-16.26,89.08,13.04
Harsh Acceleration,0,29.78,36.87,48.19,77.71,-14.98,91.83,35.83
Low SoC,1,47.14,66.57,67.49,47.47,-46.25,12.64,1.76
Battery Under Voltage,1,37.98,51.59,64.64,47.45,-66.98,10.32,21.78
Thermal Overheat Surge,1,35.34,47.7,58.32,50.42,-38.34,24.28,1.65
Low SoC,1,50.35,57.11,82.47,45.52,-26.13,10.64,1.92
Harsh Braking,0,26.38,29.63,34.53,73.67,-34.05,80.82,11.73
Harsh Braking,0,21.31,26.22,31.47,75.46,-22.72,84.04,29.6
Harsh Braking,0,37.78,43.4,44.48,65.01,-15.62,40.21,34.56
Consecutive Fast Charging,1,41.94,53.25,72.78,44.64,-43.74,5.36,4.56
Harsh Acceleration,0,20.56,26.92,35.5,76.85,-33.51,87.28,33.06
Low SoC,1,37.45,48.48,77.64,48.8,-29.23,11.78,0.1
Deep Discharge Warning,1,49.93,61.43,74.11,47.99,-51.51,19.26,29.15
Consecutive Fast Charging,1,50.61,61.73,66.61,47.39,-32.57,8.02,12.24
Harsh Braking,0,30.46,36.51,43.08,73.38,-20.43,73.69,49.68
Harsh Acceleration,0,29.14,32.75,39.41,75.94,-8.67,79.44,20.37
Deep Discharge Warning,1,36.55,45.65,64.17,46.49,-29.15,11.51,3.43
Harsh Acceleration,0,24.85,32.93,39.66,69.47,-17.57,62.27,24.42
Harsh Braking,0,26.04,32.13,32.89,73.54,-29.37,77.27,23.19
Harsh Cornering,0,21.99,25.43,44.23,71.58,-26.24,72.86,3.61
Harsh Acceleration,0,32.87,39.07,48.49,63.79,-0.88,44.07,16.95
Harsh Cornering,0,32.67,39.92,53.27,70.12,-9.55,69.6,42.82
Battery Under Voltage,1,38.46,50.99,63.74,47.88,-38.7,5.86,33.88
Harsh Acceleration,0,31.53,36.47,38.08,71.76,0.88,69.77,40.06
Deep Discharge Warning,1,56.36,70.71,83.07,46.18,-20.01,3.13,15.88
Low SoC,1,52.38,64.24,77.29,48.64,-41.55,9.1,0.89
Deep Discharge Warning,1,30.84,45.97,58.67,44.96,-26.4,4.29,32.61
Harsh Acceleration,0,31.27,36.47,36.69,75.5,-2.94,83.71,32.42
Harsh Acceleration,0,28.73,32.31,39.63,69.83,-3.26,64.27,54.2
Harsh Acceleration,0,29.28,34.26,40.47,65.24,-6.59,45.56,27.49
Battery Under Voltage,1,30.61,48.61,60.83,48.99,-53.68,9.7,9.9
Low SoC,1,44.71,63.24,72.16,44.88,-67.91,3.05,3.84
Deep Discharge Warning,1,42.49,57.53,72.03,47.66,-46.93,7.99,2.8
Low SoC,1,52.63,69.66,86.22,45.36,-21.82,7.37,76.21
Harsh Acceleration,0,32.53,37.7,48.74,68.54,-16.39,59.37,41.71
Consecutive Fast Charging,1,39.87,44.74,68.0,44.46,-15.56,2.75,28.64
Low SoC,1,37.69,43.01,67.39,45.44,-50.35,0.77,21.73
Harsh Acceleration,0,32.14,35.55,34.37,66.98,-10.35,51.42,33.19
Harsh Acceleration,0,27.25,33.49,45.87,71.94,-31.47,68.64,41.4
Harsh Braking,0,21.25,25.86,38.05,68.72,-19.18,58.89,18.24
Deep Discharge Warning,1,54.2,63.18,82.09,46.64,-23.51,5.19,17.5
Harsh Braking,0,27.01,25.24,38.24,74.25,-23.66,83.35,40.12
Harsh Braking,0,26.03,30.51,35.9,77.04,-17.49,87.66,22.94
Harsh Acceleration,0,29.8,38.59,47.84,62.92,-27.37,40.67,24.39
Harsh Braking,0,28.87,35.82,36.59,68.74,-17.46,58.68,29.35
Harsh Acceleration,0,28.13,33.93,41.98,71.41,-10.19,70.81,20.62
Harsh Cornering,0,33.44,38.79,47.41,73.15,-26.45,77.98,32.29
Harsh Acceleration,0,31.61,35.95,33.4,73.79,-17.03,77.17,5.26
Deep Discharge Warning,1,41.66,51.03,75.34,45.26,-53.68,4.49,4.57
Battery Under Voltage,1,44.73,57.91,68.89,44.47,-19.19,2.43,3.83
Harsh Cornering,0,36.87,46.56,45.37,69.91,-13.47,60.87,27.3
Low SoC,1,49.51,58.45,69.9,46.9,-46.97,4.18,1.37
Deep Discharge Warning,1,28.93,43.88,58.15,46.04,-37.39,3.46,1.01
Battery Under Voltage,1,45.66,60.83,81.44,45.15,-56.03,4.45,11.61
Deep Discharge Warning,1,44.55,48.35,65.55,48.35,-37.56,11.73,15.71
Harsh Braking,0,30.39,34.44,49.29,67.78,-17.37,52.5,9.32
Harsh Cornering,0,25.76,31.73,25.39,75.44,-23.61,78.67,47.81
Low SoC,1,34.22,41.92,77.72,46.68,-39.87,1.65,19.46
Battery Under Voltage,1,39.42,45.99,55.99,48.59,-55.19,9.77,36.42
Deep Discharge Warning,1,53.35,63.79,79.0,47.06,-48.54,9.15,21.98
Consecutive Fast Charging,1,45.91,68.81,66.79,43.55,-38.88,2.86,6.25
Battery Under Voltage,1,33.76,46.85,60.27,45.89,-28.6,14.88,6.25
Harsh Braking,0,30.45,37.51,37.51,72.83,-5.8,76.99,23.94
Harsh Braking,0,27.63,32.19,41.73,65.4,-12.18,46.26,39.8
OverSpeed,0,30.55,38.61,49.25,64.65,-48.07,47.95,31.23
Deep Discharge Warning,1,51.45,61.32,78.37,46.74,-55.76,10.3,18.37
Low SoC,1,44.57,56.68,72.45,45.61,-27.73,17.86,37.02
Harsh Braking,0,34.62,45.86,49.24,64.59,-4.32,43.65,29.25
Harsh Braking,0,30.48,41.23,46.36,74.7,-28.57,82.36,37.86
Battery Under Voltage,1,38.01,56.46,50.42,45.71,-49.97,1.82,13.08
Low SoC,1,45.49,50.82,70.59,46.7,-47.01,3.05,8.84
Deep Discharge Warning,1,37.03,46.94,61.35,42.99,-29.27,3.19,27.13
Harsh Braking,0,30.71,34.64,40.46,71.06,-18.62,67.07,43.37
Deep Discharge Warning,1,24.19,36.7,46.99,49.34,-83.2,16.62,3.63
Harsh Braking,0,26.55,34.4,37.33,75.89,-9.1,88.44,31.69
Harsh Braking,0,27.12,33.88,39.76,63.4,-4.65,42.55,37.66
Harsh Acceleration,0,25.68,27.53,36.69,61.98,-5.28,40.41,8.1
Deep Discharge Warning,1,36.26,56.18,53.04,49.68,-34.1,24.35,14.35
Deep Discharge Warning,1,40.79,55.34,69.75,45.2,-83.6,4.3,14.54
Deep Discharge Warning,1,41.28,56.78,52.18,50.08,-23.81,16.98,41.76
Harsh Braking,0,29.19,31.81,31.73,74.5,-6.29,83.45,47.79
Harsh Acceleration,0,23.71,30.12,38.26,76.27,-25.15,85.78,30.85
OverSpeed,0,37.06,45.55,40.91,74.67,-15.89,83.54,24.89
Deep Discharge Warning,1,34.29,48.96,58.32,47.13,-39.36,1.42,1.36
Harsh Braking,0,31.97,34.99,51.06,63.86,12.87,40.4,41.67
Deep Discharge Warning,1,51.29,56.76,62.18,47.11,-31.23,9.09,10.66
Harsh Acceleration,0,29.25,36.51,40.88,66.09,-17.94,53.41,39.56
Harsh Acceleration,0,31.91,39.65,37.46,68.66,-14.91,58.08,39.84
Harsh Acceleration,0,35.01,47.69,49.87,71.29,-18.61,72.86,13.59
Harsh Braking,0,30.51,37.5,40.68,78.04,-44.49,89.92,24.14
Harsh Braking,0,27.89,34.9,40.17,62.71,-15.13,40.52,30.48
Deep Discharge Warning,1,57.62,78.82,89.94,48.7,-70.96,12.59,3.45
Harsh Acceleration,0,28.68,34.79,46.43,78.75,-27.26,92.6,40.86
Deep Discharge Warning,1,54.22,68.83,61.93,45.28,-44.81,1.75,12.36
OverSpeed,0,30.63,36.94,46.05,63.98,-12.75,49.33,44.43
Harsh Acceleration,0,22.86,32.41,33.07,74.99,-21.84,80.33,49.8
Harsh Acceleration,0,34.32,39.37,41.53,78.75,-12.77,92.4,37.55
Low SoC,1,50.84,62.32,75.55,46.24,-24.45,2.57,19.31
Low SoC,1,44.93,54.52,81.89,44.28,-18.44,1.42,12.18
Deep Discharge Warning,1,36.04,53.15,69.97,47.51,-49.92,9.65,26.33
Harsh Acceleration,0,25.6,34.32,34.41,73.41,-28.43,77.49,14.06
Harsh Cornering,0,30.57,39.03,44.57,63.99,-29.89,49.24,30.07
Harsh Acceleration,0,27.44,27.25,41.39,63.02,0.54,42.23,33.69
Harsh Acceleration,0,37.99,47.25,49.58,64.09,-19.64,44.92,0.91
Harsh Acceleration,0,29.46,34.03,37.71,71.44,-14.73,69.86,43.36
Harsh Braking,0,35.45,42.36,50.55,73.63,-11.26,73.13,32.14
Low SoC,1,40.52,45.52,77.07,48.75,-44.42,15.49,2.23
Battery Under Voltage,1,40.6,51.39,54.26,47.04,-56.93,0.59,23.68
Harsh Braking,0,26.48,35.5,34.2,70.74,-8.34,67.87,22.73
Deep Discharge Warning,1,43.59,58.21,69.24,46.67,-56.4,5.79,29.62
Harsh Cornering,0,28.54,37.0,35.24,67.17,-13.26,52.53,45.54
Low SoC,1,43.08,55.89,80.63,45.79,-40.51,5.14,10.22
OverSpeed,0,30.4,37.43,43.15,78.06,-19.14,94.1,24.43
Low SoC,1,35.75,49.59,71.92,43.87,-63.04,2.92,17.99
Harsh Cornering,0,28.54,29.16,50.88,75.67,-4.11,83.34,30.13
Harsh Braking,0,31.71,39.27,38.41,73.23,-36.4,80.29,35.52
Deep Discharge Warning,1,35.76,43.41,57.48,48.66,-45.82,14.7,7.39
Thermal Overheat Surge,1,54.05,68.25,93.39,44.3,-38.83,3.39,13.73
Deep Discharge Warning,1,54.43,64.27,65.84,45.68,-40.67,5.45,17.44
Harsh Braking,0,27.5,35.18,32.25,71.45,-11.63,66.32,27.87
Harsh Acceleration,0,28.54,36.26,41.25,71.21,-16.31,69.68,19.34
Harsh Braking,0,33.25,37.59,42.35,65.54,-5.45,50.89,26.51
OverSpeed,0,36.41,42.57,46.66,68.43,-11.09,57.87,30.69
Deep Discharge Warning,1,36.0,47.66,62.39,47.07,-38.16,13.07,13.08
Thermal Overheat Surge,1,31.78,45.45,53.18,47.71,-55.33,9.01,9.64
Harsh Acceleration,0,31.85,36.15,44.31,68.87,-15.26,61.35,24.37
OverSpeed,0,27.75,32.02,43.37,79.16,-22.64,95.73,39.17
Deep Discharge Warning,1,37.88,53.35,59.9,46.06,-63.72,10.26,14.7
Harsh Acceleration,0,32.87,43.22,39.08,68.52,-19.1,56.62,34.14
Low SoC,1,39.2,52.98,66.59,47.32,-35.61,7.88,1.97
OverSpeed,0,25.3,31.73,37.15,78.21,-9.82,94.16,21.62
Deep Discharge Warning,1,36.84,52.51,58.81,48.23,-41.01,11.04,9.27
Deep Discharge Warning,1,34.22,39.62,68.51,46.69,-48.63,4.02,26.38
Harsh Acceleration,0,33.43,36.55,42.91,66.84,-3.64,55.33,23.87
Harsh Acceleration,0,31.39,38.88,48.02,70.94,-29.42,70.82,24.25
Battery Under Voltage,1,47.45,61.76,68.16,46.88,-49.1,1.24,14.38
Harsh Acceleration,0,32.19,38.02,41.05,64.39,-20.41,41.01,25.51
Deep Discharge Warning,1,34.46,53.13,57.92,44.66,-18.35,6.07,29.03
Battery Under Voltage,1,39.13,55.02,66.67,47.68,-57.86,7.26,18.73
Harsh Cornering,0,31.06,38.63,41.07,70.76,-10.08,64.9,27.65
Deep Discharge Warning,1,53.08,67.77,71.78,46.02,-33.61,7.95,28.33
Low SoC,1,39.98,60.33,61.39,45.52,-60.28,15.01,2.38
Low SoC,1,40.81,56.21,68.61,46.16,-28.98,5.59,2.57
Battery Under Voltage,1,38.94,49.78,80.54,47.12,-50.9,9.14,24.84
OverSpeed,0,33.15,41.22,36.92,73.56,-9.32,80.09,13.14
Deep Discharge Warning,1,60.1,69.36,96.68,46.77,-65.87,5.81,11.29
Harsh Braking,0,26.32,35.71,33.21,70.02,1.05,66.64,36.9
OverSpeed,0,30.07,36.6,44.58,68.87,-18.08,64.83,27.27
Thermal Overheat Surge,1,41.73,47.43,68.78,48.18,-57.98,6.56,82.68
OverSpeed,0,32.5,40.52,35.56,64.15,-21.53,42.19,11.95
Battery Under Voltage,1,43.45,56.1,65.96,47.07,-31.15,4.06,24.61
Battery Under Voltage,1,34.61,46.52,53.05,48.21,-54.18,13.84,2.82
Harsh Braking,0,31.32,36.43,44.4,62.73,-19.07,44.61,44.19
Deep Discharge Warning,1,38.23,50.15,62.13,46.83,-8.31,13.84,9.31
Harsh Braking,0,33.7,40.07,44.78,71.94,-2.47,68.99,27.78
Consecutive Fast Charging,1,35.05,47.42,42.45,45.63,-34.59,11.98,21.51
Battery Under Voltage,1,47.21,50.33,74.42,46.37,-34.4,4.16,2.64
OverSpeed,0,26.9,35.36,40.3,73.39,-8.75,76.8,35.21
Consecutive Fast Charging,1,56.48,72.76,94.07,43.33,-67.36,5.37,7.76
Harsh Acceleration,0,30.8,37.97,46.99,77.78,-8.0,94.19,23.11
Deep Discharge Warning,1,58.86,73.59,90.85,45.35,-50.52,7.82,3.1
OverSpeed,0,30.65,40.21,44.38,69.34,-8.83,64.02,36.68
Low SoC,1,46.83,55.86,61.31,44.87,-13.29,4.87,2.95
Harsh Braking,0,35.47,39.17,51.54,71.86,-2.08,65.85,27.37
Consecutive Fast Charging,1,49.45,62.28,77.19,49.42,-21.44,18.04,7.54
Deep Discharge Warning,1,41.64,46.68,58.94,48.53,-60.16,12.31,20.55
Harsh Acceleration,0,28.88,37.23,37.41,78.23,-5.47,89.83,5.94
Harsh Braking,0,35.65,39.56,44.7,64.34,-16.49,42.63,54.18
Consecutive Fast Charging,1,34.45,47.0,59.91,48.59,-29.99,17.84,2.5
Deep Discharge Warning,1,39.12,41.9,58.63,47.29,-33.76,6.33,33.06
Deep Discharge Warning,1,49.41,61.88,64.83,45.57,-59.81,1.58,8.66
Harsh Acceleration,0,28.41,33.56,42.92,65.94,-20.27,50.7,38.17
Harsh Braking,0,34.51,41.47,52.84,67.52,-34.27,55.26,24.82
OverSpeed,0,38.48,42.84,41.93,74.27,-18.67,80.42,20.37
Low SoC,1,53.72,70.9,82.29,46.72,-47.98,4.36,8.49
Battery Under Voltage,1,33.7,39.58,65.34,44.43,-82.86,0.88,0.62
Deep Discharge Warning,1,32.47,41.37,45.02,46.02,-28.85,4.9,2.71
Deep Discharge Warning,1,67.87,80.04,100.75,48.05,-40.31,18.02,5.68
Harsh Braking,0,28.83,32.23,36.67,69.48,-15.18,56.46,39.42
Harsh Braking,0,22.45,27.01,33.9,73.1,-22.77,79.14,44.26
Deep Discharge Warning,1,48.25,59.21,53.78,49.46,-5.12,23.65,4.2
Deep Discharge Warning,1,37.68,51.62,46.21,46.92,-53.79,10.84,4.16
Harsh Cornering,0,34.41,44.69,44.3,69.76,-26.65,66.39,41.67
Harsh Braking,0,21.52,29.9,30.62,71.27,-9.42,71.14,40.55
Consecutive Fast Charging,1,28.21,44.12,47.92,46.93,-70.85,7.07,57.76
Deep Discharge Warning,1,45.91,52.15,60.45,45.69,-75.88,5.67,22.1
Harsh Acceleration,0,33.3,39.4,46.19,73.17,-4.99,74.61,23.45
Low SoC,1,39.03,47.94,70.84,49.64,-46.33,9.43,21.03
Harsh Acceleration,0,23.14,31.14,32.6,73.54,-18.52,77.02,25.92
Low SoC,1,54.46,64.81,82.46,49.87,-46.3,15.13,21.8
Harsh Acceleration,0,21.1,29.3,34.47,64.36,-17.27,43.41,29.19
Harsh Braking,0,29.77,33.37,40.93,73.58,-24.0,79.13,36.77
Harsh Cornering,0,34.34,38.85,46.42,76.79,-16.49,88.6,38.4
Harsh Cornering,0,33.11,41.5,48.3,64.38,-21.32,43.58,33.3
Harsh Braking,0,36.5,40.11,42.35,71.25,-18.85,66.67,18.41
Harsh Braking,0,28.91,36.95,36.14,68.94,-19.68,57.9,24.08
OverSpeed,0,32.19,39.76,42.36,66.11,-7.95,49.6,43.07
Harsh Acceleration,0,29.03,39.71,33.95,78.83,-27.72,97.22,38.44
Deep Discharge Warning,1,45.23,58.09,73.61,47.01,-29.44,8.16,22.24
Deep Discharge Warning,1,37.86,47.68,62.61,46.03,-10.19,6.25,27.61
Consecutive Fast Charging,1,48.56,58.52,67.92,47.75,-34.39,6.36,4.02
OverSpeed,0,25.32,33.62,36.69,63.35,-18.58,40.04,34.14
Harsh Braking,0,31.93,39.01,48.73,66.58,-16.71,49.59,8.1
Harsh Cornering,0,32.54,38.08,41.95,70.25,-26.44,62.79,20.58
Harsh Acceleration,0,26.67,32.16,46.51,73.12,-18.01,75.39,43.97
Deep Discharge Warning,1,35.39,49.32,60.65,46.51,-45.39,1.64,7.34
Harsh Acceleration,0,32.11,39.78,40.92,63.15,-16.9,42.6,38.27
Harsh Braking,0,27.79,35.5,39.03,64.92,-27.75,40.51,28.0
Harsh Acceleration,0,28.12,35.87,38.06,69.07,-10.25,60.04,42.39
Harsh Cornering,0,29.4,36.32,44.94,78.44,-8.48,94.97,31.61
Deep Discharge Warning,1,38.19,48.99,63.07,45.07,-47.45,5.2,0.41
Deep Discharge Warning,1,48.87,65.25,76.26,45.79,-51.28,4.39,2.53
Deep Discharge Warning,1,42.64,51.63,59.49,45.92,-35.24,8.91,15.53
OverSpeed,0,27.01,33.05,39.55,78.0,-15.47,95.86,18.3
Harsh Braking,0,20.16,29.49,37.04,69.72,-10.83,64.43,30.22
Harsh Acceleration,0,25.18,30.8,45.76,64.34,-4.16,45.87,22.35
Harsh Acceleration,0,29.71,35.67,37.46,68.28,-40.71,56.05,33.86
Low SoC,1,55.17,69.56,70.17,47.44,-46.96,6.4,6.3
OverSpeed,0,35.22,39.91,50.55,75.56,-2.55,81.57,25.69
Deep Discharge Warning,1,42.81,60.42,72.68,46.82,-53.19,5.53,6.43
Battery Under Voltage,1,41.21,51.59,59.07,45.24,-61.22,5.35,4.14
Harsh Cornering,0,26.49,30.81,32.17,63.58,-19.27,43.92,28.01
Battery Under Voltage,1,44.87,56.18,78.32,45.4,-38.67,2.29,23.34
Harsh Acceleration,0,34.32,41.56,44.57,78.96,-27.39,92.7,42.07
Deep Discharge Warning,1,38.22,53.02,46.93,47.07,-50.21,11.45,3.56
Deep Discharge Warning,1,39.08,47.98,65.71,44.16,-50.69,0.77,1.14
Harsh Braking,0,21.02,25.18,36.14,74.37,-14.91,76.45,49.76
Low SoC,1,52.59,65.7,77.08,43.69,-52.77,4.43,12.22
Deep Discharge Warning,1,39.83,52.87,50.31,47.22,-61.22,5.5,5.19
Battery Under Voltage,1,39.48,49.46,68.88,45.19,-47.64,10.83,25.73
Harsh Acceleration,0,23.97,29.28,31.71,66.21,-13.98,48.16,31.2
Deep Discharge Warning,1,47.45,61.17,84.0,49.89,-49.33,13.14,6.64
Harsh Braking,0,28.45,37.2,40.53,77.77,-17.95,94.48,38.36
Harsh Acceleration,0,32.06,37.69,36.9,70.14,-5.0,62.44,23.55
Harsh Cornering,0,28.07,32.72,31.59,78.85,-18.77,91.91,29.92
Harsh Acceleration,0,31.51,38.77,43.91,65.2,-10.91,44.37,46.11
Harsh Acceleration,0,26.54,30.52,43.77,73.33,-19.31,79.55,19.3
Harsh Braking,0,31.5,40.9,49.29,70.35,-7.82,61.45,30.55
Harsh Acceleration,0,20.89,28.49,41.36,77.13,7.97,89.12,22.46
Harsh Cornering,0,27.95,35.0,38.5,77.39,-22.84,89.9,51.82
Harsh Acceleration,0,28.82,30.59,39.64,74.11,-13.4,75.67,35.19
Harsh Cornering,0,29.84,34.94,41.94,73.84,-6.25,78.06,25.43
Deep Discharge Warning,1,51.77,62.31,70.7,46.07,-62.86,8.38,3.28
Battery Under Voltage,1,47.4,58.54,70.51,44.58,-69.98,5.17,7.42
OverSpeed,0,29.04,32.45,39.72,64.97,-30.14,44.48,3.26
OverSpeed,0,29.82,33.06,37.95,73.99,-23.08,82.32,28.4
OverSpeed,0,24.77,29.1,32.82,68.88,-7.22,56.97,41.37
Harsh Braking,0,31.56,39.11,47.99,63.99,-23.84,41.79,30.49
Battery Under Voltage,1,38.93,52.92,57.96,46.78,-43.83,3.69,2.12
Harsh Braking,0,29.95,39.18,39.01,75.45,-16.82,80.06,69.58
Deep Discharge Warning,1,45.18,60.74,60.82,50.37,-48.27,13.57,48.7
Harsh Cornering,0,29.42,37.41,34.71,69.59,-11.5,67.19,29.24
OverSpeed,0,38.24,38.33,57.7,64.73,1.73,48.07,30.42
Low SoC,1,58.21,72.34,105.82,45.6,-58.09,14.78,6.65
Deep Discharge Warning,1,48.81,60.75,69.98,44.76,-47.45,6.94,15.65
OverSpeed,0,31.64,39.32,42.2,71.1,-17.43,65.14,44.03
Harsh Acceleration,0,27.17,33.96,38.93,79.04,-1.54,92.15,57.29
OverSpeed,0,31.83,40.9,38.19,70.61,-9.83,65.81,31.78
Harsh Braking,0,26.4,32.43,42.08,73.49,-16.53,77.15,34.17
Harsh Acceleration,0,31.8,38.33,40.37,76.61,-9.14,91.79,27.85
Deep Discharge Warning,1,30.89,37.89,59.32,47.97,-45.34,14.17,40.55
Battery Under Voltage,1,41.14,52.55,70.28,46.24,-51.24,5.06,9.42
Harsh Braking,0,27.71,31.08,42.49,76.51,-24.81,91.27,51.81
Deep Discharge Warning,1,44.88,53.76,61.22,44.03,-56.24,5.34,15.34
Deep Discharge Warning,1,44.82,51.46,86.85,47.87,-56.67,6.32,19.21
Harsh Braking,0,31.1,35.25,47.58,76.49,-4.04,92.05,34.26
Harsh Acceleration,0,28.34,33.26,40.91,62.68,-12.61,41.08,22.3
OverSpeed,0,32.85,41.69,51.71,72.42,-14.97,72.9,28.34
Deep Discharge Warning,1,39.3,46.83,49.29,46.22,-56.6,9.89,21.7
Deep Discharge Warning,1,43.59,49.72,64.6,46.93,-55.75,12.86,17.19
Deep Discharge Warning,1,35.49,54.64,62.36,46.71,-55.26,8.86,13.76
Harsh Braking,0,27.62,33.63,47.25,65.93,-40.91,44.52,40.82
Harsh Acceleration,0,35.81,41.4,47.97,66.88,-21.6,50.25,32.13
Low SoC,1,50.33,60.22,68.07,45.15,-33.39,2.82,0.06
Harsh Braking,0,28.36,33.67,36.21,66.95,-32.64,53.7,38.82
Consecutive Fast Charging,1,55.95,69.13,83.52,46.34,-48.54,12.61,10.0
Low SoC,1,49.48,65.14,76.17,42.91,-70.1,2.03,1.3
Harsh Acceleration,0,24.88,32.28,38.24,76.21,-22.95,90.63,47.08
Thermal Overheat Surge,1,43.96,53.8,77.64,45.5,-29.79,5.26,20.13
Harsh Acceleration,0,28.19,34.58,44.53,63.94,-12.79,43.74,31.05
Harsh Acceleration,0,27.48,34.42,35.62,77.73,-23.76,93.27,30.54
Deep Discharge Warning,1,47.33,53.98,66.22,46.17,-36.93,10.25,16.75
Harsh Acceleration,0,28.95,33.42,43.6,67.61,2.56,53.56,31.69
Harsh Acceleration,0,34.39,41.1,44.43,66.17,-12.99,53.7,39.18
Harsh Braking,0,33.62,38.46,34.93,63.78,-7.17,41.66,24.86
Battery Under Voltage,1,49.18,60.83,61.61,47.67,-51.02,13.67,1.51
Thermal Overheat Surge,1,46.67,61.82,66.5,47.82,-39.36,12.66,7.55
Low SoC,1,44.09,53.66,68.02,50.74,-29.27,22.25,26.48
Deep Discharge Warning,1,45.28,59.08,68.12,47.75,-30.4,11.24,23.25
Harsh Cornering,0,33.75,40.91,53.32,74.13,-7.01,79.01,44.01
Harsh Braking,0,32.01,36.73,44.8,77.88,-13.14,95.6,25.14
Battery Under Voltage,1,38.26,50.34,60.56,45.85,-35.76,3.23,20.04
OverSpeed,0,32.43,38.66,45.33,67.66,-2.39,52.99,24.59
Harsh Acceleration,0,31.17,37.12,44.94,70.52,-9.98,65.34,57.82
Deep Discharge Warning,1,41.76,50.32,65.41,46.49,-25.94,1.51,44.51
Thermal Overheat Surge,1,43.61,55.41,84.22,46.59,-48.61,2.31,18.83
Deep Discharge Warning,1,42.63,52.45,53.6,48.42,-38.99,17.8,5.98
Low SoC,1,51.73,59.54,77.45,46.37,-53.31,5.59,1.82
Low SoC,1,47.1,58.78,67.89,46.72,-31.67,4.83,15.72
Deep Discharge Warning,1,28.46,37.32,42.24,49.56,-8.94,23.52,15.7
Harsh Acceleration,0,26.1,33.64,42.67,71.85,-19.49,71.62,37.49
Harsh Acceleration,0,35.03,44.04,46.32,74.91,-15.7,77.5,34.95
Harsh Braking,0,27.9,36.39,38.03,71.87,-22.67,72.01,50.36
Harsh Braking,0,28.31,31.16,35.39,66.44,-8.38,53.79,63.71
Harsh Acceleration,0,30.74,33.28,49.5,69.78,0.31,65.96,12.36
Deep Discharge Warning,1,56.07,68.44,81.78,44.97,-33.06,2.68,11.89
OverSpeed,0,29.51,36.21,32.38,72.17,-0.17,72.1,50.98
Harsh Braking,0,31.83,38.4,41.91,70.51,-14.08,60.24,20.89
Harsh Braking,0,22.75,27.55,38.81,70.58,-22.19,65.81,18.54
Consecutive Fast Charging,1,56.11,70.1,72.48,45.92,-57.58,2.99,18.48
Battery Under Voltage,1,43.28,52.76,61.8,47.7,-31.35,14.8,1.81
Harsh Acceleration,0,24.59,28.85,40.45,67.74,-22.11,58.35,12.45
Harsh Braking,0,30.64,33.11,38.14,69.93,-22.22,62.32,49.79
Harsh Acceleration,0,29.51,36.09,34.0,79.84,-1.34,94.39,57.14
Harsh Acceleration,0,37.29,39.31,46.4,77.17,0.24,96.39,27.02
Harsh Braking,0,28.28,36.05,38.41,68.22,-8.3,54.7,30.15
Deep Discharge Warning,1,48.3,61.04,83.38,48.58,-76.42,16.21,5.35
Deep Discharge Warning,1,44.82,53.07,63.15,44.07,-61.32,3.52,27.75
Low SoC,1,39.07,51.02,58.68,45.83,-39.9,2.3,20.53
Deep Discharge Warning,1,43.94,60.53,66.95,47.28,-58.52,5.67,38.26
OverSpeed,0,33.24,37.81,38.92,64.1,-2.69,40.91,26.28
Deep Discharge Warning,1,44.95,55.64,59.85,44.62,-31.42,2.01,20.28
Battery Under Voltage,1,48.33,58.18,66.5,44.93,-41.47,2.01,5.9
Harsh Braking,0,18.96,22.25,35.94,69.88,-21.55,66.61,39.96
Low SoC,1,42.1,52.94,73.69,47.05,-16.01,0.79,31.01
Harsh Acceleration,0,30.13,30.88,46.46,75.82,-1.16,80.42,39.47
Low SoC,1,45.8,55.17,71.69,46.3,-76.37,10.98,14.68
OverSpeed,0,29.71,34.38,44.3,68.65,-5.34,61.09,58.51
Consecutive Fast Charging,1,29.66,39.99,42.56,46.21,-72.72,2.83,1.71
Deep Discharge Warning,1,53.86,67.02,91.42,51.56,-68.26,21.82,33.84
Harsh Acceleration,0,31.09,38.18,38.54,77.31,-24.45,91.82,18.67
Low SoC,1,36.57,51.76,50.26,45.34,-38.43,10.14,11.88
Battery Under Voltage,1,41.87,58.39,77.31,48.86,-39.57,11.4,22.33
Low SoC,1,42.41,51.2,52.0,46.42,-54.62,2.91,22.77
Harsh Acceleration,0,33.1,37.53,44.95,79.32,-13.74,96.2,37.48
OverSpeed,0,28.81,35.31,37.24,74.59,-11.37,83.0,46.32
Battery Under Voltage,1,40.04,50.28,79.55,44.23,-31.85,3.31,13.06
Harsh Acceleration,0,28.23,34.93,42.81,75.57,-31.89,80.65,33.6
Harsh Braking,0,25.59,37.39,35.59,72.27,-18.67,71.8,23.9
Harsh Acceleration,0,29.58,36.39,37.02,76.89,-16.9,90.57,39.24
Deep Discharge Warning,1,36.46,47.54,67.55,50.13,-50.02,18.51,6.73
Thermal Overheat Surge,1,38.02,48.92,85.61,45.79,-61.6,9.48,4.73
Deep Discharge Warning,1,39.0,45.1,73.27,44.8,-67.03,8.26,27.83
Battery Under Voltage,1,45.32,51.33,69.78,45.5,-63.76,7.35,2.39
Harsh Acceleration,0,35.71,46.58,48.15,77.86,-15.72,94.19,18.16
Deep Discharge Warning,1,38.56,52.3,75.85,48.53,-27.24,15.04,2.69
Harsh Acceleration,0,30.32,35.92,39.64,74.17,-5.21,78.84,16.82
Harsh Braking,0,26.9,31.29,44.95,66.93,-0.6,53.2,45.47
Harsh Braking,0,31.92,36.95,47.42,75.51,-20.25,80.94,19.96
Deep Discharge Warning,1,55.64,69.41,66.43,46.07,-55.54,6.65,46.88
Harsh Acceleration,0,26.03,34.85,49.72,75.21,-2.13,81.39,47.31
Harsh Braking,0,22.56,22.29,32.02,73.68,-19.45,82.9,41.54
Deep Discharge Warning,1,38.69,59.09,56.6,48.66,-35.39,9.67,52.99
Low SoC,1,41.68,51.0,73.17,45.2,-43.34,3.78,7.87
Deep Discharge Warning,1,47.98,60.18,72.26,46.96,-72.9,9.26,14.43
Harsh Braking,0,33.7,38.86,39.39,72.21,-14.59,70.46,24.5
Harsh Acceleration,0,34.09,42.4,48.22,67.58,-9.68,52.39,24.17
Low SoC,1,38.88,49.96,59.14,45.6,-55.0,0.98,22.4
Low SoC,1,38.61,56.05,71.99,44.2,-44.05,6.48,5.14
OverSpeed,0,27.01,31.36,41.56,73.81,-11.68,79.61,22.52
Harsh Braking,0,33.47,35.13,43.58,65.67,-28.19,51.84,49.1
Harsh Braking,0,33.27,36.57,44.09,67.32,-4.81,56.14,25.04
OverSpeed,0,28.66,35.17,38.37,73.41,-39.9,76.55,24.41
Harsh Braking,0,31.2,39.62,44.65,75.84,-23.14,84.4,26.23
Low SoC,1,42.64,56.35,76.46,45.3,-32.18,5.42,74.89
Battery Under Voltage,1,40.58,55.62,80.31,44.05,-27.36,1.44,24.53
Low SoC,1,41.1,56.37,65.36,47.1,-54.86,14.91,25.79
Low SoC,1,42.77,58.25,71.57,48.21,-21.68,15.57,2.32
Deep Discharge Warning,1,47.97,54.52,73.93,46.67,-25.73,4.09,13.64
Battery Under Voltage,1,39.15,51.46,64.82,43.89,-37.63,9.82,56.09
Low SoC,1,32.91,44.31,62.86,45.64,-75.92,3.36,8.89
OverSpeed,0,24.1,27.94,30.7,76.41,-15.36,87.32,26.38
Deep Discharge Warning,1,46.96,56.04,63.22,47.57,-35.87,9.4,59.75
Low SoC,1,40.87,58.9,54.72,47.67,-54.71,8.56,3.01
Harsh Acceleration,0,29.39,35.57,40.02,77.13,-16.05,93.16,44.55
Low SoC,1,49.17,60.02,75.2,49.23,-40.84,15.42,55.75
Harsh Cornering,0,38.28,42.62,48.0,73.34,0.87,79.71,14.18
OverSpeed,0,27.7,28.42,39.03,70.4,-21.1,62.8,40.46
Harsh Braking,0,32.22,37.29,46.87,72.41,-12.12,74.4,16.88
Deep Discharge Warning,1,44.83,63.47,72.72,48.99,-43.7,9.92,14.71
Harsh Acceleration,0,28.01,32.89,41.65,71.24,-25.63,69.22,46.24
Consecutive Fast Charging,1,44.81,57.12,54.1,43.21,-46.96,3.9,6.2
Harsh Braking,0,28.6,41.37,36.99,76.55,-7.22,88.57,21.62
Harsh Cornering,0,35.69,39.76,41.1,70.29,-17.9,70.72,51.88
Low SoC,1,39.79,54.83,63.73,50.06,-30.16,12.74,19.5
Harsh Braking,0,35.24,39.81,40.82,66.67,-17.95,52.59,28.56
OverSpeed,0,33.41,36.83,50.36,77.59,-17.8,90.28,25.36
Deep Discharge Warning,1,38.87,50.45,61.37,46.02,-48.85,9.57,53.88
Thermal Overheat Surge,1,53.48,58.2,82.18,47.1,-11.07,19.46,12.3
Harsh Braking,0,27.91,33.69,29.3,67.57,-14.49,50.58,44.09
Harsh Cornering,0,30.72,40.79,51.4,65.71,-13.93,44.44,35.23
Harsh Acceleration,0,34.43,43.57,39.38,67.55,-26.49,52.56,29.17
Battery Under Voltage,1,40.16,60.55,64.17,47.15,-64.77,8.71,17.05
Harsh Braking,0,26.89,32.63,40.79,68.48,2.56,58.78,19.84
Consecutive Fast Charging,1,40.02,44.12,55.27,43.55,-39.29,3.76,4.27
OverSpeed,0,36.92,37.99,42.79,70.88,5.62,65.23,28.25
Harsh Braking,0,31.76,38.96,44.99,64.05,-18.85,47.25,21.89
Battery Under Voltage,1,40.82,59.28,83.48,46.94,-45.95,3.63,0.14
Low SoC,1,33.07,46.43,42.56,46.97,-36.01,3.93,9.36
Deep Discharge Warning,1,55.21,66.53,79.31,44.52,-44.0,7.42,0.95
OverSpeed,0,33.24,40.88,45.58,63.58,-8.42,40.64,31.36
Deep Discharge Warning,1,42.48,59.27,64.53,48.27,-44.64,9.45,1.69
Harsh Acceleration,0,25.42,36.06,40.27,76.44,-20.46,93.21,10.68
Harsh Cornering,0,36.07,42.71,49.54,70.53,-22.9,63.1,11.08
Low SoC,1,34.33,49.89,58.33,46.82,-15.38,6.3,20.08
Harsh Braking,0,27.24,33.64,36.95,75.71,-16.2,86.1,27.2
Low SoC,1,44.01,52.86,62.84,47.52,-43.99,8.14,4.3
Harsh Cornering,0,32.18,38.55,46.18,72.76,-11.57,84.06,22.55
Battery Under Voltage,1,47.15,62.86,76.09,45.6,-50.61,3.57,39.78
Harsh Cornering,0,37.78,44.42,45.02,70.1,2.94,67.4,34.11
Harsh Acceleration,0,28.72,32.28,40.28,78.2,-9.68,97.13,3.39
OverSpeed,0,28.92,32.97,40.14,73.9,-3.79,73.88,33.44
Low SoC,1,31.99,56.73,50.49,43.15,-45.37,3.42,4.24
Low SoC,1,50.3,55.85,82.45,45.03,-69.7,0.38,46.26
Harsh Acceleration,0,27.82,30.95,40.85,66.9,-26.85,52.48,36.07
Consecutive Fast Charging,1,41.53,51.95,61.26,44.69,-53.74,0.56,53.22
OverSpeed,0,28.25,32.26,46.41,66.71,-5.0,52.3,44.9
Harsh Cornering,0,24.72,27.99,30.93,66.14,-9.01,46.53,8.45
Harsh Acceleration,0,29.09,33.61,31.51,65.64,-12.99,44.72,65.71
Deep Discharge Warning,1,45.19,59.22,69.08,46.03,-31.88,8.99,7.21
Low SoC,1,53.51,66.24,80.23,45.94,-55.58,11.29,4.81
Harsh Acceleration,0,24.21,26.66,32.32,75.14,-16.88,80.93,26.94
Consecutive Fast Charging,1,34.51,46.19,54.26,48.06,-64.47,10.76,22.57
Thermal Overheat Surge,1,42.63,51.76,61.48,48.15,-57.69,10.89,0.75
Deep Discharge Warning,1,41.54,52.31,59.74,45.53,-48.41,5.42,0.01
Battery Under Voltage,1,51.58,68.6,81.89,48.01,-28.01,9.75,34.87
Deep Discharge Warning,1,37.33,49.41,63.41,44.26,-35.2,3.96,15.36
Deep Discharge Warning,1,33.27,45.68,47.33,45.39,-38.06,6.67,24.56
Battery Under Voltage,1,39.07,49.25,69.52,46.95,-64.77,10.77,4.58
Harsh Cornering,0,27.4,31.96,44.09,70.85,-7.09,67.16,19.83
Low SoC,1,51.04,59.36,78.81,49.84,-50.0,17.96,10.18
OverSpeed,0,26.21,32.67,30.35,73.03,-7.5,73.94,48.39
Thermal Overheat Surge,1,38.52,49.28,49.08,47.49,-59.01,8.13,13.38
Deep Discharge Warning,1,40.22,51.26,62.26,45.21,-42.33,5.07,4.14
Deep Discharge Warning,1,38.55,58.09,61.1,50.25,-66.93,9.07,0.39
Thermal Overheat Surge,1,39.42,49.95,51.89,47.56,-45.68,16.82,17.28
Harsh Braking,0,33.35,39.55,50.94,66.54,-14.25,53.29,25.33
Consecutive Fast Charging,1,50.25,59.59,65.56,46.89,4.42,4.96,14.2
Thermal Overheat Surge,1,49.87,61.58,83.0,45.67,-41.43,13.48,11.69
Harsh Acceleration,0,25.68,32.76,33.25,70.06,-3.74,67.96,36.46
Harsh Braking,0,26.76,33.92,34.27,79.21,-28.21,94.61,30.76
Low SoC,1,41.19,53.3,57.91,49.41,-56.27,7.38,14.15
Harsh Braking,0,34.85,43.81,45.12,67.55,-11.67,53.77,38.48
Harsh Cornering,0,34.07,45.83,48.67,75.85,-13.58,80.97,35.12
Harsh Braking,0,30.77,36.47,44.28,64.91,-4.49,47.08,44.87
Harsh Acceleration,0,33.73,40.53,40.67,68.14,-18.86,54.11,31.55
Harsh Cornering,0,34.52,42.19,43.0,69.76,-1.07,62.5,37.96
Harsh Cornering,0,25.23,33.47,33.6,62.2,-25.74,41.34,26.91
Harsh Braking,0,33.61,39.6,38.69,77.95,-7.87,92.19,23.8
Consecutive Fast Charging,1,52.74,60.42,85.88,46.92,-56.27,11.49,17.64
Harsh Braking,0,30.54,38.06,25.55,66.96,0.5,57.32,28.3
Low SoC,1,41.55,47.9,68.7,45.54,-40.81,3.02,22.27
Harsh Braking,0,23.97,34.01,44.36,77.45,-6.86,86.19,33.59
Thermal Overheat Surge,1,43.6,58.24,62.53,44.06,-49.81,4.4,1.55
Battery Under Voltage,1,55.82,73.26,94.6,49.08,-85.84,9.96,25.49
OverSpeed,0,36.21,44.48,45.29,71.39,-15.32,69.78,35.13
Harsh Braking,0,25.61,31.02,36.47,79.17,-26.96,96.47,41.34
Harsh Cornering,0,28.54,36.13,41.45,77.35,-13.13,89.81,15.01
Deep Discharge Warning,1,45.05,53.25,58.45,48.3,-39.29,18.93,31.78
Deep Discharge Warning,1,39.59,51.58,81.32,46.29,-37.36,5.91,3.02
OverSpeed,0,23.96,31.36,34.37,67.16,6.66,52.93,41.58
Harsh Acceleration,0,29.33,34.81,49.39,71.38,-8.7,70.49,45.79
Harsh Acceleration,0,27.75,34.37,32.83,70.47,-15.73,64.04,35.0
Harsh Braking,0,27.2,34.1,40.12,72.94,-29.28,72.44,37.91
Harsh Braking,0,29.65,32.63,40.57,74.67,-14.5,82.94,21.88
Low SoC,1,34.35,49.53,68.4,43.3,-56.55,6.71,8.89
Deep Discharge Warning,1,64.71,73.75,88.63,48.41,-30.69,11.26,7.89
Battery Under Voltage,1,45.01,57.96,66.48,44.9,-78.65,3.81,3.33
Deep Discharge Warning,1,37.34,45.94,73.1,48.04,-38.54,16.76,13.07
Harsh Braking,0,28.21,34.46,37.99,74.96,-23.59,83.09,40.27
Thermal Overheat Surge,1,47.48,59.46,84.23,44.91,-58.06,1.42,4.75
Deep Discharge Warning,1,57.39,69.56,78.76,44.72,-30.86,5.55,30.08
Harsh Braking,0,26.5,34.16,36.96,73.96,-12.92,78.04,43.39
Harsh Acceleration,0,35.19,41.31,52.21,74.81,9.42,83.73,39.02
Deep Discharge Warning,1,47.92,53.4,75.23,46.99,-67.02,7.95,2.05
Deep Discharge Warning,1,33.32,47.1,70.93,45.77,-54.93,9.53,14.47
Low SoC,1,30.91,36.85,41.46,45.78,-55.83,8.93,13.34
Deep Discharge Warning,1,38.93,53.19,76.72,48.48,-59.51,10.1,21.81
Harsh Braking,0,30.61,38.19,54.62,66.85,-25.18,51.77,48.19
Low SoC,1,35.19,49.29,68.2,45.67,-55.6,7.53,31.13
OverSpeed,0,29.46,33.63,40.55,75.22,-2.22,79.82,21.47
Deep Discharge Warning,1,47.15,55.1,70.09,46.13,-48.11,3.51,54.32
Harsh Acceleration,0,21.6,28.87,28.78,77.05,-9.99,92.26,14.68
Battery Under Voltage,1,53.74,65.39,83.87,44.71,-53.35,1.09,3.21
Consecutive Fast Charging,1,59.13,78.35,87.11,44.19,-43.35,8.22,18.18
Deep Discharge Warning,1,41.7,51.11,67.45,46.44,-47.59,3.48,28.09
Harsh Braking,0,31.86,39.45,41.94,70.17,-16.67,65.27,11.15
Deep Discharge Warning,1,40.12,52.76,77.79,44.43,-42.56,3.18,17.55
Harsh Braking,0,35.16,39.39,52.37,69.0,-18.76,61.27,32.76
Consecutive Fast Charging,1,44.18,58.52,67.0,44.33,-18.23,7.32,23.3
Harsh Cornering,0,38.69,47.56,48.0,67.51,-10.09,54.62,22.29
Harsh Braking,0,31.73,40.44,39.69,77.9,-37.41,92.3,0.0
Low SoC,1,43.74,49.79,74.06,47.55,-34.19,7.17,0.48
OverSpeed,0,31.94,37.61,41.41,71.85,-9.92,71.81,33.22
Deep Discharge Warning,1,42.55,54.53,58.57,49.24,-30.38,13.35,12.38
Low SoC,1,49.71,64.5,74.2,45.24,-26.41,5.06,26.91
Battery Under Voltage,1,45.74,57.28,84.55,46.52,-55.93,5.07,4.57
Deep Discharge Warning,1,29.83,45.16,42.2,46.11,-43.57,10.99,35.62
OverSpeed,0,26.94,31.19,38.95,68.55,-23.28,65.22,43.27
Harsh Acceleration,0,28.68,35.55,33.53,77.78,-16.69,91.79,35.46
Low SoC,1,52.54,64.77,70.5,47.77,-52.82,7.18,2.89
Harsh Cornering,0,27.59,32.61,46.38,75.58,-26.64,84.5,45.49
OverSpeed,0,20.79,26.46,22.74,66.95,-15.58,58.82,41.44
Harsh Acceleration,0,23.64,30.05,36.04,67.16,-9.45,57.09,28.43
Harsh Braking,0,33.17,43.5,41.77,78.54,-19.74,96.23,31.94
Low SoC,1,46.8,55.01,65.89,47.42,-36.72,8.0,20.14
Harsh Acceleration,0,29.85,33.83,35.65,66.63,-25.6,55.9,46.2
OverSpeed,0,26.11,35.26,31.49,70.31,-10.57,66.36,25.6
Harsh Acceleration,0,27.32,29.96,39.15,75.76,-11.09,84.27,16.42
Harsh Braking,0,21.88,29.26,31.66,72.13,-23.14,71.45,42.06
Deep Discharge Warning,1,38.13,53.86,65.75,43.43,-68.05,0.86,23.13
Harsh Braking,0,25.26,25.68,45.68,71.83,-32.87,74.28,47.91
Deep Discharge Warning,1,37.87,47.56,63.84,45.82,-43.77,1.28,13.61
Harsh Acceleration,0,37.1,39.59,52.22,64.2,-26.7,42.57,34.13
OverSpeed,0,35.72,43.5,51.83,72.57,-14.29,66.99,26.59
Low SoC,1,40.76,55.85,65.11,48.77,-55.25,7.31,38.82
Harsh Braking,0,36.08,43.21,47.28,71.41,-21.59,70.21,35.7
Battery Under Voltage,1,36.71,45.19,64.85,45.86,-46.56,2.93,20.76
Harsh Braking,0,26.67,32.55,46.53,71.87,-21.47,67.01,38.11
Deep Discharge Warning,1,55.39,67.28,74.96,43.29,-50.82,2.26,9.04
Harsh Acceleration,0,32.44,36.98,46.2,70.99,-20.79,70.79,32.29
Deep Discharge Warning,1,50.68,62.78,75.5,45.36,-21.9,5.84,35.97
Deep Discharge Warning,1,44.42,60.24,53.76,46.92,-40.8,12.49,26.52
Harsh Braking,0,28.87,36.88,38.23,73.11,-6.45,72.67,13.78
Deep Discharge Warning,1,45.8,60.4,71.98,47.02,-36.62,8.17,14.02
Battery Under Voltage,1,49.99,59.2,75.12,44.75,-34.91,1.04,16.46
Harsh Acceleration,0,28.86,35.92,46.25,72.97,-27.89,75.02,32.9
Harsh Cornering,0,29.2,35.38,43.17,67.1,-20.75,54.44,17.26
Harsh Acceleration,0,31.52,39.6,47.78,76.59,-2.35,85.53,24.53
Battery Under Voltage,1,26.09,33.44,44.9,47.01,-17.06,7.94,17.31
Consecutive Fast Charging,1,46.07,55.5,63.24,47.21,-40.57,11.39,17.32
Low SoC,1,52.97,58.68,77.01,45.84,-45.29,8.03,5.92
Harsh Acceleration,0,32.26,38.0,39.22,69.87,-15.33,60.88,41.85
Deep Discharge Warning,1,42.03,50.15,66.65,45.41,-54.77,3.85,18.93
Battery Under Voltage,1,52.21,60.65,69.92,47.56,-49.3,2.85,10.15
Harsh Braking,0,29.79,31.37,44.41,75.91,-14.1,88.1,50.9
Harsh Acceleration,0,23.34,28.1,34.01,69.34,-9.09,56.45,26.88
Thermal Overheat Surge,1,48.22,58.64,66.79,46.79,-22.98,4.28,4.59
Harsh Acceleration,0,32.19,40.19,49.67,64.39,-19.0,44.02,47.04
Harsh Acceleration,0,32.18,35.95,43.21,66.92,-15.13,57.48,39.81
Harsh Braking,0,36.86,43.36,54.52,71.42,-17.64,64.24,37.7
Deep Discharge Warning,1,36.27,49.12,62.54,52.14,-48.38,23.23,6.58
OverSpeed,0,31.07,38.74,43.75,62.61,-18.11,40.7,34.41
Consecutive Fast Charging,1,44.88,52.52,69.6,46.04,-48.6,15.98,0.87
OverSpeed,0,27.09,33.85,37.16,73.52,-2.24,79.58,24.12
Harsh Acceleration,0,31.76,38.3,44.46,76.58,-9.83,82.74,34.48
Harsh Braking,0,24.05,32.65,29.64,69.0,-13.1,61.59,34.42
Battery Under Voltage,1,41.91,60.69,79.11,47.96,-26.3,10.67,6.0
OverSpeed,0,23.86,27.13,37.14,76.36,-15.89,85.05,31.91
Low SoC,1,37.34,55.63,84.5,45.04,-36.44,2.13,9.79
Battery Under Voltage,1,50.74,61.17,69.21,46.58,-36.03,1.73,3.01
Harsh Acceleration,0,30.87,33.38,44.39,68.54,4.7,59.12,43.9
Harsh Braking,0,33.23,36.29,48.52,74.11,-24.03,76.26,36.8
Harsh Braking,0,30.53,36.31,43.59,66.64,-27.99,49.87,23.62
OverSpeed,0,24.25,27.94,35.22,68.18,7.6,56.06,45.08
OverSpeed,0,31.12,39.03,41.56,76.05,-0.27,81.39,31.33
Harsh Braking,0,28.83,33.94,31.29,65.66,-20.68,49.53,45.98
OverSpeed,0,35.43,42.16,44.95,74.87,-28.58,82.88,41.15
Harsh Cornering,0,23.17,28.56,36.37,75.56,-3.66,85.91,30.74
Low SoC,1,49.92,60.05,67.0,43.93,-8.05,5.54,14.9
Harsh Braking,0,31.17,41.77,44.3,69.51,-10.02,62.76,30.42
OverSpeed,0,32.4,40.47,41.47,75.87,-25.29,83.81,33.93
Low SoC,1,49.45,64.14,65.35,47.29,-45.92,6.52,4.97
Deep Discharge Warning,1,34.81,47.64,55.01,45.69,-71.3,12.79,15.41
Harsh Acceleration,0,27.96,30.04,41.63,70.16,-20.57,63.36,30.42
Harsh Acceleration,0,33.94,39.44,47.5,64.55,-23.57,45.85,49.93
Low SoC,1,38.75,52.52,56.06,44.78,-45.83,6.13,4.37
Low SoC,1,48.14,57.23,91.4,46.51,-41.86,7.45,11.3
Deep Discharge Warning,1,42.75,47.92,73.13,47.96,-44.34,7.47,14.5
Harsh Acceleration,0,25.5,29.9,37.94,74.44,-7.71,80.89,12.33
Harsh Acceleration,0,30.64,35.11,35.88,78.4,-4.18,93.66,45.34
OverSpeed,0,26.4,32.52,39.91,70.38,-19.3,65.44,18.37
Battery Under Voltage,1,46.49,57.04,69.29,49.49,-44.22,8.11,4.12
Battery Under Voltage,1,57.58,74.15,86.35,45.08,-47.86,5.81,3.45
Deep Discharge Warning,1,38.55,46.84,64.23,47.05,-33.71,16.59,45.87
Thermal Overheat Surge,1,62.7,70.37,98.52,45.57,-37.66,3.28,15.59
Battery Under Voltage,1,34.9,44.81,57.01,45.02,-53.86,7.04,8.11
Deep Discharge Warning,1,41.34,59.54,61.13,47.12,-24.53,10.33,11.65
Harsh Acceleration,0,29.67,39.18,47.97,70.46,-27.16,56.85,49.89
Harsh Acceleration,0,23.53,27.38,31.39,72.17,-13.68,67.63,38.62
Harsh Cornering,0,29.98,37.31,37.15,67.56,-25.73,53.93,10.56
Low SoC,1,52.57,65.37,70.07,46.58,-51.55,7.15,21.78
Harsh Braking,0,28.94,37.39,52.17,66.24,-11.65,49.7,35.82
Harsh Braking,0,26.01,29.1,37.44,75.17,-13.6,85.62,37.01
Low SoC,1,45.5,62.02,82.11,47.75,-31.31,7.86,0.3
Battery Under Voltage,1,47.48,61.29,81.81,47.45,-47.78,8.06,25.5
Harsh Braking,0,26.32,30.04,42.93,71.3,-28.2,65.8,45.12
Low SoC,1,30.73,40.1,57.01,46.16,-68.56,3.37,38.15
Battery Under Voltage,1,37.78,48.8,74.49,45.45,-57.66,6.4,9.97
Harsh Braking,0,29.81,39.02,49.43,76.08,-6.54,89.81,23.89
Harsh Acceleration,0,21.88,27.94,33.47,76.29,2.38,87.73,38.28
Harsh Braking,0,25.96,31.42,35.3,75.56,-26.27,88.66,47.27
Low SoC,1,35.06,48.55,51.77,48.76,-89.55,20.67,21.4
Harsh Braking,0,24.82,32.02,28.6,74.03,-13.98,80.6,33.94
Deep Discharge Warning,1,45.21,64.89,61.01,48.4,-29.08,21.49,0.23
OverSpeed,0,30.35,33.91,48.12,70.57,-20.56,68.12,35.71
Deep Discharge Warning,1,45.12,54.56,78.07,46.81,-28.84,12.22,36.59
Harsh Braking,0,34.79,41.91,51.44,68.06,-8.73,60.09,38.13
Low SoC,1,45.99,61.05,74.37,46.48,-54.46,4.0,9.46
Harsh Acceleration,0,30.86,33.83,46.28,71.95,-6.73,68.97,32.29
Low SoC,1,53.04,68.06,85.1,46.88,-58.99,7.97,10.03
Low SoC,1,31.55,47.61,61.1,47.26,-40.02,11.14,5.29
Harsh Cornering,0,34.48,41.75,44.39,66.7,-9.5,48.55,45.5
Deep Discharge Warning,1,33.65,47.22,65.82,46.93,-36.55,9.46,7.58
Low SoC,1,50.04,56.9,70.94,44.01,-44.35,2.8,8.98
Harsh Braking,0,31.95,35.75,41.77,76.34,-18.08,87.34,48.93
Low SoC,1,39.61,46.74,62.56,45.49,-22.57,3.0,1.05
Harsh Braking,0,22.52,30.65,42.7,64.03,-11.73,46.83,24.4
Low SoC,1,39.5,52.48,74.53,45.55,-72.83,6.16,22.93
Thermal Overheat Surge,1,47.07,60.95,76.12,47.5,-37.23,7.03,1.72
Deep Discharge Warning,1,58.16,74.77,73.88,48.42,-65.06,19.12,19.27
Consecutive Fast Charging,1,48.96,58.46,63.57,45.7,-38.56,3.88,23.95
Battery Under Voltage,1,47.99,60.38,75.44,45.41,-48.97,2.52,3.92
Deep Discharge Warning,1,27.28,38.9,45.07,45.48,-63.47,1.75,49.93
Harsh Acceleration,0,33.62,42.02,40.14,64.65,-40.06,46.48,19.72
Deep Discharge Warning,1,42.95,53.5,68.64,47.22,-74.17,3.72,40.58
OverSpeed,0,28.88,33.34,40.69,71.1,-15.02,74.85,14.79
Harsh Acceleration,0,26.99,33.37,38.44,64.39,-3.9,46.29,30.43
Consecutive Fast Charging,1,45.32,56.94,65.49,44.0,-74.7,3.85,20.78
Harsh Braking,0,22.25,29.58,25.2,69.65,-25.55,61.89,36.98
Low SoC,1,33.26,44.75,51.21,45.61,-33.13,0.62,10.71
Low SoC,1,45.1,60.84,74.76,42.74,-46.08,0.61,3.15
Thermal Overheat Surge,1,36.2,47.06,78.75,47.67,-77.54,9.43,4.1
Low SoC,1,35.18,50.64,52.34,45.2,-34.24,1.56,15.02
Deep Discharge Warning,1,46.9,60.14,63.11,48.1,-61.75,6.66,29.19
Harsh Cornering,0,35.01,41.73,44.91,76.37,-32.36,85.33,23.98
Harsh Braking,0,28.73,33.59,29.23,67.16,-27.51,57.07,27.32
OverSpeed,0,27.7,41.08,42.53,79.22,-12.98,95.2,33.58
Battery Under Voltage,1,42.98,52.28,84.09,44.52,-43.71,5.16,11.79
Low SoC,1,36.62,47.73,49.65,44.69,-33.8,4.42,29.47
Deep Discharge Warning,1,37.12,49.17,76.09,46.67,-45.59,8.38,7.69
Thermal Overheat Surge,1,45.47,56.75,73.93,46.48,-35.09,9.71,0.3
Low SoC,1,52.04,57.77,80.69,44.83,-41.45,1.37,12.7
Thermal Overheat Surge,1,35.87,43.7,68.68,45.81,-43.47,5.1,5.32
OverSpeed,0,34.98,40.57,51.87,65.37,-18.78,48.6,43.16
Deep Discharge Warning,1,35.52,47.59,71.84,49.22,-46.11,21.41,13.47
Low SoC,1,36.31,44.24,61.28,48.37,-49.99,12.49,22.03
Harsh Cornering,0,26.67,30.14,39.44,71.0,-9.34,67.05,45.28
Battery Under Voltage,1,47.44,68.31,69.89,48.52,-36.82,16.71,33.88
Consecutive Fast Charging,1,36.03,49.5,59.67,43.35,-51.99,1.65,9.48
Harsh Acceleration,0,32.86,34.48,48.87,71.35,-25.87,70.9,64.22
Low SoC,1,30.86,43.73,46.02,47.39,-44.96,12.9,23.66
Battery Under Voltage,1,42.26,50.63,65.21,45.85,-55.42,4.91,0.27
Battery Under Voltage,1,51.25,64.46,86.25,47.99,-43.74,18.09,5.78
Low SoC,1,36.79,52.42,64.38,46.17,-23.92,7.47,47.66
Harsh Braking,0,31.11,37.36,37.03,67.85,-21.19,56.37,33.31
Deep Discharge Warning,1,36.49,52.46,64.05,46.41,-29.5,1.55,41.8
OverSpeed,0,24.47,30.15,36.87,71.83,13.12,65.57,33.94
Deep Discharge Warning,1,31.5,44.48,59.56,48.29,-23.2,11.59,9.8
Deep Discharge Warning,1,54.12,63.59,62.5,45.48,-31.64,5.81,16.64
Battery Under Voltage,1,44.51,56.51,67.65,45.24,-53.13,2.54,0.64
Harsh Braking,0,30.19,35.16,48.5,68.26,2.54,56.35,24.32
OverSpeed,0,30.17,36.36,45.15,64.14,-9.48,44.13,29.28
OverSpeed,0,23.97,29.45,38.39,74.45,-16.78,79.23,26.6
Low SoC,1,36.59,47.77,64.68,48.37,-27.95,14.7,0.76
Deep Discharge Warning,1,39.14,52.31,60.34,46.21,-28.55,6.98,18.99
Low SoC,1,43.4,60.51,58.12,45.12,-53.38,4.58,7.48
Deep Discharge Warning,1,44.94,57.8,81.17,46.62,-63.29,11.72,27.02
OverSpeed,0,28.35,31.79,39.79,68.31,-19.21,59.95,10.06
Harsh Braking,0,22.62,29.25,33.88,69.97,-10.75,63.96,42.84
Low SoC,1,64.95,81.05,83.17,48.49,-44.17,12.87,8.57
Harsh Braking,0,32.76,35.9,49.64,64.9,-21.24,48.76,22.17
Low SoC,1,35.29,49.3,63.22,45.58,-67.24,2.23,7.43
Deep Discharge Warning,1,41.85,54.73,72.73,46.64,-58.56,8.77,9.93
Deep Discharge Warning,1,20.48,36.02,55.87,47.75,-57.03,9.61,32.0
Harsh Braking,0,31.4,32.71,50.51,68.09,1.85,58.57,24.67
Battery Under Voltage,1,36.54,46.51,55.87,43.39,-38.14,3.99,4.41
Harsh Cornering,0,33.63,38.69,49.37,72.33,-14.12,70.08,17.83
Harsh Acceleration,0,35.18,40.73,55.87,78.48,-25.6,92.51,23.8
Deep Discharge Warning,1,43.63,53.51,81.1,45.27,-42.84,5.66,12.41
Harsh Cornering,0,30.84,37.92,45.23,75.44,-10.38,84.3,41.72
OverSpeed,0,30.71,39.55,57.44,75.55,-13.45,81.35,25.24
Low SoC,1,54.66,65.12,83.61,47.79,-46.58,14.37,41.27
Low SoC,1,48.32,50.5,77.64,47.73,-51.74,9.52,32.18
Harsh Braking,0,28.26,39.41,34.61,75.69,-14.36,79.62,38.47
Harsh Acceleration,0,28.94,36.01,42.75,64.54,-4.55,46.7,44.67
Deep Discharge Warning,1,35.7,47.56,50.23,46.7,-44.08,8.07,2.55
Consecutive Fast Charging,1,43.64,56.31,57.05,44.05,-42.79,6.76,6.17
Low SoC,1,35.5,47.75,70.86,47.9,-78.79,6.58,26.29
Harsh Cornering,0,31.28,38.27,45.03,71.78,7.84,68.96,26.77
Deep Discharge Warning,1,45.67,56.36,73.84,46.71,-41.18,4.82,6.79
Low SoC,1,30.18,44.89,62.63,44.83,-37.38,8.78,10.17
Harsh Cornering,0,31.83,34.86,33.11,71.44,-2.7,64.99,21.67
Deep Discharge Warning,1,44.17,57.22,77.61,46.67,-59.29,16.73,28.47
Low SoC,1,56.44,65.11,77.22,46.13,-53.71,9.5,8.89
Battery Under Voltage,1,51.91,59.22,71.44,47.86,-55.79,9.36,8.12
Harsh Cornering,0,26.63,31.27,40.55,78.62,-5.48,97.58,26.76
Harsh Acceleration,0,37.06,42.72,45.09,76.29,-8.09,82.24,29.67
Harsh Acceleration,0,27.24,36.17,41.74,66.64,-19.78,53.77,28.82
Thermal Overheat Surge,1,40.31,53.64,55.45,45.57,-40.77,0.53,3.78
Harsh Braking,0,38.14,43.69,52.01,79.36,-17.3,94.33,58.96
Battery Under Voltage,1,39.77,49.46,71.44,48.13,-47.05,15.76,3.57
Harsh Acceleration,0,30.31,32.85,29.51,77.35,-10.05,88.88,43.82
Harsh Braking,0,28.65,34.15,42.59,69.3,-23.43,67.85,43.7
Deep Discharge Warning,1,56.92,71.73,84.73,47.29,-19.91,11.28,13.71
Deep Discharge Warning,1,46.34,59.44,67.82,45.32,-33.36,2.61,67.21
Harsh Cornering,0,37.83,42.91,49.05,73.85,-19.43,81.31,45.56
Harsh Braking,0,32.4,38.73,46.89,67.17,-17.28,53.75,44.94
Harsh Acceleration,0,28.59,33.61,44.55,63.5,-11.41,44.17,37.45
Deep Discharge Warning,1,42.35,58.04,76.82,46.35,-50.66,6.28,13.82
Low SoC,1,44.72,58.44,80.24,49.43,-79.42,13.59,0.98
OverSpeed,0,33.51,41.16,49.65,64.4,-14.59,43.24,39.21
OverSpeed,0,24.96,31.7,39.23,75.82,-23.29,85.09,25.01
Harsh Acceleration,0,26.76,36.82,36.9,73.43,-5.15,78.54,14.53
Deep Discharge Warning,1,52.88,60.22,82.29,48.54,-32.29,13.57,2.09
Consecutive Fast Charging,1,44.94,62.39,70.96,50.64,-37.54,18.1,34.58
Harsh Acceleration,0,30.09,30.14,32.76,69.06,-21.35,58.63,18.37
Harsh Braking,0,32.37,40.02,45.71,70.35,-17.25,69.96,29.94
Thermal Overheat Surge,1,41.33,51.56,79.44,48.35,-29.43,9.21,0.44
Battery Under Voltage,1,54.17,61.38,81.21,48.02,-36.46,14.45,14.92
OverSpeed,0,34.76,38.78,47.19,66.23,-19.82,49.73,34.45
Harsh Braking,0,24.63,26.44,39.16,77.43,-0.13,90.41,34.39
OverSpeed,0,26.81,29.02,32.64,78.78,-13.79,97.39,36.49
Thermal Overheat Surge,1,44.45,54.88,54.95,45.03,-34.42,1.81,15.03
Deep Discharge Warning,1,39.28,45.12,59.7,44.79,-73.75,5.03,10.87
Deep Discharge Warning,1,51.85,62.65,72.37,45.02,-58.68,3.8,25.65
Harsh Braking,0,33.24,40.45,37.69,63.53,-23.95,43.4,22.48
Battery Under Voltage,1,30.87,40.91,60.13,44.78,-18.04,3.13,13.18
Deep Discharge Warning,1,38.51,47.85,54.99,48.6,-39.25,11.05,0.27
Harsh Cornering,0,31.75,39.96,43.69,73.32,-17.55,79.38,23.77
Consecutive Fast Charging,1,47.32,58.55,68.91,47.73,-46.51,14.09,22.2
Low SoC,1,32.93,50.56,73.5,47.46,-39.35,15.02,14.32
Harsh Acceleration,0,28.03,35.03,46.91,71.94,-24.47,71.18,35.45
OverSpeed,0,32.71,34.41,38.13,72.25,-29.67,72.56,33.02
Battery Under Voltage,1,33.83,39.57,54.62,46.56,-62.45,5.2,11.03
Harsh Braking,0,27.8,30.69,44.12,63.8,-16.08,42.07,33.1
Deep Discharge Warning,1,47.52,62.49,78.66,46.8,-52.79,4.8,27.42
Low SoC,1,31.43,42.37,63.32,44.32,-45.89,1.53,13.62
Harsh Cornering,0,27.27,28.64,41.9,71.09,-15.66,72.95,18.8
Battery Under Voltage,1,31.22,47.76,51.84,45.04,-32.55,4.71,30.69
Battery Under Voltage,1,51.64,66.66,76.29,46.96,-55.05,15.54,1.53
Low SoC,1,36.84,46.27,68.41,47.42,-69.05,7.89,6.64
Deep Discharge Warning,1,43.78,56.46,74.66,46.71,-31.07,9.67,39.52
Battery Under Voltage,1,42.7,59.79,65.75,45.56,-44.75,0.65,13.77
Harsh Braking,0,32.38,41.42,42.99,76.58,-33.72,83.32,21.98
Battery Under Voltage,1,46.66,61.24,75.51,48.83,-43.09,16.23,37.08
Deep Discharge Warning,1,54.4,62.3,83.42,45.98,-9.19,4.63,18.79
Harsh Acceleration,0,31.84,37.67,51.07,70.27,-35.16,74.34,37.58
Deep Discharge Warning,1,49.16,57.06,73.08,47.03,-72.25,9.36,3.96
Deep Discharge Warning,1,49.39,56.83,62.11,45.19,-56.75,6.04,49.34
Deep Discharge Warning,1,35.51,46.28,56.54,44.78,-59.51,10.31,0.07
Harsh Acceleration,0,28.23,28.35,34.95,74.36,-4.06,81.95,29.14
Low SoC,1,47.84,68.65,80.92,45.47,-37.61,0.62,4.93
Deep Discharge Warning,1,36.39,42.65,57.08,46.02,-16.99,3.31,22.49
Harsh Braking,0,29.94,32.81,46.2,77.9,-17.58,92.48,47.4
Battery Under Voltage,1,35.69,43.22,61.07,47.24,-62.79,9.55,12.69
Deep Discharge Warning,1,35.15,45.65,60.49,48.26,-54.48,7.37,5.55
Thermal Overheat Surge,1,40.19,49.02,75.32,45.0,-42.71,2.34,19.44
Harsh Cornering,0,31.06,40.45,40.9,75.69,-30.28,83.39,55.27
Low SoC,1,48.9,57.73,80.44,46.52,-15.31,11.94,25.69
Harsh Acceleration,0,23.62,27.84,38.64,65.58,-39.52,52.19,31.85
Harsh Acceleration,0,30.48,38.35,39.12,69.02,-0.58,61.13,38.12
Harsh Cornering,0,29.84,39.18,40.24,65.25,-21.53,47.93,30.11
Low SoC,1,41.22,56.31,65.53,49.87,-53.54,17.12,2.66
Deep Discharge Warning,1,44.48,55.52,62.24,47.59,-52.44,9.35,22.59
Deep Discharge Warning,1,43.31,58.91,81.89,45.63,-23.47,2.76,22.68
Harsh Braking,0,27.6,34.34,39.8,73.3,-23.42,73.41,37.02
Harsh Cornering,0,36.59,41.33,40.48,64.32,-1.22,43.3,49.87
OverSpeed,0,30.43,33.41,34.08,79.86,-18.6,92.44,51.59
Harsh Cornering,0,28.92,32.74,31.96,75.18,-5.93,84.82,38.43
Deep Discharge Warning,1,49.2,56.75,81.17,47.6,-46.47,16.75,0.29
Consecutive Fast Charging,1,32.78,40.42,59.6,46.39,-46.86,2.6,8.51
Harsh Braking,0,25.01,32.93,47.04,75.32,-12.86,81.52,17.95
Battery Under Voltage,1,47.72,60.15,74.24,46.05,-63.0,4.15,21.2
Consecutive Fast Charging,1,54.1,64.69,63.03,45.02,-46.15,8.98,22.64
OverSpeed,0,28.75,38.06,42.92,65.45,-35.23,47.23,33.45
Low SoC,1,50.41,69.57,77.17,46.72,-50.79,10.06,35.46
OverSpeed,0,33.42,37.56,38.63,70.44,9.02,66.33,47.11
Low SoC,1,53.24,66.14,81.35,48.47,-25.46,9.43,15.91
OverSpeed,0,31.39,35.53,38.19,76.11,-6.4,86.09,13.44
Low SoC,1,47.29,57.75,73.16,47.34,-38.64,4.23,6.82
Harsh Acceleration,0,32.22,40.56,39.48,66.68,-29.1,54.74,37.13
Consecutive Fast Charging,1,30.94,44.48,48.93,47.03,-68.89,5.67,0.29
Low SoC,1,42.06,59.94,61.74,45.58,-40.63,6.52,1.29
Deep Discharge Warning,1,37.5,50.38,65.76,44.76,-22.2,2.35,0.81
Low SoC,1,46.65,48.33,75.57,48.43,-34.65,9.16,9.55
Deep Discharge Warning,1,48.2,59.63,67.9,45.81,-74.51,4.49,42.14
Low SoC,1,50.79,66.2,58.4,45.14,-30.49,4.55,21.9
Harsh Acceleration,0,33.16,32.18,42.71,71.95,-18.63,68.56,38.74
Harsh Acceleration,0,34.96,39.44,53.73,74.14,-22.99,78.71,20.58
Consecutive Fast Charging,1,41.6,56.37,50.23,45.9,-43.3,7.34,12.2
Deep Discharge Warning,1,43.86,50.79,70.58,46.78,-65.52,6.73,15.63
Battery Under Voltage,1,48.69,65.15,61.49,46.88,-76.4,5.69,4.91
Harsh Braking,0,25.79,32.09,36.35,65.44,-15.53,46.05,23.24
Harsh Braking,0,25.99,31.64,31.9,70.72,-3.45,73.36,35.09
Harsh Cornering,0,36.35,45.75,53.39,79.16,-0.68,93.95,29.59
Deep Discharge Warning,1,38.77,48.63,62.39,47.51,-47.48,12.34,8.74
Low SoC,1,41.01,53.47,75.58,46.83,-56.33,6.31,12.48
Harsh Cornering,0,35.88,41.93,46.12,71.96,7.88,73.56,49.48
Harsh Braking,0,31.1,35.92,40.78,78.74,6.59,90.87,26.49
Harsh Acceleration,0,30.93,35.66,49.95,76.53,-35.48,83.4,37.73
Battery Under Voltage,1,54.8,67.2,77.67,47.04,-42.25,11.45,0.57
Low SoC,1,28.43,40.3,61.52,46.77,-60.98,5.0,8.71
Harsh Cornering,0,23.21,32.82,33.17,64.23,-32.7,44.58,37.48
Deep Discharge Warning,1,45.86,56.04,65.81,46.05,-46.23,9.12,33.15
Low SoC,1,29.02,39.61,60.7,45.05,-16.57,3.25,3.39
Low SoC,1,48.54,69.98,76.72,46.2,-49.89,9.81,20.99
Harsh Acceleration,0,32.05,40.54,45.61,76.23,-8.61,86.39,47.69
Harsh Acceleration,0,29.11,33.06,42.25,79.93,-6.31,97.05,4.27
Deep Discharge Warning,1,41.63,54.1,78.55,46.42,-61.68,7.17,0.6
Harsh Cornering,0,32.76,34.99,44.03,74.14,-19.94,82.7,37.65
Harsh Braking,0,30.62,39.26,50.74,75.14,-17.47,83.78,24.58
Harsh Braking,0,28.8,35.17,34.68,72.78,-9.49,75.94,37.29
Harsh Cornering,0,30.4,36.99,37.7,73.33,-17.34,73.68,26.5
Harsh Braking,0,26.57,29.46,34.47,63.33,0.64,40.35,37.16
Deep Discharge Warning,1,52.26,63.65,79.24,44.45,-54.9,7.01,20.92
Low SoC,1,52.47,70.82,81.81,47.71,-44.69,9.92,6.62
Consecutive Fast Charging,1,50.07,62.05,78.21,46.58,-46.85,3.46,9.3
Low SoC,1,29.2,45.77,57.42,48.61,-19.3,12.38,25.35
OverSpeed,0,39.02,41.06,57.57,72.98,-6.29,78.65,29.5
Harsh Braking,0,32.86,36.71,44.54,73.11,-6.84,79.69,33.48
Consecutive Fast Charging,1,36.98,50.22,61.19,46.99,-55.06,10.25,15.32
Harsh Braking,0,24.34,31.56,31.12,77.92,-8.6,92.28,23.16
Harsh Acceleration,0,29.28,39.32,49.55,75.3,-3.39,87.81,8.75
Battery Under Voltage,1,36.14,48.93,60.04,48.05,-44.21,4.45,10.3
Deep Discharge Warning,1,49.77,64.94,73.04,48.52,-22.23,20.15,29.17
Harsh Acceleration,0,37.83,39.89,48.78,68.06,-5.37,50.14,41.21
Harsh Acceleration,0,24.13,32.71,29.59,76.9,-16.86,93.63,50.67
Deep Discharge Warning,1,34.41,49.34,60.48,46.04,-24.47,7.27,11.86
Deep Discharge Warning,1,44.17,55.55,68.45,46.71,-32.73,3.88,10.91
Harsh Acceleration,0,43.98,46.09,53.24,69.01,-7.58,64.19,17.11
Deep Discharge Warning,1,33.12,46.52,64.51,45.98,-67.0,7.98,40.8
Harsh Acceleration,0,35.8,39.49,49.37,75.42,-17.88,82.89,37.19
Low SoC,1,30.06,39.27,55.0,47.05,-52.19,11.75,9.21
Low SoC,1,23.98,29.41,46.67,45.9,-75.02,0.59,4.24
Harsh Braking,0,35.42,45.98,48.2,64.1,-27.25,43.47,49.17
Harsh Braking,0,28.07,38.06,37.41,64.39,0.83,44.7,67.47
Deep Discharge Warning,1,43.27,55.4,78.26,50.16,-37.93,26.42,29.78
Harsh Acceleration,0,25.71,30.3,48.17,66.8,-9.54,52.5,19.18
Deep Discharge Warning,1,50.66,70.32,85.24,45.25,-55.3,2.55,7.52
Low SoC,1,42.02,53.02,57.05,46.24,-34.12,10.45,19.29
Harsh Cornering,0,28.41,34.62,43.33,71.72,-12.22,70.08,47.22
Low SoC,1,50.97,63.05,79.0,44.05,-33.84,3.21,29.46
Harsh Acceleration,0,33.68,41.32,43.87,73.59,-22.41,74.86,22.56
Battery Under Voltage,1,37.55,52.57,56.6,48.35,-26.74,10.69,10.93
Low SoC,1,41.41,51.56,60.29,48.43,-44.28,6.56,28.43
Harsh Braking,0,27.56,34.53,41.8,67.49,-37.41,57.05,3.55
Battery Under Voltage,1,33.91,44.5,55.91,46.12,-40.99,12.19,10.82
Low SoC,1,34.65,46.18,36.32,44.88,-23.83,5.01,23.05
Low SoC,1,42.32,51.68,76.42,47.71,-25.68,18.94,0.59
Battery Under Voltage,1,43.24,56.89,54.65,44.95,-55.47,5.46,15.37
Harsh Acceleration,0,24.93,34.07,38.46,78.96,-31.47,93.85,34.32
Harsh Acceleration,0,30.72,37.99,43.8,74.29,-17.35,74.91,34.72
Battery Under Voltage,1,30.99,43.6,58.14,48.05,-43.4,11.83,16.28
Harsh Acceleration,0,32.25,35.47,52.2,76.41,-7.04,86.82,37.44
OverSpeed,0,25.67,32.13,33.19,77.25,-20.67,88.21,53.04
Thermal Overheat Surge,1,47.73,62.49,69.74,46.82,-50.45,6.93,7.32
Harsh Acceleration,0,28.48,35.06,43.25,64.23,-12.54,48.74,45.6
Battery Under Voltage,1,48.61,69.0,83.05,44.24,-88.21,5.44,0.06
Battery Under Voltage,1,45.14,55.31,73.43,47.2,-49.5,9.61,17.96
Deep Discharge Warning,1,39.07,53.6,66.94,46.62,-48.56,7.63,19.76
Battery Under Voltage,1,41.8,55.63,74.77,49.51,-53.18,14.98,18.03
Deep Discharge Warning,1,46.45,60.77,74.65,46.48,-40.24,3.63,4.92
Harsh Braking,0,32.08,42.45,47.5,68.7,-10.08,58.56,10.84
Harsh Cornering,0,38.13,45.33,47.53,78.59,-21.18,92.72,35.15
Harsh Braking,0,27.14,33.94,44.4,74.92,-10.29,79.52,28.35
Deep Discharge Warning,1,38.56,45.85,67.7,50.3,-39.95,15.24,4.72
Battery Under Voltage,1,38.87,52.06,49.65,46.64,-55.34,0.95,32.78
Harsh Braking,0,32.86,40.05,42.25,77.72,-13.06,91.03,52.41
Harsh Cornering,0,35.3,39.83,49.64,79.04,-4.28,91.78,30.72
Low SoC,1,56.72,63.4,89.72,45.24,-44.7,1.76,30.78
Deep Discharge Warning,1,37.48,50.07,70.35,48.24,-31.08,12.78,21.94
Harsh Braking,0,31.54,33.44,45.51,76.15,-22.9,83.3,28.87
Harsh Braking,0,27.17,33.27,39.81,74.43,-3.69,77.35,39.51
Harsh Acceleration,0,33.68,38.45,52.51,75.4,-0.3,83.74,46.0
OverSpeed,0,29.24,38.85,33.39,73.03,-17.68,70.69,33.57
Deep Discharge Warning,1,37.44,51.99,63.2,46.56,-40.81,6.39,2.74
Low SoC,1,43.31,54.52,57.97,50.44,-54.35,19.46,15.68
Harsh Acceleration,0,27.11,35.69,37.05,67.71,-18.28,53.57,24.51
Harsh Cornering,0,30.68,36.27,48.6,70.58,-17.1,67.24,37.19
Battery Under Voltage,1,26.12,45.49,61.34,44.26,-45.13,2.31,5.73
Deep Discharge Warning,1,44.49,59.23,77.92,46.89,-37.23,13.21,19.27
Battery Under Voltage,1,48.98,63.26,80.79,47.59,-50.86,3.42,18.0
Battery Under Voltage,1,46.25,58.95,49.53,45.73,-31.55,2.0,16.98
Harsh Braking,0,31.57,31.37,42.73,78.3,-13.21,95.07,14.89
Harsh Acceleration,0,28.01,35.86,47.18,80.21,-1.16,97.69,19.98
Harsh Cornering,0,33.45,37.13,42.07,78.5,-16.14,96.85,31.94
Deep Discharge Warning,1,44.15,56.03,81.28,45.81,-51.1,6.8,3.72
Low SoC,1,41.09,47.19,59.33,44.68,-59.51,0.51,27.8
Harsh Cornering,0,30.45,36.89,46.54,62.97,-24.17,41.0,29.3
Deep Discharge Warning,1,36.35,45.37,62.77,47.42,-78.52,17.66,23.95
Deep Discharge Warning,1,34.1,44.76,57.19,45.99,-47.77,3.96,4.54
Battery Under Voltage,1,34.0,43.43,63.39,48.69,-9.48,8.31,5.78
Harsh Cornering,0,31.72,38.01,33.13,71.1,-11.53,66.24,25.07
Harsh Braking,0,29.23,32.36,44.11,72.3,-26.64,72.0,48.43
Deep Discharge Warning,1,32.47,43.0,43.87,47.99,-61.66,6.5,7.91
Deep Discharge Warning,1,44.17,60.94,56.47,45.42,-69.17,8.16,27.39
Low SoC,1,33.0,53.53,62.56,45.51,-36.99,3.21,1.51
Harsh Braking,0,30.25,36.09,40.89,64.93,-19.69,45.48,46.76
Harsh Cornering,0,33.79,32.22,59.61,67.12,-30.91,52.09,35.38
Harsh Cornering,0,33.41,40.45,44.25,65.0,-13.31,42.77,40.37
Low SoC,1,27.35,39.54,59.84,45.57,-49.16,9.15,0.99
Battery Under Voltage,1,31.84,44.75,60.67,46.26,-13.8,11.53,2.83
Deep Discharge Warning,1,32.13,49.35,56.08,47.9,-45.2,5.87,6.92
OverSpeed,0,26.14,28.04,42.64,74.28,-16.99,77.28,31.57
Harsh Acceleration,0,30.58,39.76,34.82,71.95,-4.1,73.98,52.49
Battery Under Voltage,1,38.17,54.44,59.97,48.66,-55.26,16.1,13.39
OverSpeed,0,37.44,40.53,50.06,74.4,1.84,82.34,19.36
Low SoC,1,32.55,38.34,62.14,47.32,-31.44,11.92,5.73
Deep Discharge Warning,1,30.19,41.67,55.22,48.51,-26.49,9.99,6.19
OverSpeed,0,35.48,42.17,42.55,70.45,9.72,59.07,28.26
Thermal Overheat Surge,1,50.18,59.71,75.74,46.79,-20.12,2.21,11.63
Low SoC,1,44.69,57.98,75.71,50.53,-38.81,21.01,1.87
Harsh Acceleration,0,25.45,32.21,43.97,75.04,0.34,79.27,47.01
Deep Discharge Warning,1,35.14,43.72,64.64,46.62,-62.79,3.94,88.68
Consecutive Fast Charging,1,41.83,58.3,77.2,45.22,-67.73,1.17,4.84
Low SoC,1,58.39,68.13,80.67,45.32,-25.12,5.48,10.01
Low SoC,1,37.56,54.84,64.14,47.06,-22.09,18.97,0.35
Harsh Acceleration,0,25.39,29.74,32.55,75.15,-2.34,83.32,36.51
Harsh Acceleration,0,31.56,37.48,38.61,74.37,4.14,82.49,32.35
Deep Discharge Warning,1,38.2,45.11,55.56,45.29,-55.13,2.5,2.78
Deep Discharge Warning,1,31.21,51.43,62.55,45.28,-33.17,9.38,16.52
OverSpeed,0,31.87,35.64,46.75,77.05,-19.28,90.36,34.15
Harsh Braking,0,27.75,32.56,32.94,68.54,-9.76,59.62,30.26
Battery Under Voltage,1,40.81,48.87,69.5,46.67,-43.87,18.68,15.27
Harsh Braking,0,32.82,34.69,49.45,76.16,-13.07,87.74,49.38
Harsh Cornering,0,33.15,36.81,47.6,72.71,-21.72,70.71,30.99
Low SoC,1,40.58,49.89,50.97,46.56,-48.77,10.69,29.28
OverSpeed,0,31.49,36.78,39.47,78.72,-8.68,91.54,17.91
Harsh Braking,0,30.95,37.25,49.76,67.78,-9.81,55.65,24.99
Harsh Braking,0,20.52,27.61,33.01,73.89,-13.68,75.62,7.43
Low SoC,1,41.66,54.43,61.67,47.77,-49.76,11.78,14.75
Harsh Braking,0,32.87,35.38,48.27,65.34,-8.65,52.12,31.66
Consecutive Fast Charging,1,39.59,52.09,63.43,46.51,-63.03,7.21,10.38
Battery Under Voltage,1,55.49,65.89,87.18,45.16,-39.21,8.02,61.65
Consecutive Fast Charging,1,40.02,54.91,63.63,43.59,-45.5,4.11,16.33
Harsh Braking,0,26.05,31.62,49.65,78.51,0.14,95.53,28.97
Harsh Cornering,0,35.56,42.23,46.61,66.82,-11.86,57.88,40.31
Harsh Braking,0,33.98,38.12,39.71,65.27,-27.19,46.62,50.19
Battery Under Voltage,1,38.85,50.27,63.42,47.43,-81.03,5.85,0.62
Low SoC,1,49.14,68.15,78.61,46.66,-72.83,3.26,14.68
Harsh Acceleration,0,31.17,39.76,52.51,65.71,-21.81,42.63,29.65
Harsh Cornering,0,28.04,32.95,39.33,74.43,-16.73,80.09,28.43
Consecutive Fast Charging,1,48.1,55.75,80.9,48.58,-64.95,15.73,32.01
Harsh Cornering,0,28.12,34.77,43.18,68.17,-11.81,59.65,37.86
Harsh Acceleration,0,28.61,35.79,34.99,77.39,-9.93,86.92,11.01
Harsh Acceleration,0,17.66,22.66,32.65,68.18,-3.31,56.88,29.55
Harsh Braking,0,27.87,34.35,31.83,76.59,-7.23,88.85,34.85
Low SoC,1,36.06,56.18,58.15,47.97,-45.49,10.12,0.03
Harsh Acceleration,0,26.04,30.93,44.91,78.92,-14.27,94.18,41.05
Deep Discharge Warning,1,45.27,53.63,67.65,46.28,-61.31,4.92,34.88
Harsh Acceleration,0,29.09,41.04,38.91,77.59,-38.93,96.5,61.79
Deep Discharge Warning,1,50.07,68.56,83.77,44.62,-47.97,12.11,23.7
Deep Discharge Warning,1,52.95,64.16,93.68,48.86,-11.02,12.98,6.23
Harsh Acceleration,0,28.91,39.17,37.35,63.26,-41.37,43.23,32.85
Deep Discharge Warning,1,39.69,55.7,64.87,49.5,-35.29,22.26,6.08
Harsh Braking,0,24.16,27.98,39.48,63.49,-18.76,41.24,42.27
Harsh Acceleration,0,26.82,33.69,44.9,66.56,-28.29,50.06,18.52
Harsh Acceleration,0,34.16,39.05,42.41,70.24,-17.25,67.0,45.5
Harsh Braking,0,30.06,35.23,37.56,73.05,-20.73,68.76,31.25
Harsh Cornering,0,33.9,41.33,46.36,68.44,0.26,63.69,36.72
Battery Under Voltage,1,55.31,68.22,81.07,42.79,-58.79,1.48,7.55
Harsh Braking,0,32.14,32.49,38.74,76.82,-28.2,94.46,37.7
Deep Discharge Warning,1,44.87,67.9,76.79,44.31,-61.23,9.89,36.73
Low SoC,1,39.36,54.33,82.72,47.54,-51.86,7.29,23.33
OverSpeed,0,27.39,32.74,32.48,73.66,-33.28,77.83,33.96
Thermal Overheat Surge,1,35.0,48.58,82.96,43.85,-45.96,3.44,16.41
Deep Discharge Warning,1,39.44,51.84,71.75,49.09,-36.18,11.2,33.86
Low SoC,1,43.57,53.52,65.19,48.3,-32.56,12.75,0.95
Consecutive Fast Charging,1,36.64,54.21,47.09,48.31,-64.16,13.5,35.35
Deep Discharge Warning,1,38.87,50.93,63.04,47.59,2.24,3.84,38.52
Harsh Acceleration,0,26.98,34.16,35.68,74.15,-34.48,79.41,22.89
Battery Under Voltage,1,37.86,49.16,55.85,48.14,-71.46,5.5,22.28
Low SoC,1,38.58,50.33,74.97,47.72,-38.31,19.84,8.42
Harsh Cornering,0,29.42,32.33,40.47,73.68,-15.41,80.13,36.71
Low SoC,1,24.26,36.46,43.9,46.25,-59.89,1.19,18.59
Harsh Acceleration,0,33.6,44.66,40.1,78.0,-13.81,91.58,37.77
Deep Discharge Warning,1,36.89,49.93,63.52,46.66,-42.27,15.5,9.13
Deep Discharge Warning,1,52.54,52.54,70.75,45.03,-28.67,10.2,6.84
Battery Under Voltage,1,46.87,58.34,67.42,46.64,-28.11,6.39,2.32
Harsh Cornering,0,35.27,41.9,51.19,71.34,-11.78,75.35,41.86
Harsh Cornering,0,32.24,41.61,53.37,66.73,-14.01,53.5,20.16
Harsh Acceleration,0,35.11,43.04,48.62,73.41,-6.83,77.92,35.36
Harsh Braking,0,31.81,41.25,41.26,79.89,-6.43,96.43,35.08
Low SoC,1,37.96,52.07,43.63,46.03,-40.37,4.24,30.62
Battery Under Voltage,1,35.47,42.77,55.2,43.86,-60.06,1.23,24.91
Harsh Braking,0,31.04,37.86,49.13,68.82,-22.2,57.18,31.8
Harsh Acceleration,0,26.84,33.27,31.18,79.24,-19.8,95.15,33.31
Harsh Acceleration,0,37.11,44.44,49.24,74.83,-14.96,81.26,15.99
Deep Discharge Warning,1,36.6,50.68,49.48,44.27,-49.73,3.57,8.87
Harsh Cornering,0,26.77,30.49,34.49,66.6,-14.5,48.0,14.2
Battery Under Voltage,1,46.66,57.08,83.15,45.54,-13.86,11.31,8.15
Harsh Acceleration,0,31.32,37.54,46.22,72.52,-17.74,73.61,34.36
Harsh Cornering,0,30.75,37.43,42.03,72.59,-34.38,73.14,30.27
Harsh Acceleration,0,28.84,40.2,38.2,74.5,-17.98,80.38,25.41
OverSpeed,0,33.4,45.62,37.02,73.5,-8.54,76.24,30.34
Harsh Acceleration,0,30.83,38.04,38.06,63.53,-20.46,40.27,46.31
Harsh Cornering,0,32.49,38.18,41.17,73.13,-20.71,75.46,24.04
Harsh Braking,0,24.13,29.25,34.1,68.7,-13.89,61.0,32.35
OverSpeed,0,27.92,36.48,45.67,64.61,-12.75,44.39,33.63
Harsh Acceleration,0,32.39,40.33,51.84,75.78,3.07,89.27,34.94
Deep Discharge Warning,1,49.3,57.48,65.57,44.83,-35.86,11.07,1.99
Harsh Acceleration,0,29.57,36.43,38.48,65.23,0.06,46.44,27.92
Harsh Braking,0,27.59,32.67,28.94,73.24,9.05,78.39,38.1
Deep Discharge Warning,1,38.48,52.06,55.06,44.84,-46.16,4.89,16.5
Low SoC,1,54.14,67.16,72.13,45.14,-41.8,6.43,39.44
OverSpeed,0,30.87,33.68,50.67,73.93,-7.85,76.69,41.0
Deep Discharge Warning,1,36.2,49.44,44.81,47.57,-22.69,6.83,11.9
Deep Discharge Warning,1,41.57,62.86,59.62,44.23,-30.02,1.35,9.44
Harsh Cornering,0,32.25,41.44,50.78,65.65,-31.42,49.34,8.39
Harsh Braking,0,28.58,33.73,34.97,69.06,-12.15,58.1,10.38
Harsh Acceleration,0,25.81,32.75,38.84,62.44,-11.78,42.93,19.74
Deep Discharge Warning,1,43.93,61.35,59.7,45.14,-40.24,1.65,29.49
Harsh Braking,0,26.88,34.29,38.27,69.34,-17.39,62.6,12.71
Battery Under Voltage,1,45.55,61.18,66.2,46.23,-52.89,5.81,9.23
Harsh Cornering,0,33.62,37.77,53.89,77.37,-16.59,90.54,29.79
Harsh Braking,0,29.06,34.41,48.05,78.52,-11.93,93.71,27.19
Harsh Braking,0,33.72,38.59,48.74,75.55,-18.63,83.44,51.14
OverSpeed,0,34.4,38.69,45.46,68.39,-3.56,56.64,20.13
Harsh Braking,0,22.72,32.27,36.4,74.7,-13.47,78.39,27.88
Deep Discharge Warning,1,43.0,52.5,60.34,45.56,-56.91,4.67,7.02
Low SoC,1,44.37,52.35,65.89,46.99,-24.04,13.46,16.65
Deep Discharge Warning,1,38.3,54.21,61.4,47.24,-42.86,12.64,13.01
Low SoC,1,32.75,46.34,56.32,49.09,-41.31,20.12,14.6
Low SoC,1,33.24,42.38,63.26,45.92,-56.35,10.8,7.02
Harsh Cornering,0,27.4,31.76,42.42,73.6,-20.18,80.38,10.04
Deep Discharge Warning,1,34.53,41.78,52.43,49.04,-39.19,17.78,4.38
Battery Under Voltage,1,37.64,49.37,59.7,44.61,-50.82,1.26,1.36
Harsh Acceleration,0,32.72,34.0,45.55,77.84,-25.81,86.4,21.58
Deep Discharge Warning,1,47.63,54.15,69.97,45.78,-54.67,8.26,21.58
Consecutive Fast Charging,1,36.77,44.34,54.01,46.26,-33.69,9.85,1.15
Consecutive Fast Charging,1,40.11,49.05,61.19,47.1,-37.45,10.39,2.6
Harsh Acceleration,0,31.93,36.14,41.38,76.78,-22.31,90.76,33.67
Harsh Braking,0,24.1,28.33,35.63,74.64,-8.9,78.6,17.23
Harsh Acceleration,0,36.19,40.98,43.0,64.14,-13.93,41.13,49.4
Harsh Acceleration,0,35.95,40.75,48.58,77.7,-15.41,92.01,16.62
Harsh Acceleration,0,32.76,37.87,41.1,77.26,-6.19,88.36,26.28
Battery Under Voltage,1,42.83,49.54,53.29,46.51,-30.86,11.79,6.15
Consecutive Fast Charging,1,40.89,50.35,66.04,47.44,-21.79,4.58,5.06
Low SoC,1,51.34,62.29,82.09,46.74,-62.04,1.37,11.47
Harsh Braking,0,26.46,35.26,38.21,74.65,-10.35,80.98,26.01
Deep Discharge Warning,1,39.24,47.6,56.9,48.2,-51.97,15.84,8.96
Deep Discharge Warning,1,42.21,48.94,69.13,43.77,-25.24,4.59,18.14
Harsh Acceleration,0,29.95,38.79,35.14,71.24,-15.45,69.23,55.2
Low SoC,1,48.69,54.42,67.51,41.82,-37.1,4.45,2.36
Harsh Braking,0,23.48,30.99,42.29,77.39,-21.24,94.25,31.58
Harsh Cornering,0,28.97,33.72,37.84,71.0,-26.23,64.99,55.75
Thermal Overheat Surge,1,50.55,60.94,68.21,46.02,-36.42,3.12,22.76
OverSpeed,0,29.62,36.15,40.97,66.73,-21.44,54.97,0.0
Consecutive Fast Charging,1,44.48,57.66,77.08,47.19,-28.36,6.93,9.56
Harsh Acceleration,0,33.93,43.88,49.25,72.13,-31.93,70.61,43.17
Harsh Braking,0,32.69,36.42,48.23,66.97,-20.7,49.3,32.53
Harsh Braking,0,25.49,35.31,36.57,66.87,-11.64,54.97,15.19
Harsh Braking,0,33.26,43.26,39.26,65.23,-11.28,45.52,37.72
Deep Discharge Warning,1,45.39,55.59,65.5,46.6,-21.75,4.33,11.65
Harsh Acceleration,0,26.32,31.52,34.25,67.74,-1.35,59.98,41.82
Harsh Braking,0,35.57,39.07,50.47,72.2,-16.13,72.38,42.81
Harsh Acceleration,0,24.55,30.08,34.77,71.93,-5.85,71.9,26.62
Harsh Cornering,0,30.26,38.02,45.54,73.29,-22.49,72.65,39.53
Harsh Braking,0,29.24,36.46,49.11,74.82,-13.14,82.5,37.77
Low SoC,1,36.83,49.51,72.85,50.17,-40.51,19.11,0.43
Harsh Acceleration,0,33.14,39.27,48.61,74.24,-23.53,82.95,36.92
Deep Discharge Warning,1,54.12,64.96,73.24,44.75,-78.52,7.81,22.79
Deep Discharge Warning,1,46.79,58.86,84.24,45.02,-47.02,9.08,5.29
Battery Under Voltage,1,55.51,65.35,73.9,48.83,-59.97,16.36,1.21
Harsh Acceleration,0,31.07,36.3,40.42,77.16,-6.85,88.82,11.59
Deep Discharge Warning,1,54.61,63.36,72.1,46.31,-59.57,3.63,10.04
Harsh Acceleration,0,18.52,23.47,25.48,65.83,-13.83,51.65,29.45
Harsh Cornering,0,28.22,37.43,38.44,78.83,-0.58,93.49,48.03
Deep Discharge Warning,1,41.47,45.69,60.7,44.45,-44.8,4.42,17.32
Harsh Braking,0,34.4,40.05,46.0,67.09,-7.78,48.67,45.8
Harsh Braking,0,32.99,36.66,46.41,72.34,-4.54,71.0,24.97
Harsh Acceleration,0,30.33,37.84,42.98,63.86,-20.25,43.56,16.13
Harsh Cornering,0,26.72,35.23,33.9,78.78,-20.54,95.57,18.88
Harsh Cornering,0,21.29,28.41,30.99,74.33,-11.51,77.58,11.31
Consecutive Fast Charging,1,41.76,53.51,60.84,48.23,-35.68,13.83,4.92
Harsh Cornering,0,33.66,39.29,45.85,69.99,-2.44,65.37,25.62
Harsh Cornering,0,35.35,37.77,52.82,67.31,-0.05,55.08,27.53
Harsh Cornering,0,24.65,26.93,33.98,75.1,-10.44,84.7,19.33
Deep Discharge Warning,1,50.76,67.15,87.2,45.01,-32.92,0.3,8.36
Battery Under Voltage,1,45.87,59.29,79.94,48.38,-61.27,6.48,20.73
Deep Discharge Warning,1,49.64,59.57,74.22,46.27,-56.82,1.18,37.09
Battery Under Voltage,1,28.59,44.07,67.08,45.31,-62.05,4.17,16.65
Low SoC,1,34.63,47.87,47.24,45.67,-49.67,8.29,31.98
Deep Discharge Warning,1,43.31,61.92,71.13,46.88,-72.38,4.84,8.84
Harsh Braking,0,25.48,27.3,35.06,72.63,-31.61,68.31,29.08
OverSpeed,0,39.83,47.2,53.81,70.2,-23.13,66.8,24.07
Deep Discharge Warning,1,37.25,43.56,57.33,47.21,-39.71,7.87,4.9
Deep Discharge Warning,1,37.67,48.21,63.16,47.18,-62.16,5.96,9.61
Low SoC,1,46.08,49.3,65.22,46.19,-21.7,9.64,27.72
OverSpeed,0,28.23,33.72,30.21,73.31,-2.94,72.2,33.69
Harsh Acceleration,0,27.6,31.03,49.8,67.83,-17.75,50.72,32.82
Deep Discharge Warning,1,47.25,58.27,76.27,45.91,-41.87,3.64,4.83
Battery Under Voltage,1,42.78,60.66,77.48,50.41,-76.84,21.33,5.51
Battery Under Voltage,1,33.37,44.04,50.73,44.88,-51.38,5.62,3.08
Low SoC,1,35.92,51.25,65.25,46.1,-43.88,2.94,36.25
Harsh Cornering,0,38.47,43.13,49.49,67.12,1.5,58.43,50.12
Deep Discharge Warning,1,40.12,48.34,51.28,48.26,-55.63,7.64,2.06
Battery Under Voltage,1,32.34,44.21,58.49,46.82,-43.57,9.31,5.31
Harsh Braking,0,33.33,38.95,53.0,69.79,-15.23,65.57,41.41
Harsh Acceleration,0,40.58,46.25,61.14,71.6,-12.0,68.97,32.28
Deep Discharge Warning,1,39.35,53.35,60.55,45.8,-50.84,1.39,2.25
Consecutive Fast Charging,1,43.43,50.3,75.24,45.65,-34.74,9.3,10.79
Consecutive Fast Charging,1,42.18,52.17,61.94,50.77,-25.84,25.74,16.13
Battery Under Voltage,1,32.09,51.21,64.63,44.66,-39.78,4.94,6.7
Low SoC,1,38.88,48.77,63.93,45.75,-37.67,2.95,5.98
Harsh Braking,0,33.1,36.21,40.5,74.44,-17.47,79.0,31.82
Battery Under Voltage,1,34.38,43.84,58.92,45.92,-45.02,1.65,6.41
Low SoC,1,49.16,61.29,74.29,46.12,-39.16,5.62,14.62
Harsh Braking,0,27.37,29.92,44.74,77.99,-16.35,87.18,49.73
Harsh Braking,0,27.14,30.24,41.12,64.91,-11.43,42.41,39.43
Battery Under Voltage,1,38.35,55.51,54.19,45.66,-60.31,3.95,4.51
Harsh Braking,0,33.04,40.16,51.93,71.97,-20.21,75.07,35.22
Deep Discharge Warning,1,55.92,73.56,77.14,45.98,-65.45,8.01,7.2
Battery Under Voltage,1,23.46,41.12,51.84,47.9,-34.85,6.33,1.64
Deep Discharge Warning,1,41.26,53.6,72.62,45.58,-50.59,5.33,6.55
Harsh Acceleration,0,29.57,35.38,43.23,77.6,-5.52,94.19,39.46
Low SoC,1,47.01,62.11,70.32,44.96,-42.45,1.09,7.4
Consecutive Fast Charging,1,30.9,38.44,58.63,46.42,-57.11,5.18,18.43
Deep Discharge Warning,1,42.27,58.24,86.38,48.48,-55.4,10.94,22.34
Harsh Cornering,0,40.0,46.21,49.91,79.03,-5.28,95.59,39.36
Consecutive Fast Charging,1,50.28,53.58,80.72,47.83,-73.73,12.82,0.04
Harsh Acceleration,0,25.96,32.23,40.57,64.68,-16.04,46.43,48.76
Harsh Braking,0,31.6,41.52,46.58,66.62,-35.07,52.57,30.67
Consecutive Fast Charging,1,44.04,54.29,65.91,48.01,-18.26,10.48,0.2
Harsh Cornering,0,23.87,31.96,37.74,64.47,-24.64,44.11,38.03
Consecutive Fast Charging,1,37.88,51.11,53.81,45.73,-79.48,8.79,7.84
Consecutive Fast Charging,1,42.67,53.96,78.05,45.82,-38.72,0.62,5.63
Consecutive Fast Charging,1,24.44,35.55,27.47,46.69,-44.52,13.72,5.09
Low SoC,1,35.08,50.03,66.85,48.23,-57.38,5.0,7.5
Harsh Braking,0,21.68,25.11,26.7,80.05,-10.38,96.64,31.78
OverSpeed,0,25.6,29.52,38.97,77.6,-29.62,89.69,27.41
Harsh Braking,0,34.78,40.24,59.18,64.81,-14.98,42.21,12.59
Consecutive Fast Charging,1,53.37,63.84,85.12,49.54,-49.42,14.24,1.37
Harsh Cornering,0,27.46,33.75,36.92,64.09,-4.71,41.17,21.82
Battery Under Voltage,1,43.14,55.01,66.48,46.25,-60.24,7.93,8.35
Battery Under Voltage,1,46.14,55.26,74.42,46.24,-35.18,2.47,5.6
Deep Discharge Warning,1,54.57,60.51,88.79,45.19,-58.58,1.32,9.75
Harsh Braking,0,29.24,35.28,38.88,63.87,-15.5,42.85,32.91
Deep Discharge Warning,1,47.45,50.73,68.8,45.91,-58.53,1.84,13.96
Battery Under Voltage,1,55.93,64.59,75.58,46.31,-42.6,6.34,44.43
Thermal Overheat Surge,1,47.98,68.38,60.97,46.23,-29.62,6.21,4.78
Battery Under Voltage,1,48.9,56.49,75.07,44.56,-37.01,1.21,3.0
Deep Discharge Warning,1,48.02,53.97,70.51,46.46,-67.32,5.29,1.77
Low SoC,1,35.93,49.21,56.02,45.47,-60.22,0.39,4.66
Harsh Acceleration,0,34.33,41.68,44.47,63.75,-18.77,41.3,41.57
Harsh Acceleration,0,34.95,41.25,44.89,65.16,-18.44,45.29,53.24
Harsh Braking,0,28.99,37.08,44.18,74.74,-5.0,81.36,38.85
Deep Discharge Warning,1,47.25,57.36,71.87,47.14,-55.58,6.01,36.33
OverSpeed,0,26.03,32.57,48.03,70.97,-15.55,62.02,51.85
Harsh Braking,0,25.71,31.21,39.41,78.81,-18.55,97.64,24.36
Harsh Cornering,0,23.49,28.96,41.06,77.25,-9.09,89.74,10.77
Harsh Braking,0,28.47,33.8,36.74,72.51,-15.44,74.11,16.9
Battery Under Voltage,1,42.65,56.34,64.33,47.06,-34.7,4.4,10.48
Battery Under Voltage,1,42.31,54.29,75.0,47.02,-47.28,7.88,17.27
Harsh Acceleration,0,33.22,36.63,41.35,74.87,-3.21,80.23,31.33
Thermal Overheat Surge,1,37.69,48.72,63.52,47.28,-48.12,6.65,14.41
Low SoC,1,42.74,49.13,55.51,45.62,-23.6,11.24,39.98
Harsh Braking,0,25.61,28.44,30.29,75.72,-35.37,87.62,38.22
Deep Discharge Warning,1,33.85,44.68,57.1,47.36,-37.0,13.41,13.4
Harsh Braking,0,24.44,28.55,27.74,73.3,-22.15,71.49,33.5
Battery Under Voltage,1,34.21,43.87,68.89,45.85,-63.81,0.3,8.62
Harsh Acceleration,0,29.46,33.03,36.05,78.39,-20.19,94.73,41.57
Battery Under Voltage,1,39.27,50.22,64.72,47.57,-68.68,5.22,9.03
Deep Discharge Warning,1,45.16,58.05,62.78,45.38,-41.06,4.87,13.65
Harsh Braking,0,26.29,30.09,35.59,66.62,-12.29,58.1,38.14
Harsh Braking,0,27.59,29.49,37.78,71.69,-13.67,71.9,17.39
OverSpeed,0,29.66,35.53,40.63,66.95,-17.33,56.3,53.62
Low SoC,1,40.07,49.25,74.41,46.89,-52.63,2.64,0.35
Battery Under Voltage,1,32.15,45.88,46.29,48.42,-55.79,9.8,24.49
OverSpeed,0,31.39,38.08,45.01,65.09,-11.99,44.37,32.2
OverSpeed,0,40.13,45.78,44.74,69.56,-41.38,65.02,27.39
Harsh Acceleration,0,30.9,40.48,42.95,61.56,3.05,41.31,38.51
Deep Discharge Warning,1,42.45,54.7,62.56,46.15,-60.86,2.65,20.9
Harsh Braking,0,27.11,35.87,37.28,77.08,-9.92,92.44,47.23
Battery Under Voltage,1,45.74,54.2,63.92,44.46,-41.98,2.76,32.96
Harsh Cornering,0,26.45,36.42,38.94,70.52,4.65,64.63,18.82
Harsh Braking,0,29.25,37.25,33.84,69.75,-35.35,63.55,20.87
Harsh Braking,0,31.01,39.96,47.17,75.02,-24.32,82.85,32.11
Harsh Acceleration,0,32.51,39.13,51.6,66.87,-11.51,52.19,37.78
Battery Under Voltage,1,42.19,52.97,71.97,45.52,-43.64,2.03,9.09
Harsh Acceleration,0,35.01,38.3,48.51,79.75,-24.59,94.05,24.73
Deep Discharge Warning,1,32.69,38.66,63.43,46.21,-52.82,11.07,12.48
Low SoC,1,44.92,56.13,66.65,47.26,-68.9,4.31,3.21
Consecutive Fast Charging,1,52.35,62.66,68.83,45.58,-46.5,4.23,1.67
Harsh Cornering,0,34.71,42.14,48.37,78.53,-8.9,94.75,37.9
Harsh Braking,0,31.41,38.0,41.62,77.12,-1.72,91.46,20.73
Deep Discharge Warning,1,49.78,66.08,83.76,46.14,-41.03,11.17,1.07
Harsh Cornering,0,27.62,33.23,43.39,76.49,-30.05,89.5,36.73
Harsh Braking,0,26.27,28.13,28.07,70.63,-18.35,71.81,56.19
Harsh Acceleration,0,30.73,37.89,38.85,69.82,-2.8,67.24,22.84
Harsh Braking,0,29.73,37.99,35.06,78.65,-3.95,95.46,32.53
Battery Under Voltage,1,47.51,61.75,64.27,48.7,-53.06,15.24,5.02
Harsh Acceleration,0,29.74,35.6,44.81,78.23,-12.35,94.97,19.14
Low SoC,1,51.4,62.48,79.07,47.02,-43.66,8.51,11.84
OverSpeed,0,32.28,33.97,41.81,75.61,-10.91,82.77,12.68
Harsh Braking,0,27.77,38.1,47.13,67.91,-11.92,55.55,39.82
Low SoC,1,37.6,48.94,56.54,43.91,-59.69,5.94,29.69
OverSpeed,0,38.68,46.07,54.97,70.37,-19.44,69.49,32.46
Low SoC,1,40.72,47.01,54.61,46.06,-36.04,15.4,1.08
Harsh Acceleration,0,30.99,37.95,36.41,70.8,-14.58,71.62,43.53
Harsh Acceleration,0,31.27,44.79,51.42,63.78,-18.98,42.04,37.08
Harsh Acceleration,0,32.11,38.25,45.9,75.07,-14.39,83.54,38.61
Low SoC,1,43.45,52.72,62.34,45.95,-50.92,8.25,5.29
Harsh Acceleration,0,33.16,42.4,47.5,71.91,-22.01,74.54,28.16
Harsh Braking,0,27.92,35.55,44.43,64.23,-28.17,43.14,40.69
Harsh Acceleration,0,29.19,35.66,41.55,68.18,-18.53,51.46,46.34
Harsh Cornering,0,30.95,32.21,20.63,66.91,-24.01,52.66,53.81
Harsh Acceleration,0,33.93,39.63,48.23,64.01,-5.11,49.76,33.63
Battery Under Voltage,1,39.4,49.47,65.73,46.79,-42.12,13.65,1.67
Harsh Braking,0,28.26,32.44,37.01,66.79,-6.1,55.19,33.86
Harsh Acceleration,0,32.45,41.0,41.19,66.52,-8.31,48.76,13.08
Harsh Braking,0,25.37,32.43,44.0,75.77,-11.17,93.18,31.82
Harsh Braking,0,30.52,35.48,43.16,78.38,-3.92,90.48,33.67
Harsh Acceleration,0,33.99,40.19,35.47,70.39,-0.76,68.75,23.31
Thermal Overheat Surge,1,53.33,62.8,78.21,47.44,-40.45,6.94,1.99
OverSpeed,0,33.68,44.21,45.09,72.35,-5.86,71.89,15.84
Battery Under Voltage,1,50.45,59.18,75.27,47.36,-39.64,9.16,20.8
Low SoC,1,43.81,57.27,63.23,46.86,-41.98,1.32,1.89
Deep Discharge Warning,1,38.17,46.0,66.83,48.04,-48.57,8.69,23.9
Harsh Braking,0,32.7,45.92,46.68,79.0,-26.18,97.92,32.32
OverSpeed,0,24.82,27.86,36.2,75.21,4.4,82.2,35.27
Harsh Cornering,0,29.05,35.63,39.95,79.9,-12.78,96.52,36.89
Harsh Acceleration,0,28.1,37.55,39.88,73.21,9.98,73.71,0.0
Harsh Braking,0,28.5,35.88,41.37,68.05,2.82,57.12,41.18
Battery Under Voltage,1,46.44,55.02,77.91,46.02,-24.11,1.11,15.43
Low SoC,1,43.28,61.17,59.96,45.01,-46.34,2.4,12.06
Harsh Acceleration,0,29.94,33.52,43.68,79.19,-4.91,94.59,32.71
OverSpeed,0,29.14,34.87,38.13,77.93,-14.9,88.82,42.86
Harsh Braking,0,35.57,40.14,43.24,75.01,-10.11,78.14,12.9
Harsh Acceleration,0,18.79,23.27,25.12,67.9,-38.09,52.21,40.44
Battery Under Voltage,1,45.91,58.25,62.56,47.53,-23.98,10.32,10.8
OverSpeed,0,28.18,33.3,42.78,67.08,-12.19,51.28,46.79
Low SoC,1,53.69,66.59,73.26,48.42,-38.02,6.11,13.48
Consecutive Fast Charging,1,34.69,42.1,46.92,48.91,-19.93,13.18,16.19
Battery Under Voltage,1,52.45,55.38,78.45,46.48,-16.61,8.41,7.23
Low SoC,1,47.32,65.39,56.32,44.8,-52.68,5.73,20.21
Harsh Acceleration,0,25.05,32.41,42.39,70.88,-6.07,71.77,59.91
Deep Discharge Warning,1,38.01,44.71,57.43,47.44,-44.5,1.68,6.16
OverSpeed,0,27.35,41.96,44.86,73.2,-12.56,81.57,33.91
Harsh Braking,0,27.74,33.66,41.71,65.36,-19.79,45.37,21.56
OverSpeed,0,34.85,45.65,48.33,77.79,-11.0,91.93,22.44
Battery Under Voltage,1,46.71,53.07,78.81,49.74,-37.89,13.36,12.74
Harsh Acceleration,0,32.43,38.57,50.73,64.35,-4.54,42.78,43.7
Low SoC,1,44.71,63.58,78.02,46.94,-41.18,10.68,23.79
Battery Under Voltage,1,35.89,49.07,69.23,45.87,-34.86,6.6,5.97
Harsh Cornering,0,29.58,37.81,41.92,72.93,-21.97,72.17,29.42
Deep Discharge Warning,1,30.49,44.83,55.88,46.91,-31.56,5.7,5.9
Low SoC,1,49.01,61.17,73.07,46.27,-34.5,7.96,17.98
Harsh Cornering,0,26.77,32.01,36.44,71.49,-15.34,67.05,53.45
Harsh Acceleration,0,33.61,36.05,52.29,65.55,-37.79,48.2,45.45
Low SoC,1,46.54,62.17,71.22,47.08,-56.81,16.92,33.89
Low SoC,1,35.73,44.91,55.42,44.55,-23.71,4.24,5.51
Harsh Braking,0,27.0,31.51,39.97,71.13,-21.28,68.94,29.54
Harsh Braking,0,30.6,39.34,40.63,62.42,-3.31,41.63,57.77
Harsh Cornering,0,30.72,36.59,37.8,78.31,-24.74,92.87,27.75
Harsh Acceleration,0,27.16,31.75,41.31,72.01,-33.61,71.07,40.28
Deep Discharge Warning,1,39.66,53.33,63.33,45.61,-64.71,5.98,1.92
Deep Discharge Warning,1,43.68,54.44,60.78,48.24,-49.52,10.63,35.14
Low SoC,1,37.17,49.44,55.09,47.17,-44.29,14.27,22.79
Low SoC,1,33.53,44.85,47.71,49.42,-24.61,20.34,20.16
Harsh Cornering,0,26.42,33.97,32.91,73.46,-16.13,78.11,13.33
OverSpeed,0,24.99,33.48,37.75,78.74,-6.47,91.34,21.63
Low SoC,1,31.03,42.72,32.15,46.54,-56.77,7.26,16.44
Deep Discharge Warning,1,43.66,58.52,64.93,45.83,-38.37,5.12,12.52
OverSpeed,0,25.36,34.34,36.66,65.95,-18.6,50.86,41.77
Battery Under Voltage,1,38.11,53.27,53.2,45.42,-42.29,4.4,6.59
Harsh Braking,0,35.6,44.39,45.19,68.02,-24.81,53.26,42.58
Deep Discharge Warning,1,46.53,62.22,71.52,46.84,-51.88,12.49,10.29
Harsh Braking,0,33.85,35.17,57.56,69.3,-12.69,61.0,38.76
Harsh Acceleration,0,32.29,38.93,50.84,79.49,-18.27,96.44,47.81
Consecutive Fast Charging,1,38.55,49.12,86.43,45.36,-56.98,4.33,45.47
Low SoC,1,39.98,51.48,65.93,43.88,-38.11,3.08,13.55
Deep Discharge Warning,1,32.43,43.72,49.05,46.97,-35.1,12.78,2.96
Harsh Cornering,0,24.92,31.38,38.39,77.07,-13.46,91.32,15.83
Low SoC,1,47.92,58.79,74.01,46.6,-56.37,2.14,2.58
Harsh Acceleration,0,22.09,26.16,35.3,75.19,1.9,86.31,20.35
OverSpeed,0,30.32,32.5,49.01,72.22,-6.94,76.39,38.94
Harsh Cornering,0,23.88,26.93,35.15,67.14,-28.33,59.52,15.81
Harsh Braking,0,29.27,36.52,45.59,62.83,-20.51,43.56,23.24
Harsh Acceleration,0,27.19,33.82,37.8,71.47,-17.8,72.07,16.47
Thermal Overheat Surge,1,50.97,58.9,81.53,45.44,-39.1,1.46,5.47
Harsh Acceleration,0,35.36,43.1,49.22,69.84,-34.68,64.41,12.62
Deep Discharge Warning,1,44.74,51.55,59.44,48.73,-38.46,15.25,19.0
Deep Discharge Warning,1,30.43,46.23,54.79,47.18,-53.88,7.46,24.9
Low SoC,1,60.65,69.87,75.85,46.91,-98.72,1.58,26.82
Harsh Braking,0,27.55,37.54,42.29,73.3,-2.67,74.44,25.48
Low SoC,1,45.0,61.83,69.44,46.23,-32.87,5.02,9.6
Harsh Acceleration,0,34.24,36.72,43.15,77.56,-13.49,95.8,48.5
Harsh Braking,0,32.44,40.85,42.03,68.98,-29.51,57.81,37.03
Deep Discharge Warning,1,41.79,53.98,56.54,46.53,-44.06,7.4,4.29
Harsh Acceleration,0,27.66,33.89,41.29,66.99,-4.51,52.78,31.02
Harsh Cornering,0,31.67,36.08,52.57,68.85,-13.66,59.51,21.56
Battery Under Voltage,1,30.67,43.57,68.35,46.03,-29.17,14.31,14.07
Low SoC,1,30.25,44.76,46.04,46.16,-60.93,4.83,19.79
Deep Discharge Warning,1,51.85,67.24,74.02,43.48,-31.2,3.42,41.82
Deep Discharge Warning,1,43.82,48.03,71.26,45.56,-8.02,11.71,1.64
Deep Discharge Warning,1,40.17,46.76,44.25,45.63,-53.23,7.83,0.3
Deep Discharge Warning,1,41.51,51.75,75.72,48.88,-63.95,7.73,10.31
Thermal Overheat Surge,1,37.34,43.76,56.69,47.57,-64.09,10.1,21.97
Deep Discharge Warning,1,43.89,52.67,75.13,43.58,-44.71,1.74,3.78
Harsh Acceleration,0,30.37,37.65,45.74,65.43,5.6,48.96,46.49
Harsh Acceleration,0,26.76,34.64,40.72,69.21,-9.35,64.75,19.28
Deep Discharge Warning,1,39.25,51.93,55.33,44.84,-64.7,4.94,48.1
Battery Under Voltage,1,44.84,62.24,65.97,46.61,-17.47,4.14,25.82
Consecutive Fast Charging,1,37.21,57.67,57.43,48.12,-51.54,4.75,10.3
Deep Discharge Warning,1,40.68,57.56,61.8,44.46,-39.57,5.69,3.73
Deep Discharge Warning,1,39.82,52.69,67.6,47.21,-54.39,17.3,24.46
Battery Under Voltage,1,37.92,51.68,64.2,47.58,-51.34,4.31,9.0
Harsh Acceleration,0,38.7,47.03,45.71,78.29,-3.78,92.3,0.0
Harsh Braking,0,32.45,36.88,44.35,72.44,-15.96,74.82,33.55
Harsh Braking,0,26.92,35.42,44.85,67.26,-5.8,54.7,43.16
Deep Discharge Warning,1,48.84,59.89,67.15,45.46,-32.9,1.13,4.33
Low SoC,1,43.56,52.3,73.24,47.8,-52.35,1.42,23.23
Battery Under Voltage,1,28.9,40.14,63.78,45.88,-60.12,7.32,1.74
Harsh Braking,0,32.25,37.85,45.67,73.17,-15.43,77.4,37.19
Harsh Acceleration,0,31.54,34.22,44.88,78.73,-6.15,96.97,17.52
Harsh Braking,0,26.85,32.64,34.85,68.39,-0.25,54.64,42.72
Harsh Cornering,0,26.39,32.17,35.71,74.11,-28.79,76.31,13.63
Battery Under Voltage,1,35.31,43.37,61.0,46.31,-47.23,1.47,0.45
Harsh Acceleration,0,30.6,35.36,46.34,77.37,-14.79,94.06,40.96
Battery Under Voltage,1,36.34,49.96,58.53,46.98,-7.01,6.69,7.55
Harsh Braking,0,29.38,36.96,39.85,73.61,-14.22,76.76,12.76
Thermal Overheat Surge,1,31.13,41.15,44.59,44.68,-51.57,2.77,4.97
Thermal Overheat Surge,1,52.71,62.04,71.17,47.28,-45.4,10.15,3.81
Harsh Acceleration,0,26.36,35.04,44.61,73.34,-2.41,78.25,45.04
Harsh Cornering,0,30.15,36.71,43.25,77.46,-10.62,92.61,11.35
Harsh Acceleration,0,32.99,36.29,52.75,77.58,-10.49,91.59,48.74
Harsh Acceleration,0,29.18,33.52,39.64,64.83,-22.05,42.74,41.31
Battery Under Voltage,1,41.77,47.48,66.32,45.69,-36.12,2.29,12.56
Harsh Braking,0,29.82,37.04,40.82,76.87,-7.0,91.94,23.66
Deep Discharge Warning,1,41.92,50.25,59.91,47.55,-60.78,9.05,24.58
Harsh Braking,0,25.97,33.93,36.17,73.6,-8.11,76.92,22.33
Low SoC,1,44.8,59.83,76.38,50.27,-47.96,24.46,17.95
Deep Discharge Warning,1,44.16,52.25,71.91,47.69,-57.18,13.4,22.45
Battery Under Voltage,1,40.38,53.62,59.5,47.98,-34.49,8.38,43.24
Deep Discharge Warning,1,42.01,61.97,59.48,47.82,-51.49,9.12,10.43
Harsh Acceleration,0,34.28,38.9,44.05,73.52,-8.52,78.42,26.13
Deep Discharge Warning,1,36.16,48.74,58.96,44.25,-52.68,2.22,28.9
Harsh Braking,0,30.57,38.84,38.01,75.15,-21.69,85.1,33.68
Harsh Braking,0,30.01,39.61,40.79,66.9,-25.74,49.78,33.89
Harsh Cornering,0,24.8,31.62,34.39,76.3,-14.99,90.49,16.69
Harsh Braking,0,27.9,30.42,40.08,64.55,-2.33,46.79,21.73
Harsh Braking,0,25.62,34.47,46.76,63.55,-7.31,41.92,32.84
Deep Discharge Warning,1,46.35,62.48,88.28,46.5,-26.07,8.62,53.11
Harsh Cornering,0,28.42,30.97,48.21,66.09,-23.34,51.58,40.8
Harsh Braking,0,27.03,30.41,38.72,71.97,-13.83,72.94,17.12
Harsh Cornering,0,29.41,38.25,35.33,77.78,-1.38,92.93,26.0
Harsh Braking,0,28.13,30.81,35.49,65.9,-4.71,51.29,40.05
Harsh Cornering,0,30.79,38.42,36.67,72.01,-15.32,72.06,22.49
Harsh Braking,0,34.72,47.21,35.28,77.25,-25.6,87.04,28.35
Low SoC,1,52.16,64.9,78.74,48.19,-51.79,6.8,20.02
Battery Under Voltage,1,34.33,48.08,61.48,47.33,-22.47,4.42,8.04
Consecutive Fast Charging,1,40.38,47.72,53.53,46.57,-46.35,12.42,48.96
Harsh Cornering,0,28.21,34.45,43.36,65.09,-1.89,47.06,42.62
Low SoC,1,44.91,44.44,63.84,46.5,-53.39,4.81,36.14
Harsh Braking,0,27.28,34.4,39.72,71.4,-11.01,69.26,8.62
OverSpeed,0,29.57,39.51,39.93,65.7,2.82,44.18,43.7
Harsh Braking,0,27.97,35.74,42.94,78.04,-24.48,93.7,46.42
Battery Under Voltage,1,51.58,59.08,72.37,44.46,-74.42,0.2,9.81
OverSpeed,0,31.15,35.97,37.24,74.09,-18.31,79.4,15.62
Low SoC,1,32.16,46.22,53.35,43.43,-44.22,1.62,1.56
Harsh Acceleration,0,33.76,37.14,49.07,64.17,-5.98,43.66,55.51
Deep Discharge Warning,1,45.38,57.63,69.39,44.83,-46.09,1.43,5.78
Harsh Acceleration,0,30.87,43.78,41.68,63.05,-15.64,40.08,44.2
Deep Discharge Warning,1,44.4,58.0,73.7,44.6,-42.59,5.47,3.71
Harsh Braking,0,27.26,37.21,39.12,67.3,-20.43,56.69,31.8
OverSpeed,0,33.71,40.31,41.8,71.81,-28.84,65.64,29.55
Battery Under Voltage,1,43.48,58.76,74.38,49.75,-53.85,16.44,100.18
Low SoC,1,55.82,62.61,92.95,46.43,-64.35,3.25,1.96
Battery Under Voltage,1,29.29,36.54,53.09,49.89,-35.68,12.6,1.45
Harsh Braking,0,28.85,40.73,39.53,79.8,-5.37,93.64,44.48
Low SoC,1,43.56,48.18,64.89,49.51,-60.97,9.83,19.39
Harsh Acceleration,0,25.87,33.14,39.53,75.22,-1.61,84.37,38.54
Battery Under Voltage,1,46.72,57.56,87.01,46.25,-29.13,8.92,14.94
Harsh Braking,0,35.42,43.71,49.11,66.6,-30.87,54.67,42.3
Harsh Cornering,0,31.49,36.72,43.52,74.2,-12.3,76.76,25.11
Deep Discharge Warning,1,46.1,62.48,76.82,49.76,-43.54,17.51,54.86
Deep Discharge Warning,1,43.98,52.32,74.32,48.57,-51.92,14.59,16.6
Deep Discharge Warning,1,47.18,58.54,74.45,44.19,-39.92,4.93,1.82
Battery Under Voltage,1,30.57,42.47,64.0,47.57,-50.44,8.21,1.42
Deep Discharge Warning,1,43.35,54.53,87.68,43.8,-57.39,3.95,30.45
Harsh Braking,0,39.95,46.61,47.98,74.3,-12.47,80.79,31.38
Harsh Acceleration,0,33.27,36.21,48.14,76.13,-31.2,84.68,31.7
Harsh Acceleration,0,31.77,32.54,46.91,75.74,-11.96,81.52,31.24
Harsh Braking,0,30.56,34.57,41.38,75.54,-27.07,84.27,28.1
Deep Discharge Warning,1,41.49,60.08,63.68,46.85,-56.11,13.73,5.06
Harsh Acceleration,0,21.9,30.53,36.59,77.15,-14.56,88.64,39.42
Harsh Acceleration,0,26.31,32.78,44.29,72.06,-0.71,74.61,26.42
Harsh Acceleration,0,28.52,32.09,38.13,62.74,-20.81,42.05,76.46
Battery Under Voltage,1,33.57,38.4,53.42,47.1,-61.11,2.68,44.04
Battery Under Voltage,1,35.71,49.01,71.06,43.81,-57.19,3.34,8.04
Harsh Cornering,0,33.37,40.58,45.27,70.99,-15.92,69.64,46.86
Consecutive Fast Charging,1,41.18,52.69,73.13,47.37,-35.75,0.85,3.99
Harsh Acceleration,0,33.19,41.95,50.72,64.71,-27.58,48.72,36.78
Low SoC,1,40.87,53.89,72.19,47.97,-37.59,11.19,20.88
Harsh Acceleration,0,22.88,27.48,32.01,76.84,-23.9,92.03,47.33
Low SoC,1,53.86,71.48,74.85,47.59,-53.39,13.06,4.95
Harsh Acceleration,0,30.59,34.29,41.47,70.31,-29.69,65.65,33.82
Battery Under Voltage,1,38.64,43.17,81.21,47.17,-26.91,4.8,8.0
Deep Discharge Warning,1,49.7,57.05,80.35,44.45,-40.71,4.44,98.36
Harsh Acceleration,0,25.75,32.32,39.29,64.88,-11.43,45.1,51.81
Harsh Cornering,0,30.72,32.84,42.79,75.26,-21.69,85.73,29.43
Low SoC,1,44.59,55.04,85.83,47.31,-49.29,12.0,13.81
Harsh Braking,0,23.9,33.13,25.89,73.61,-8.49,78.78,29.83
Harsh Braking,0,34.06,44.22,53.62,77.29,-18.56,86.77,33.37
Harsh Acceleration,0,32.1,43.05,41.28,72.36,-21.17,75.29,20.05
Low SoC,1,47.59,61.42,59.19,46.35,-23.92,12.7,22.17
Battery Under Voltage,1,43.81,63.77,74.23,45.13,-21.22,3.25,43.54
Harsh Cornering,0,35.44,39.43,41.95,72.91,-16.58,73.84,34.51
Harsh Braking,0,28.86,35.56,39.74,70.76,2.1,63.35,37.19
Deep Discharge Warning,1,39.35,50.0,61.2,42.92,-68.97,0.75,18.67
Low SoC,1,48.26,58.59,65.25,45.37,-36.1,1.76,9.71
Harsh Braking,0,35.18,43.82,39.24,68.77,-16.67,55.57,18.89
Low SoC,1,38.64,51.64,60.23,49.21,-37.32,5.11,4.64
Low SoC,1,30.94,39.29,62.29,47.0,-61.77,8.94,3.63
Low SoC,1,30.74,42.16,56.18,44.49,-27.33,3.63,11.83
Harsh Braking,0,29.25,33.87,51.57,73.66,-9.54,73.44,49.72
Low SoC,1,50.22,62.51,75.51,47.0,-32.47,4.27,24.87
Low SoC,1,25.68,40.14,52.55,47.65,-52.26,11.1,11.42
Harsh Braking,0,28.72,34.71,34.29,70.16,-13.38,64.14,29.89
Battery Under Voltage,1,44.44,55.86,64.15,46.19,-67.31,9.73,13.77
Deep Discharge Warning,1,48.22,48.1,73.46,47.73,-70.1,5.82,17.7
Deep Discharge Warning,1,39.17,53.18,63.03,42.61,-62.73,1.6,1.32
OverSpeed,0,35.9,42.42,48.54,71.94,-13.97,72.67,51.97
Harsh Cornering,0,33.01,39.25,42.29,70.55,-23.91,69.93,41.28
Harsh Braking,0,30.97,36.94,41.99,71.9,-26.58,64.54,46.18
Harsh Cornering,0,31.36,38.6,40.94,80.74,-4.38,97.29,19.64
Deep Discharge Warning,1,44.72,59.54,72.02,44.74,-46.59,0.63,16.39
Harsh Braking,0,22.93,29.39,32.96,79.13,-19.62,93.72,13.75
Low SoC,1,38.38,48.39,67.28,44.9,-33.52,3.67,20.76
Low SoC,1,42.87,58.01,71.87,45.63,-49.58,13.24,1.13
Harsh Cornering,0,31.85,40.4,36.95,73.25,-14.67,77.66,50.12
Harsh Braking,0,30.44,39.21,38.12,77.78,-18.05,89.63,20.42
Harsh Acceleration,0,27.34,34.01,40.78,66.53,7.0,53.77,34.33
Low SoC,1,29.74,45.38,47.83,49.25,-59.28,20.4,32.31
Battery Under Voltage,1,46.45,61.34,73.17,46.61,-54.54,1.59,12.65
Harsh Acceleration,0,29.78,35.14,42.35,69.01,-8.58,61.37,35.16
Harsh Braking,0,26.09,31.59,34.09,72.47,-24.33,76.6,34.3
Thermal Overheat Surge,1,45.33,64.99,75.75,45.73,-46.76,3.77,17.32
Consecutive Fast Charging,1,40.73,56.09,72.59,43.98,-30.39,5.17,20.7
Low SoC,1,41.29,45.57,58.98,45.57,-81.61,4.28,1.72
Harsh Acceleration,0,31.46,39.51,43.83,63.94,-17.95,42.91,36.21
Harsh Acceleration,0,30.66,38.77,35.64,68.86,-22.93,62.49,36.4
Deep Discharge Warning,1,53.81,64.37,77.11,45.91,-53.27,2.9,8.5
Deep Discharge Warning,1,37.33,50.31,59.53,50.15,-33.6,18.31,17.5
Harsh Cornering,0,35.07,42.66,49.99,74.96,-12.17,85.0,26.56
Harsh Braking,0,29.46,34.47,40.98,72.32,-0.01,73.78,19.98
OverSpeed,0,34.66,38.51,46.13,69.83,-6.7,55.7,30.08
Deep Discharge Warning,1,43.5,58.37,67.15,44.65,-23.05,1.93,11.94
OverSpeed,0,31.69,39.73,43.92,74.15,-19.43,77.2,41.24
Deep Discharge Warning,1,48.08,56.22,79.11,47.1,-58.23,15.19,31.76
OverSpeed,0,25.88,27.28,33.89,69.4,-11.83,64.7,30.03
Harsh Cornering,0,36.99,41.05,53.06,77.86,-2.93,97.35,25.6
Harsh Braking,0,35.77,41.44,45.78,65.24,-19.69,46.17,29.62
Thermal Overheat Surge,1,43.88,48.83,63.58,45.72,-36.49,9.68,0.26
Thermal Overheat Surge,1,53.72,58.15,88.76,45.95,-34.65,4.69,0.35
Low SoC,1,35.33,46.35,54.13,44.61,-50.23,6.45,6.35
Harsh Acceleration,0,29.56,35.36,40.49,74.73,7.16,82.74,28.85
Deep Discharge Warning,1,42.17,53.03,73.35,46.76,-34.53,6.61,16.49
Deep Discharge Warning,1,24.81,34.04,55.17,46.9,-44.51,7.9,32.39
Thermal Overheat Surge,1,44.93,61.97,72.92,43.82,-43.52,1.12,3.13
Harsh Acceleration,0,23.5,26.6,24.51,76.17,-19.62,89.51,26.78
Harsh Acceleration,0,22.96,31.03,34.64,75.71,-4.78,81.18,24.47
Harsh Braking,0,27.29,34.56,44.74,69.85,-17.21,62.85,32.98
Deep Discharge Warning,1,52.22,67.77,77.54,46.83,-62.29,0.53,19.43
Harsh Braking,0,35.4,39.46,43.34,66.22,-4.56,49.84,12.1
Harsh Acceleration,0,25.47,30.36,44.95,63.62,0.43,43.41,49.96
Battery Under Voltage,1,50.63,60.26,70.73,47.03,-70.89,5.19,6.4
Harsh Cornering,0,26.83,30.62,44.66,74.6,-3.11,80.97,16.96
Harsh Cornering,0,35.64,43.65,40.83,77.51,0.2,89.4,39.01
Low SoC,1,37.13,42.7,59.58,47.64,-60.12,5.99,0.22
Harsh Acceleration,0,29.51,36.49,35.62,72.54,-22.83,68.58,35.52
Low SoC,1,51.07,69.46,83.4,47.35,-50.01,16.84,36.38
OverSpeed,0,29.02,38.48,46.45,77.45,-2.21,92.17,34.58
Deep Discharge Warning,1,36.14,43.47,75.63,48.51,-60.44,9.99,4.1
Deep Discharge Warning,1,39.07,49.65,64.03,44.88,-28.27,5.31,4.68
OverSpeed,0,24.49,31.08,39.67,69.51,-31.77,66.42,28.0
Harsh Acceleration,0,32.04,40.34,46.57,72.54,-10.38,72.34,43.55
Thermal Overheat Surge,1,41.08,53.98,60.37,46.14,-44.15,12.08,10.56
Harsh Acceleration,0,32.32,39.42,35.49,67.98,-18.92,55.45,34.48
Harsh Braking,0,32.6,39.21,42.57,69.6,-4.04,59.26,41.8
Harsh Acceleration,0,34.03,42.14,50.96,80.24,15.31,95.9,16.18
Deep Discharge Warning,1,37.29,50.61,58.29,48.41,-64.87,10.71,7.28
OverSpeed,0,24.15,32.07,41.5,73.91,-31.35,77.21,37.35
Low SoC,1,44.44,60.49,68.88,45.34,-27.04,8.24,3.99
Harsh Braking,0,27.31,34.0,42.95,71.94,-7.81,65.58,21.36
Harsh Braking,0,26.88,29.34,33.23,66.39,-12.04,54.09,76.55
Low SoC,1,38.42,49.44,57.35,47.94,-65.23,13.51,6.87
Battery Under Voltage,1,35.28,50.23,64.49,48.74,-23.78,14.38,26.09
Harsh Braking,0,33.93,43.0,45.24,67.41,-14.09,52.27,7.04
Harsh Braking,0,24.24,31.46,32.35,76.03,-22.9,86.49,23.38
Battery Under Voltage,1,42.71,55.58,78.08,48.28,-0.93,6.62,28.64
Battery Under Voltage,1,50.65,58.33,72.72,46.54,-21.11,6.78,28.3
Harsh Acceleration,0,28.47,33.88,35.53,64.48,-6.88,45.69,23.43
Low SoC,1,46.5,58.45,67.68,47.02,-39.97,9.06,10.61
Thermal Overheat Surge,1,36.63,46.84,60.02,46.9,-29.65,13.58,9.99
Deep Discharge Warning,1,36.29,53.31,54.42,45.98,-62.25,11.72,1.43
Harsh Acceleration,0,33.68,36.27,44.15,68.17,-13.25,58.35,38.23
Deep Discharge Warning,1,49.99,58.71,86.61,48.35,-48.83,17.04,6.21
Harsh Braking,0,36.01,40.46,53.35,72.41,-35.99,75.52,37.05
Harsh Acceleration,0,25.1,27.47,36.53,73.04,-25.61,78.42,36.56
Low SoC,1,29.81,42.98,60.29,45.68,-39.55,9.78,5.32
Deep Discharge Warning,1,50.19,61.85,71.58,45.39,-43.69,1.88,12.42
OverSpeed,0,33.67,39.94,38.47,66.36,-9.74,51.49,38.62
Consecutive Fast Charging,1,42.82,63.15,77.64,42.98,-56.67,0.21,5.25
Harsh Acceleration,0,29.74,34.23,50.7,68.66,-3.34,59.41,46.37
Harsh Braking,0,29.73,33.99,41.3,67.5,-24.4,56.14,47.57
Harsh Braking,0,32.9,34.29,37.52,69.23,-22.14,60.4,17.31
Deep Discharge Warning,1,41.83,51.61,81.8,46.89,-4.16,3.81,3.45
Low SoC,1,39.23,49.33,54.26,45.87,-52.6,9.2,10.42
Harsh Acceleration,0,28.33,35.44,33.99,65.42,-10.74,47.91,26.27
Harsh Cornering,0,21.8,22.68,33.1,79.37,11.14,93.55,44.24
Harsh Braking,0,29.03,33.74,40.17,68.92,-15.92,57.17,43.63
Harsh Acceleration,0,28.94,33.8,47.87,75.8,-5.49,87.16,8.05
Harsh Acceleration,0,34.26,43.45,52.31,75.09,-1.95,82.64,43.46
Battery Under Voltage,1,48.13,64.0,72.46,45.87,-47.94,8.54,25.33
Deep Discharge Warning,1,44.57,66.64,60.33,45.14,-35.54,6.18,56.77
Harsh Acceleration,0,39.17,46.98,52.8,78.02,-15.25,93.5,21.1
Harsh Cornering,0,26.43,35.19,36.22,64.19,-13.12,46.96,42.36
Low SoC,1,31.14,42.05,58.4,48.53,-39.87,3.43,10.47
Consecutive Fast Charging,1,41.67,59.12,65.55,46.72,-42.43,3.94,45.13
Harsh Braking,0,31.77,37.69,40.64,72.09,-31.01,70.65,23.68
Consecutive Fast Charging,1,44.26,64.98,69.46,47.19,-38.57,11.09,14.7
Consecutive Fast Charging,1,39.62,55.65,60.56,46.18,-40.13,1.25,2.65
Harsh Braking,0,30.55,37.95,40.95,75.48,-2.65,85.81,33.99
Consecutive Fast Charging,1,32.85,41.87,62.0,45.97,-31.51,2.87,10.23
Deep Discharge Warning,1,37.48,53.54,61.85,45.94,-64.38,9.64,14.02
Low SoC,1,42.39,48.12,74.36,47.02,-74.86,14.47,30.68
OverSpeed,0,30.59,38.01,36.33,65.2,-10.95,48.19,35.62
Harsh Acceleration,0,23.51,24.74,32.16,75.16,-20.86,86.73,40.11
Battery Under Voltage,1,52.59,64.5,70.4,47.71,-42.54,8.03,22.32
Harsh Acceleration,0,27.28,32.81,43.41,65.85,-26.34,46.85,31.31
OverSpeed,0,33.01,41.89,53.15,66.68,-21.61,55.21,28.41
Harsh Acceleration,0,23.86,32.9,30.19,74.78,-10.85,85.89,21.22
Low SoC,1,49.2,62.72,68.56,47.4,-19.89,2.78,1.49
Harsh Cornering,0,30.5,36.05,39.23,70.61,-17.76,64.16,18.7
Harsh Acceleration,0,29.6,34.82,40.9,63.9,-15.18,42.13,19.38
Low SoC,1,64.58,73.79,87.68,49.47,-26.57,16.27,37.59
Harsh Acceleration,0,34.89,41.81,45.43,73.6,-18.59,78.32,42.22
Low SoC,1,40.53,51.18,72.25,46.63,-10.51,5.96,0.94
Deep Discharge Warning,1,44.65,60.24,82.45,50.65,-51.31,17.08,0.05
Harsh Acceleration,0,30.69,37.85,47.09,69.24,2.43,60.61,54.04
Harsh Cornering,0,29.89,35.56,30.61,76.96,-21.95,88.38,28.71
Harsh Acceleration,0,25.35,32.21,34.87,76.22,-2.51,87.19,37.58
Harsh Acceleration,0,36.85,37.09,38.96,71.44,-25.12,69.16,23.06
Harsh Acceleration,0,28.43,40.23,39.93,75.5,1.79,85.47,49.01
Deep Discharge Warning,1,36.06,56.49,55.45,45.52,-20.62,3.93,44.12
Harsh Cornering,0,32.59,38.29,52.6,65.31,-23.48,51.37,32.28
Harsh Braking,0,29.82,41.39,36.6,75.08,-16.58,82.15,46.83
Deep Discharge Warning,1,56.15,67.93,84.46,47.24,-39.53,12.44,2.88
Harsh Braking,0,33.07,35.03,39.76,71.45,-10.73,69.28,10.08
Harsh Braking,0,33.57,39.95,39.69,77.61,-19.95,95.98,48.79
Low SoC,1,47.43,57.91,63.74,48.86,-42.11,12.66,14.67
Battery Under Voltage,1,52.25,66.98,71.33,45.67,-50.51,8.78,0.77
Harsh Acceleration,0,30.96,40.48,38.03,79.14,-15.88,95.02,40.99
Deep Discharge Warning,1,33.87,43.55,66.83,45.73,-50.99,2.88,37.16
Low SoC,1,54.61,65.97,89.12,48.66,-40.15,17.56,7.66
Low SoC,1,47.44,59.86,70.33,45.47,-54.27,3.37,1.95
Harsh Cornering,0,28.36,34.35,46.33,67.77,-13.68,60.85,40.34
Deep Discharge Warning,1,43.24,50.08,53.62,47.22,-25.75,9.79,0.86
Deep Discharge Warning,1,35.41,51.63,56.66,45.82,-40.68,5.2,11.2
Harsh Acceleration,0,24.7,28.91,38.88,79.71,-17.3,96.05,25.49
Battery Under Voltage,1,50.84,65.01,72.31,44.14,-43.95,5.95,0.52
Harsh Braking,0,35.41,37.23,42.22,68.79,-14.77,56.83,26.63
Harsh Acceleration,0,34.75,39.86,51.64,63.54,-19.14,41.92,22.1
Low SoC,1,36.1,39.71,61.67,45.12,-77.57,1.71,12.07
Deep Discharge Warning,1,45.45,57.05,83.12,47.82,-40.89,10.53,13.48
Harsh Braking,0,26.16,32.81,45.43,73.02,-21.53,74.26,29.56
Harsh Cornering,0,26.54,32.55,46.51,63.07,-9.11,40.25,38.29
Low SoC,1,50.93,55.0,71.54,46.36,-40.9,2.42,15.48
Harsh Cornering,0,34.62,37.75,49.44,78.78,-19.03,92.34,6.91
Harsh Braking,0,26.16,33.22,31.65,75.12,-17.17,88.87,24.85
Battery Under Voltage,1,48.08,58.34,72.79,49.06,-42.6,10.8,1.56
Harsh Braking,0,23.42,33.1,32.47,65.79,-28.89,48.52,27.91
Harsh Braking,0,32.04,40.9,46.05,62.75,-32.77,40.12,24.18
Harsh Cornering,0,34.04,38.94,48.26,70.87,-17.03,72.04,32.02
OverSpeed,0,32.19,32.48,43.98,64.3,-15.64,44.47,10.07
Harsh Acceleration,0,32.18,39.76,46.36,66.91,-11.47,57.69,30.47
Thermal Overheat Surge,1,37.79,46.7,56.45,43.86,-36.93,1.67,21.26
Harsh Braking,0,26.84,29.14,30.11,78.99,-17.35,96.53,18.43
Harsh Cornering,0,32.15,35.53,37.47,64.94,-24.85,46.17,50.04
Harsh Acceleration,0,32.57,36.5,42.89,75.68,0.08,82.12,41.61
OverSpeed,0,31.52,35.26,48.18,76.02,-8.01,87.75,35.88
Deep Discharge Warning,1,43.51,55.45,71.6,47.91,-37.96,13.29,7.75
Harsh Acceleration,0,36.72,40.72,37.45,77.87,-21.53,91.3,31.04
Harsh Braking,0,26.87,32.26,49.95,71.25,-12.76,69.92,41.32
OverSpeed,0,24.92,31.38,41.22,66.9,-12.84,56.94,15.56
Harsh Braking,0,30.36,36.53,50.72,68.72,-23.68,61.65,27.96
OverSpeed,0,22.65,32.47,30.19,63.97,-13.78,44.5,30.35
OverSpeed,0,26.21,33.26,37.09,77.91,-28.19,90.96,27.98
OverSpeed,0,37.08,45.15,49.92,75.23,-11.8,82.36,28.66
Harsh Cornering,0,33.39,36.34,49.03,65.85,-9.32,48.14,33.66
OverSpeed,0,30.19,35.21,46.58,67.02,0.83,52.94,46.97
Deep Discharge Warning,1,52.73,66.05,72.22,47.34,-58.08,8.07,29.82
Deep Discharge Warning,1,42.1,52.8,62.36,46.8,-15.46,12.59,16.91
Low SoC,1,55.07,68.66,98.77,45.09,-68.04,9.72,24.39
Harsh Braking,0,27.85,29.56,39.23,69.52,-17.45,58.05,22.74
Deep Discharge Warning,1,48.39,63.17,67.98,44.09,-31.95,0.93,17.85
OverSpeed,0,33.38,32.69,41.03,67.1,-7.01,50.18,54.03
Harsh Acceleration,0,25.01,30.33,45.28,80.6,-19.04,94.73,16.18
Deep Discharge Warning,1,37.05,52.48,60.47,47.79,-57.22,7.06,23.1
Harsh Acceleration,0,28.47,35.54,42.05,72.41,-0.15,74.02,19.62
Thermal Overheat Surge,1,46.99,53.64,60.08,47.36,-52.76,9.62,35.62
Low SoC,1,31.88,38.07,53.64,45.15,-50.33,7.87,0.54
Harsh Cornering,0,38.35,44.42,52.53,69.6,-2.22,66.12,9.13
Battery Under Voltage,1,34.28,45.23,59.56,47.74,-55.38,10.87,27.09
Low SoC,1,47.23,57.4,79.61,45.97,-56.29,9.13,14.27
Deep Discharge Warning,1,50.54,68.98,62.24,45.84,-60.87,3.09,13.23
Harsh Braking,0,35.81,40.38,44.17,73.16,9.06,70.83,29.71
Consecutive Fast Charging,1,32.81,46.16,51.48,47.13,-26.36,8.59,15.1
Consecutive Fast Charging,1,48.15,61.78,70.45,45.76,-68.23,0.24,26.18
Harsh Braking,0,29.83,35.12,35.72,68.19,-9.32,55.94,57.79
OverSpeed,0,29.53,33.53,42.02,74.39,-2.38,79.35,63.82
Deep Discharge Warning,1,36.78,48.09,61.33,48.96,-47.22,8.53,7.41
Low SoC,1,52.92,66.16,66.06,43.3,-66.22,1.34,24.94
Battery Under Voltage,1,49.99,58.35,68.66,48.0,-34.95,21.02,3.85
Battery Under Voltage,1,46.21,63.96,74.18,45.7,-62.65,2.07,19.94
Harsh Acceleration,0,27.4,33.02,38.44,75.11,-19.53,82.9,11.76
Harsh Acceleration,0,30.21,32.77,44.04,78.33,-11.77,89.92,47.54
Battery Under Voltage,1,54.77,69.32,80.38,46.47,-60.6,14.67,18.18
Deep Discharge Warning,1,43.81,58.69,67.38,49.12,-40.25,11.57,3.77
Low SoC,1,37.55,53.34,53.19,48.77,-65.7,22.02,7.75
Harsh Acceleration,0,37.59,42.25,45.81,72.05,-33.93,71.97,46.6
Harsh Acceleration,0,29.36,34.7,35.62,76.6,-17.3,88.24,18.17
Deep Discharge Warning,1,48.1,58.6,72.43,46.36,-33.15,8.33,3.61
Deep Discharge Warning,1,25.88,35.91,43.9,47.16,-58.74,15.21,16.21
Harsh Braking,0,27.44,33.7,33.35,79.32,-15.14,92.39,29.03
Harsh Acceleration,0,30.91,36.21,48.26,73.92,-21.99,77.44,26.55
Harsh Cornering,0,17.85,24.98,35.01,63.95,-7.18,41.79,22.08
Harsh Acceleration,0,33.15,42.18,43.87,74.7,0.21,81.09,36.29
Harsh Braking,0,34.89,44.69,48.37,77.6,-11.65,97.18,37.57
Harsh Braking,0,33.04,35.76,54.5,75.6,-29.91,84.04,48.21
Harsh Braking,0,29.35,37.08,37.49,71.35,-5.86,70.85,35.3
OverSpeed,0,35.07,40.46,44.78,68.21,-25.37,57.25,22.85
Harsh Acceleration,0,28.75,36.35,41.99,76.49,-8.05,89.03,32.09
Deep Discharge Warning,1,33.5,47.26,54.58,46.28,-62.45,5.84,7.71
Battery Under Voltage,1,46.7,55.99,73.44,48.98,-45.98,18.25,13.1
Battery Under Voltage,1,36.29,47.79,59.52,48.17,-50.64,10.73,8.45
Deep Discharge Warning,1,41.16,57.14,56.91,44.86,-51.43,10.19,5.78
OverSpeed,0,27.82,33.64,40.0,75.63,-8.9,86.88,35.66
Harsh Braking,0,32.8,38.76,44.46,68.78,-2.57,56.43,60.69
Harsh Braking,0,23.48,29.35,40.54,74.82,-18.63,79.13,15.97
Harsh Braking,0,26.68,33.52,38.76,63.15,-12.9,47.1,42.66
Harsh Cornering,0,32.89,40.21,40.52,66.51,6.93,55.51,31.3
Harsh Braking,0,24.14,32.66,35.29,75.81,-6.67,81.48,20.16
Consecutive Fast Charging,1,57.85,70.74,75.53,50.64,-26.49,21.02,10.15
Battery Under Voltage,1,39.56,53.19,52.07,47.5,-56.72,11.94,22.55
OverSpeed,0,26.99,33.19,42.0,77.65,-30.17,90.43,31.72
OverSpeed,0,22.25,28.01,34.38,77.02,-14.85,88.77,29.31
Harsh Acceleration,0,34.05,40.98,41.71,67.59,-22.57,52.57,38.67
Harsh Cornering,0,28.91,35.3,38.8,73.33,-30.4,75.48,17.78
Harsh Acceleration,0,32.25,32.95,42.08,72.72,1.41,77.33,25.29
Harsh Braking,0,37.23,44.34,54.68,64.49,-19.02,44.03,51.01
OverSpeed,0,38.19,41.25,58.21,64.0,-30.2,41.15,44.97
Low SoC,1,52.78,71.92,71.82,46.3,-42.34,11.5,2.9
Deep Discharge Warning,1,29.41,41.58,43.92,47.28,-49.95,13.11,7.08
Harsh Cornering,0,26.05,30.16,33.34,72.44,-29.32,70.27,24.78
Harsh Braking,0,27.57,32.79,44.78,73.04,-16.62,75.45,21.45
Harsh Acceleration,0,27.33,30.51,47.1,71.87,-5.59,70.27,33.03
Deep Discharge Warning,1,38.54,54.23,61.63,48.31,-61.64,11.96,7.34
Deep Discharge Warning,1,44.79,55.05,83.98,46.76,-58.79,5.94,7.6
Harsh Braking,0,29.86,38.3,50.69,67.01,-18.62,51.33,49.36
Deep Discharge Warning,1,44.74,61.5,67.71,43.43,-38.34,3.68,17.82
Battery Under Voltage,1,49.48,62.33,80.75,45.13,-64.2,4.49,1.01
Deep Discharge Warning,1,33.48,43.82,56.11,49.88,-42.37,21.74,6.46
Harsh Braking,0,36.67,41.31,51.66,73.99,-3.68,77.88,23.04
Battery Under Voltage,1,52.38,59.92,73.54,46.7,-22.68,7.17,47.19
Low SoC,1,47.13,59.54,68.55,48.72,-55.69,6.91,0.44
Consecutive Fast Charging,1,36.04,53.14,60.82,45.22,-27.14,0.88,10.4
Consecutive Fast Charging,1,44.63,59.75,78.84,46.79,-65.17,8.33,6.07
OverSpeed,0,30.44,37.71,45.34,74.39,-3.17,77.46,48.85
Harsh Braking,0,39.55,49.64,52.06,66.7,-10.04,53.99,33.35
Harsh Acceleration,0,34.48,39.53,48.66,77.38,-10.15,90.65,38.63
Low SoC,1,43.34,58.25,63.64,48.46,-38.99,15.47,18.49
Harsh Acceleration,0,29.87,33.96,42.29,63.98,-37.19,45.13,30.88
Harsh Braking,0,27.45,33.77,39.37,70.89,-32.85,71.04,42.19
Harsh Braking,0,29.59,35.7,46.85,65.16,-13.71,44.32,31.16
Harsh Acceleration,0,33.79,36.2,36.73,75.47,1.47,86.53,24.58
Low SoC,1,39.95,58.48,62.82,47.71,-42.57,9.7,17.2
Harsh Cornering,0,32.5,41.03,43.18,74.7,-20.03,78.42,28.98
Harsh Braking,0,23.33,31.08,29.23,68.31,-20.82,58.81,31.82
Thermal Overheat Surge,1,40.57,56.39,73.33,46.31,-60.06,2.77,4.91
Harsh Acceleration,0,32.88,42.98,41.66,71.66,-12.27,70.86,45.74
Consecutive Fast Charging,1,29.12,39.99,68.7,45.64,-42.05,7.33,28.43
Battery Under Voltage,1,29.23,40.83,43.91,45.78,-53.8,6.41,9.8
Low SoC,1,51.49,67.73,77.59,47.14,-69.79,2.52,12.05
Harsh Braking,0,26.99,33.88,39.7,78.54,-34.74,95.92,44.54
Harsh Braking,0,33.52,38.5,43.31,75.7,4.79,86.36,37.08
OverSpeed,0,30.25,34.87,45.41,66.87,-13.86,51.88,23.28
Deep Discharge Warning,1,45.08,54.16,89.38,48.99,-45.9,17.82,8.38
Harsh Acceleration,0,32.56,33.83,45.66,72.05,-33.59,78.2,42.59
Harsh Braking,0,29.56,32.45,49.47,67.92,-29.96,58.24,28.95
Harsh Cornering,0,31.88,40.38,44.8,77.1,-13.11,92.87,45.71
Battery Under Voltage,1,40.71,47.72,66.55,46.82,-28.07,13.3,36.89
Deep Discharge Warning,1,38.87,50.69,67.97,47.32,-33.95,7.36,36.15
Harsh Braking,0,32.24,38.71,40.74,75.55,-18.31,87.38,19.9
Harsh Acceleration,0,27.25,35.99,41.41,63.59,-14.03,42.44,27.63
OverSpeed,0,33.16,37.73,51.91,70.3,-14.52,62.66,4.43
Deep Discharge Warning,1,37.44,53.27,57.93,45.55,-47.37,6.3,73.05
Harsh Braking,0,24.04,31.46,32.57,64.93,-15.54,45.68,42.25
Deep Discharge Warning,1,45.99,58.07,70.93,50.78,-52.12,19.63,5.07
Thermal Overheat Surge,1,34.36,43.42,53.77,46.88,-39.36,6.41,32.39
Deep Discharge Warning,1,42.31,56.74,67.53,45.53,-37.85,4.71,1.73
Harsh Acceleration,0,25.04,32.85,37.63,76.32,-14.19,91.91,41.76
Deep Discharge Warning,1,52.19,59.08,64.25,44.57,-42.87,3.13,0.26
Harsh Acceleration,0,29.76,35.69,35.9,71.06,-10.52,68.72,31.35
Low SoC,1,38.25,45.08,61.82,46.99,-58.68,7.08,49.73
Deep Discharge Warning,1,51.46,61.93,73.23,45.51,-49.16,4.72,2.48
Harsh Braking,0,32.71,41.75,47.75,77.55,-15.25,96.52,16.59
Thermal Overheat Surge,1,38.41,50.46,75.28,47.78,-39.55,9.33,4.94
Deep Discharge Warning,1,38.08,50.66,70.04,43.56,-43.04,6.47,3.94
Harsh Braking,0,33.9,35.65,52.0,65.04,1.56,48.22,8.44
Deep Discharge Warning,1,29.64,33.33,51.83,45.64,-51.95,3.09,11.5
Harsh Braking,0,31.43,38.16,40.88,68.32,-13.08,56.66,19.32
Deep Discharge Warning,1,47.39,61.73,71.77,48.54,-38.16,26.01,0.17
Deep Discharge Warning,1,34.11,44.15,60.12,45.82,-40.93,6.23,16.31
Battery Under Voltage,1,34.25,50.68,80.01,46.76,-53.17,5.48,3.21
Harsh Braking,0,30.73,30.64,53.88,69.76,-10.85,61.13,29.07
Harsh Acceleration,0,28.14,33.52,37.03,78.09,4.55,89.45,22.96
Harsh Acceleration,0,33.16,42.23,59.29,67.07,-18.96,54.74,51.83
OverSpeed,0,34.48,41.31,45.94,66.88,-8.55,52.6,42.96
Harsh Braking,0,34.98,43.33,42.39,71.95,-5.73,67.43,42.74
Battery Under Voltage,1,47.74,50.62,70.52,45.7,-47.58,4.86,32.59
Harsh Cornering,0,28.93,36.59,37.32,79.11,-14.87,95.1,41.01
OverSpeed,0,33.42,40.46,43.38,67.54,-31.35,55.25,37.74
Deep Discharge Warning,1,42.85,51.9,52.37,47.99,-37.86,12.44,20.77
Low SoC,1,32.25,44.87,62.47,46.3,-38.83,10.89,1.33
OverSpeed,0,29.69,37.06,34.91,64.43,-14.03,41.07,30.23
Deep Discharge Warning,1,35.57,51.15,56.13,44.65,-41.69,6.53,5.1
Harsh Braking,0,29.52,36.02,42.16,73.32,-18.9,71.65,29.06
Low SoC,1,42.54,57.01,52.86,47.1,-19.87,11.46,9.04
Harsh Acceleration,0,25.12,34.76,37.8,76.29,-14.14,85.67,33.49
Deep Discharge Warning,1,58.33,66.63,85.33,51.1,-49.1,17.14,12.88
Harsh Acceleration,0,34.75,40.99,49.3,70.18,-32.21,61.33,47.09
Low SoC,1,40.48,54.88,68.34,45.88,-64.89,6.73,25.37
Harsh Cornering,0,30.68,33.67,44.61,78.4,-10.5,91.25,31.22
Harsh Cornering,0,28.84,33.1,43.78,64.54,-17.39,42.37,20.27
Deep Discharge Warning,1,44.07,54.38,63.49,46.38,-45.78,4.75,22.11
Low SoC,1,28.45,40.89,62.61,44.99,-48.85,3.19,28.2
Deep Discharge Warning,1,43.33,57.66,61.38,45.71,-34.34,0.4,1.14
Deep Discharge Warning,1,42.41,60.34,63.09,45.8,-26.95,11.3,21.82
Consecutive Fast Charging,1,41.44,50.3,53.53,45.52,-48.03,9.03,11.95
OverSpeed,0,25.83,30.86,35.7,67.02,-15.03,50.06,30.93
Harsh Acceleration,0,34.34,42.38,43.1,76.53,-14.84,87.65,37.78
Harsh Acceleration,0,37.27,41.36,51.23,77.35,4.29,93.42,24.37
Harsh Braking,0,28.99,37.98,38.22,75.53,-1.64,86.88,23.57
Harsh Braking,0,28.16,37.54,37.94,77.11,-28.38,84.5,45.28
Low SoC,1,37.0,50.67,65.55,45.35,-45.21,9.18,3.38
Deep Discharge Warning,1,52.62,59.67,86.33,47.45,-53.83,4.74,34.45
Deep Discharge Warning,1,48.16,52.93,71.53,50.52,-48.0,20.47,0.67
Low SoC,1,46.17,56.67,81.97,46.28,-45.79,4.16,18.61
Harsh Acceleration,0,26.41,33.0,41.72,67.24,-14.4,56.06,23.72
Harsh Braking,0,35.02,41.13,53.58,65.04,-11.8,48.54,23.09
Harsh Braking,0,28.85,37.33,42.45,76.86,-11.02,87.09,27.76
Harsh Acceleration,0,35.67,42.34,42.35,69.52,-9.84,59.11,13.11
Harsh Braking,0,30.07,39.63,36.82,66.58,-13.05,56.06,15.43
Harsh Braking,0,22.75,28.93,31.35,73.29,-21.77,72.2,74.25
Low SoC,1,42.38,50.88,70.2,46.49,-24.49,1.98,4.22
Harsh Braking,0,25.57,32.15,41.22,67.93,-22.23,53.02,32.38
Harsh Acceleration,0,26.03,29.79,40.84,74.76,-25.49,83.44,37.73
Deep Discharge Warning,1,37.35,47.86,58.42,46.94,-48.82,2.13,14.73
Low SoC,1,36.74,47.02,64.75,44.8,-18.41,5.5,11.67
Deep Discharge Warning,1,45.53,59.63,63.31,44.55,-36.79,2.09,4.09
Consecutive Fast Charging,1,52.33,59.03,80.43,46.52,-34.25,7.91,10.69
Harsh Acceleration,0,33.17,38.35,43.7,74.46,-17.51,80.62,32.43
Low SoC,1,37.07,45.76,64.07,45.11,-43.15,7.1,27.94
Battery Under Voltage,1,32.26,47.55,48.61,45.35,-73.57,5.0,21.94
Deep Discharge Warning,1,40.08,51.3,61.55,46.87,-26.27,8.62,5.24
Harsh Acceleration,0,24.08,26.39,37.59,66.4,-11.52,53.49,41.26
Harsh Braking,0,35.35,43.08,46.63,65.32,-17.34,43.06,33.93
Low SoC,1,33.98,43.73,58.3,44.27,-55.55,2.3,3.91
Harsh Acceleration,0,36.06,43.0,49.28,67.02,-13.64,56.82,26.82
Low SoC,1,39.7,54.86,67.36,46.74,-50.17,9.85,39.68
Thermal Overheat Surge,1,51.64,60.49,72.97,44.52,-43.44,7.32,10.76
Deep Discharge Warning,1,41.74,54.26,57.2,45.76,-33.51,7.98,12.58
Harsh Acceleration,0,27.84,35.53,38.05,69.07,-11.04,64.96,21.47
OverSpeed,0,29.98,28.37,40.25,64.99,-17.36,46.41,38.29
Harsh Braking,0,32.12,38.8,56.12,73.22,-3.95,75.44,23.97
Harsh Acceleration,0,29.81,31.18,37.86,64.53,-25.68,46.39,21.97
Harsh Acceleration,0,34.26,37.45,46.36,68.04,-9.39,55.43,20.01
Thermal Overheat Surge,1,42.25,55.79,63.0,46.82,-29.68,5.45,14.57
Deep Discharge Warning,1,42.3,58.25,73.84,47.6,-22.91,3.48,17.3
Harsh Braking,0,37.42,43.43,44.91,66.67,1.18,55.24,47.77
Deep Discharge Warning,1,42.46,52.01,56.77,46.85,-5.03,1.66,16.19
Low SoC,1,35.24,52.1,70.7,48.07,-79.28,6.67,9.76
Harsh Acceleration,0,31.22,37.33,47.63,63.97,-13.85,43.44,38.99
Battery Under Voltage,1,26.67,44.45,56.4,46.61,-18.05,9.51,11.14
Harsh Acceleration,0,32.73,35.46,48.9,75.28,-4.27,84.09,29.26
Low SoC,1,46.6,62.65,76.11,51.16,-39.62,26.31,25.67
Low SoC,1,48.21,64.4,65.15,45.51,-41.4,6.29,8.46
Battery Under Voltage,1,41.45,57.18,63.81,46.41,-62.16,3.09,7.58
Harsh Cornering,0,29.09,34.94,37.07,68.78,-33.01,56.05,20.13
Battery Under Voltage,1,53.81,64.94,72.76,47.73,-31.71,9.28,8.72
OverSpeed,0,30.26,34.55,42.8,69.28,-8.39,65.37,32.83
Thermal Overheat Surge,1,47.43,60.11,77.93,44.52,-76.3,3.14,9.57
Harsh Braking,0,30.65,36.34,42.52,70.63,-11.34,70.6,30.6
Deep Discharge Warning,1,37.47,46.53,65.93,45.4,-59.17,2.56,0.43
Harsh Acceleration,0,33.52,39.32,56.25,69.8,-5.71,62.19,54.1
Battery Under Voltage,1,44.14,57.67,81.06,47.84,-45.48,13.41,1.75
Harsh Acceleration,0,31.05,37.48,40.97,77.6,-16.23,90.59,30.0
Harsh Acceleration,0,29.11,37.34,34.94,74.59,-18.4,86.47,32.09
Harsh Cornering,0,34.49,38.45,46.39,73.01,-3.19,78.18,43.88
Low SoC,1,38.98,51.15,54.28,48.95,-62.27,16.47,1.57
Harsh Braking,0,27.26,31.26,42.75,75.26,-31.07,82.26,13.56
Battery Under Voltage,1,31.31,44.17,46.28,46.74,-43.86,8.84,0.82
Harsh Braking,0,27.13,34.18,44.04,73.21,-28.12,78.27,18.54
Low SoC,1,35.6,45.23,44.52,46.84,-48.94,17.46,12.46
Harsh Braking,0,33.65,40.42,42.42,74.82,-12.9,79.23,38.71
Battery Under Voltage,1,52.14,61.87,83.85,45.84,-33.64,0.47,2.41
Thermal Overheat Surge,1,45.5,59.75,64.36,43.94,-58.41,7.53,48.17
Low SoC,1,45.69,51.6,64.01,47.23,-39.47,10.01,5.31
Low SoC,1,57.14,73.62,81.19,47.92,-69.71,14.03,9.34
Harsh Acceleration,0,30.33,36.62,43.86,75.89,-21.11,85.2,21.43
Thermal Overheat Surge,1,53.31,63.48,59.77,47.65,-22.15,2.39,1.16
Low SoC,1,46.81,66.64,70.55,46.1,-57.21,8.51,16.61
Harsh Braking,0,23.93,33.33,22.76,66.79,-3.72,57.06,24.42
Deep Discharge Warning,1,40.91,51.55,72.32,49.62,-58.76,26.33,8.52
Battery Under Voltage,1,41.94,56.93,72.52,47.51,-15.56,11.82,2.81
Harsh Acceleration,0,26.09,30.74,51.28,77.93,-28.13,91.86,28.58
Battery Under Voltage,1,32.5,54.7,46.07,46.99,-44.95,0.71,4.98
Harsh Acceleration,0,36.23,42.72,49.73,69.79,-20.23,61.17,21.94
Harsh Braking,0,25.99,34.35,40.02,75.45,-16.82,82.83,26.05
OverSpeed,0,32.89,37.99,44.72,68.62,-25.2,59.29,30.68
Harsh Acceleration,0,31.28,37.29,31.2,70.92,-27.71,70.38,14.44
Deep Discharge Warning,1,43.55,53.75,66.26,46.08,-27.39,4.4,10.63
Low SoC,1,46.75,61.86,72.88,46.13,-48.44,2.42,25.91
Harsh Cornering,0,19.11,25.97,27.25,65.47,-24.2,44.8,25.85
Battery Under Voltage,1,44.07,56.56,62.72,45.08,-43.28,7.64,30.34
Harsh Acceleration,0,26.54,29.47,33.39,79.24,-8.73,93.16,35.87
Harsh Acceleration,0,21.38,27.74,26.74,71.29,-24.71,72.52,22.3
Harsh Braking,0,30.06,34.11,36.05,66.34,-9.42,52.43,31.27
Low SoC,1,35.71,48.77,54.71,46.01,-25.3,5.15,5.7
Harsh Acceleration,0,22.55,32.69,36.83,70.6,-11.47,66.79,48.28
Harsh Cornering,0,30.48,36.68,46.86,66.71,-1.03,53.62,43.76
Harsh Braking,0,36.97,38.37,48.1,75.94,-16.44,79.05,14.87
Deep Discharge Warning,1,31.86,47.52,67.33,47.67,-50.67,7.85,27.01
Harsh Braking,0,26.09,34.12,29.19,77.08,-15.71,88.06,39.8
Harsh Acceleration,0,33.58,36.77,43.74,75.86,-15.58,85.95,41.25
Harsh Acceleration,0,27.77,32.55,37.7,64.11,-18.41,44.29,62.32
Harsh Acceleration,0,32.78,41.26,38.52,79.1,-8.63,94.2,6.85
Harsh Acceleration,0,26.64,34.48,40.99,72.33,-10.15,75.87,21.5
Harsh Braking,0,27.83,30.9,38.12,73.9,-17.0,82.62,38.81
Thermal Overheat Surge,1,48.87,60.59,70.9,48.06,-34.84,17.4,22.56
Deep Discharge Warning,1,38.25,55.48,57.57,48.7,-64.25,16.72,31.91
Deep Discharge Warning,1,40.05,47.75,58.53,46.18,-33.05,2.7,20.1
Low SoC,1,34.08,50.73,51.21,47.78,-27.86,18.46,7.14
Low SoC,1,48.4,58.44,68.15,43.26,-50.71,2.3,1.12
Battery Under Voltage,1,24.88,43.62,49.81,46.68,-68.21,5.56,22.01
Deep Discharge Warning,1,39.91,45.36,64.19,46.7,-33.16,1.45,1.43
Deep Discharge Warning,1,38.32,42.63,60.83,46.12,-39.61,2.71,20.26
Low SoC,1,52.33,56.2,91.98,47.35,-30.39,4.88,25.15
Harsh Braking,0,35.34,36.7,47.0,75.89,-16.08,82.76,48.35
Consecutive Fast Charging,1,48.29,56.52,81.28,45.63,-56.62,9.02,2.74
Low SoC,1,38.15,48.04,68.63,46.7,-47.05,19.57,3.87
Harsh Braking,0,34.41,39.63,55.06,66.56,-12.18,51.55,22.33
Harsh Cornering,0,31.37,39.31,39.73,65.0,-8.33,45.53,17.61
Low SoC,1,32.68,42.53,45.98,45.45,-35.74,9.45,22.57
Harsh Acceleration,0,27.48,29.61,33.04,71.99,-13.27,66.48,41.03
Harsh Braking,0,26.92,29.23,35.48,65.52,-17.34,52.82,25.08
Harsh Acceleration,0,24.63,30.7,43.34,77.25,-6.21,92.04,40.05
Harsh Acceleration,0,33.74,39.32,51.4,76.82,-18.38,82.07,44.42
Harsh Braking,0,30.82,39.23,51.32,67.67,-12.36,60.18,40.05
Harsh Cornering,0,30.05,36.03,36.49,72.92,-10.74,72.84,9.05
Harsh Acceleration,0,30.25,39.77,50.34,68.85,-11.25,61.5,27.33
Low SoC,1,43.49,53.14,77.46,49.3,-51.82,11.5,14.18
Harsh Cornering,0,37.11,43.31,57.37,63.95,-19.91,42.56,33.1
Harsh Acceleration,0,31.6,37.92,43.76,68.22,-13.1,58.35,38.96
OverSpeed,0,25.77,32.6,36.04,71.12,-11.51,66.34,27.59
Battery Under Voltage,1,32.15,46.34,45.86,45.59,-41.59,5.75,0.7
Low SoC,1,45.28,54.48,64.29,48.91,-74.96,10.16,21.3
Consecutive Fast Charging,1,47.68,66.95,79.19,46.34,-66.74,3.11,0.9
Harsh Acceleration,0,30.79,38.41,44.71,67.62,-4.95,49.66,33.96
Harsh Acceleration,0,24.7,30.97,42.93,67.51,-9.02,60.0,51.42
Low SoC,1,54.28,66.17,86.27,47.81,-46.91,17.88,16.8
Harsh Braking,0,32.3,38.48,45.44,68.57,-20.75,62.14,17.02
Battery Under Voltage,1,43.17,50.8,67.61,45.71,-51.45,3.16,11.99
Harsh Cornering,0,34.28,38.51,41.8,67.2,3.09,60.66,44.04
Harsh Braking,0,32.51,42.48,45.12,70.9,-22.69,64.34,56.79
Low SoC,1,51.53,64.6,83.17,48.64,-43.34,13.84,4.09
Deep Discharge Warning,1,47.5,58.49,84.93,47.0,-25.8,10.71,34.57
Harsh Braking,0,37.35,47.71,56.95,72.16,8.11,76.69,43.3
Battery Under Voltage,1,43.54,54.86,67.61,47.61,-45.26,18.66,0.34
Harsh Acceleration,0,31.59,42.63,43.36,76.21,-4.38,87.5,31.71
Harsh Acceleration,0,31.49,40.35,43.16,68.24,-6.79,56.48,12.6
Harsh Acceleration,0,25.42,35.57,36.41,66.2,-6.6,50.04,45.1
Low SoC,1,35.39,50.06,70.68,46.6,-43.46,14.28,19.82
Low SoC,1,41.87,53.39,62.56,46.49,-33.13,5.59,36.66
Harsh Acceleration,0,34.31,43.68,41.68,70.96,-26.37,67.76,37.66
Low SoC,1,40.0,56.97,62.73,45.18,-16.61,4.45,8.82
OverSpeed,0,28.31,36.91,39.93,64.89,-22.58,41.85,20.6
Thermal Overheat Surge,1,44.56,57.54,80.63,50.26,-32.46,11.89,15.98
Harsh Acceleration,0,33.52,40.05,48.28,81.13,5.65,96.74,42.25
Deep Discharge Warning,1,38.86,53.22,65.94,44.95,-55.75,4.41,9.69
Battery Under Voltage,1,33.29,39.26,54.81,45.17,-50.03,3.13,26.65
Deep Discharge Warning,1,46.45,50.35,68.33,47.89,-39.49,6.48,38.0
Harsh Cornering,0,28.62,29.81,38.7,71.04,-8.19,66.02,21.6
Harsh Cornering,0,27.17,32.98,43.09,71.19,-16.24,71.7,39.71
Harsh Braking,0,28.95,33.76,37.47,63.51,-15.59,43.08,30.13
Harsh Acceleration,0,31.38,36.43,40.67,64.35,-1.85,46.42,47.95
Harsh Acceleration,0,30.93,38.11,42.41,65.83,-18.22,48.4,77.96
Harsh Acceleration,0,22.07,31.96,22.4,74.67,-26.68,79.95,29.06
Deep Discharge Warning,1,43.31,55.93,73.85,44.27,-47.92,1.62,3.53
Low SoC,1,42.19,50.63,60.25,43.32,-38.65,1.07,28.19
Harsh Braking,0,29.36,34.08,36.7,66.62,-3.02,54.56,23.55
Low SoC,1,33.71,48.05,57.36,48.07,-43.12,23.18,15.02
Deep Discharge Warning,1,37.94,53.25,60.83,48.0,-18.45,14.72,2.1
Harsh Acceleration,0,32.37,42.51,44.88,65.01,-23.05,48.85,36.49
Harsh Braking,0,24.59,29.3,40.19,63.99,-18.62,41.17,38.47
Harsh Acceleration,0,25.05,32.14,34.85,71.04,-18.91,67.88,16.65
Low SoC,1,49.93,55.36,65.77,43.84,-62.68,5.5,0.79
Deep Discharge Warning,1,32.65,42.96,53.72,43.38,-43.6,2.39,10.89
Deep Discharge Warning,1,36.2,42.82,61.64,47.53,-46.91,2.39,12.3
Harsh Cornering,0,30.92,37.54,46.54,68.2,-11.89,57.87,36.56
Harsh Acceleration,0,33.64,37.18,53.43,75.74,-24.41,83.81,24.22
OverSpeed,0,28.16,33.87,34.45,75.35,-1.73,86.32,24.33
Low SoC,1,36.63,48.71,67.44,47.7,-71.55,3.77,6.55
Harsh Acceleration,0,24.54,30.84,39.25,63.13,-11.64,42.6,46.45
OverSpeed,0,36.03,42.34,53.61,76.06,-9.97,86.72,18.26
Low SoC,1,39.42,55.87,49.29,45.61,-42.99,12.11,4.49
Harsh Acceleration,0,26.59,35.37,29.86,70.5,-16.45,67.0,7.08
Battery Under Voltage,1,47.8,58.92,68.48,46.34,-42.72,3.01,0.86
Harsh Acceleration,0,27.42,32.6,44.77,72.79,-13.52,72.2,28.87
Harsh Acceleration,0,31.14,34.44,38.66,71.25,-15.71,72.7,43.08
Harsh Acceleration,0,30.01,36.94,43.77,66.62,-12.83,47.51,6.49
Deep Discharge Warning,1,30.38,40.81,63.91,47.47,-42.21,12.12,15.61
Harsh Acceleration,0,30.89,38.87,48.72,66.69,-22.75,52.43,16.32
Battery Under Voltage,1,33.17,47.85,59.87,45.71,-44.43,0.61,1.79
Harsh Acceleration,0,35.5,42.87,45.06,79.33,-10.41,97.4,31.53
Harsh Acceleration,0,23.68,26.19,40.45,68.02,-0.89,55.79,18.63
Deep Discharge Warning,1,45.73,55.77,62.14,47.95,-39.64,10.12,4.67
Harsh Braking,0,29.29,35.75,39.95,68.62,-23.04,55.99,38.54
Harsh Cornering,0,27.63,30.37,43.39,68.73,-24.69,61.31,39.01
Low SoC,1,31.55,49.05,40.34,48.94,-53.18,5.65,20.53
Consecutive Fast Charging,1,50.45,65.83,75.03,48.14,-49.61,14.76,0.51
Deep Discharge Warning,1,36.61,43.68,72.01,49.39,-28.92,20.03,51.25
Battery Under Voltage,1,39.18,46.63,64.37,44.78,-24.74,4.48,29.72
Battery Under Voltage,1,53.35,64.86,80.11,48.42,-41.21,19.13,33.39
Harsh Braking,0,30.84,36.88,42.39,72.79,-23.28,76.25,56.43
Consecutive Fast Charging,1,39.54,49.78,64.14,46.19,-50.46,7.0,47.97
Harsh Acceleration,0,35.71,45.8,45.43,78.48,-2.29,94.26,30.56
Deep Discharge Warning,1,42.66,56.26,60.41,47.4,-61.06,5.05,5.33
Deep Discharge Warning,1,43.51,60.4,56.32,46.98,-51.56,5.69,26.96
OverSpeed,0,33.35,43.78,44.26,69.45,-19.07,61.22,30.68
OverSpeed,0,21.47,29.57,32.25,74.58,-26.96,83.59,48.89
Harsh Cornering,0,28.95,36.38,49.41,73.32,-8.03,72.27,25.7
Harsh Braking,0,27.66,38.32,44.13,71.27,-13.9,74.95,25.5
Deep Discharge Warning,1,43.1,54.13,60.15,45.34,-49.31,5.58,5.96
Harsh Braking,0,28.88,32.89,47.48,70.0,-7.08,70.12,27.88
Deep Discharge Warning,1,49.17,69.79,65.41,46.99,-24.87,8.72,22.1
OverSpeed,0,32.06,37.61,51.51,61.81,-15.25,40.47,26.82
Low SoC,1,42.57,61.36,55.22,46.4,-39.68,3.7,0.29
Low SoC,1,45.26,59.01,81.39,48.71,-23.02,8.67,5.24
Harsh Acceleration,0,28.26,31.65,46.05,75.94,-18.61,83.24,21.29
Harsh Braking,0,35.68,40.65,49.06,74.69,0.32,85.11,38.5
Harsh Braking,0,30.08,30.86,41.25,72.2,-15.71,70.4,22.52
Harsh Acceleration,0,26.3,30.69,35.47,66.9,-26.74,54.03,29.41
Harsh Braking,0,19.39,25.48,38.16,64.68,-13.13,45.2,35.55
Harsh Acceleration,0,29.85,35.1,34.08,72.81,-25.13,73.05,39.62
Harsh Braking,0,32.8,42.37,44.41,72.54,-5.34,74.99,39.98
Harsh Braking,0,25.77,34.95,33.1,67.09,-13.36,51.26,26.72
Harsh Braking,0,35.95,43.75,44.78,75.51,-36.44,87.59,16.36
OverSpeed,0,20.1,25.38,29.55,69.68,-10.9,65.21,49.57
Harsh Braking,0,28.31,33.81,47.59,69.83,-26.24,64.16,43.72
Low SoC,1,37.61,48.43,55.43,49.72,-66.57,15.49,18.04
Low SoC,1,46.44,52.86,68.84,46.21,-27.7,7.19,37.43
OverSpeed,0,35.03,45.77,50.31,79.72,-7.79,94.72,38.96
Harsh Acceleration,0,21.54,25.9,27.19,70.92,-5.07,67.76,44.92
Low SoC,1,42.91,57.19,64.56,48.03,-41.74,8.83,4.57
Deep Discharge Warning,1,43.55,59.3,70.31,47.5,-53.83,6.38,25.69
Harsh Braking,0,31.86,36.15,45.7,80.14,-7.56,95.69,35.59
Low SoC,1,40.27,50.39,74.6,47.81,-59.07,6.62,38.3
Consecutive Fast Charging,1,41.56,56.56,61.54,47.3,-51.68,12.22,19.26
Consecutive Fast Charging,1,50.47,60.56,80.98,45.9,-60.63,5.75,6.61
Harsh Acceleration,0,30.79,36.68,38.02,70.68,-5.0,65.75,46.44
Harsh Cornering,0,29.46,34.35,44.25,72.47,-40.19,71.15,31.67
Harsh Cornering,0,36.36,46.84,59.15,71.38,-15.16,70.15,50.19
Low SoC,1,40.71,55.31,87.05,44.86,-16.0,7.11,3.87
Consecutive Fast Charging,1,35.58,47.23,67.98,46.39,-46.57,4.85,30.67
Harsh Acceleration,0,28.93,35.95,40.4,68.81,-10.5,59.14,39.43
Low SoC,1,36.18,43.75,72.54,48.85,-30.3,7.13,3.95
Battery Under Voltage,1,39.03,52.2,76.56,45.99,-52.94,5.32,31.33
Thermal Overheat Surge,1,31.74,43.19,49.39,47.32,-27.97,11.32,69.0
Harsh Braking,0,36.64,40.5,60.08,69.42,-12.63,58.19,8.42
Harsh Braking,0,34.12,42.1,50.08,71.14,-17.79,67.09,14.78
Thermal Overheat Surge,1,41.32,51.62,66.16,46.78,-21.81,7.96,10.0
OverSpeed,0,26.62,29.81,34.24,67.74,-5.81,57.91,25.73
Harsh Acceleration,0,28.14,36.36,37.61,76.87,-8.98,87.58,28.25
Low SoC,1,37.02,43.25,63.75,46.88,-61.59,4.85,4.79
Harsh Acceleration,0,36.25,37.48,43.29,68.85,-25.58,64.06,50.7
Low SoC,1,38.43,49.23,78.99,44.3,-54.17,2.04,3.38
Harsh Acceleration,0,31.25,37.08,49.47,72.27,-17.83,72.06,39.74
Deep Discharge Warning,1,29.69,45.31,52.89,46.36,-56.12,0.87,10.28
Harsh Acceleration,0,28.06,28.44,38.43,73.7,-28.76,79.27,36.17
Harsh Braking,0,25.28,32.87,30.45,68.35,-16.07,56.54,40.32
Harsh Braking,0,30.3,37.91,48.14,75.1,-11.02,85.01,45.51
Harsh Acceleration,0,25.56,32.36,42.86,75.73,-11.5,83.63,26.49
Harsh Braking,0,25.06,24.98,40.42,76.15,-2.44,85.57,15.82
OverSpeed,0,33.83,37.6,48.18,77.03,-10.25,89.57,23.06
Harsh Acceleration,0,30.41,36.42,36.3,76.48,-23.34,83.45,14.8
Harsh Braking,0,29.75,33.19,39.96,74.97,-24.66,80.44,32.92
Low SoC,1,55.83,69.92,73.37,47.66,-24.22,3.39,6.66
Deep Discharge Warning,1,44.97,54.28,52.97,48.64,-53.32,14.13,34.78
Harsh Braking,0,28.62,37.44,35.21,69.72,-15.42,58.88,37.07
Low SoC,1,51.15,61.57,74.8,46.89,-64.48,11.02,30.0
Harsh Acceleration,0,32.91,40.96,48.79,70.46,-15.38,63.83,34.25
Low SoC,1,34.61,40.62,58.09,45.87,-28.51,6.4,2.37
Harsh Braking,0,29.77,36.33,34.12,63.3,-40.08,42.23,29.89
Low SoC,1,50.8,55.89,74.99,46.03,-16.59,5.29,63.71
Harsh Acceleration,0,33.2,38.12,43.25,76.27,-15.41,85.02,29.81
Harsh Cornering,0,22.06,33.4,23.61,78.02,-3.24,97.43,33.99
OverSpeed,0,25.14,29.67,34.26,63.55,-24.6,41.67,40.5
Harsh Acceleration,0,31.05,34.15,37.44,78.34,-25.99,92.78,14.51
Harsh Braking,0,29.7,38.08,47.53,67.95,-14.97,55.88,12.06
Harsh Braking,0,36.67,40.0,41.34,71.33,-11.19,66.98,22.53
Consecutive Fast Charging,1,57.23,73.2,85.55,46.77,-58.17,2.68,8.97
Thermal Overheat Surge,1,37.29,51.52,68.81,45.6,-16.44,4.54,0.17
OverSpeed,0,26.8,32.86,37.62,66.97,-5.54,58.66,0.06
Consecutive Fast Charging,1,42.74,57.07,66.47,46.27,-50.08,11.28,33.59
Harsh Cornering,0,41.27,45.69,66.52,63.25,-31.95,44.15,21.42
Deep Discharge Warning,1,57.87,71.09,82.46,46.71,-26.25,10.61,12.34
Battery Under Voltage,1,31.49,46.71,51.69,45.33,-66.63,8.66,3.16
Low SoC,1,47.47,53.33,77.83,48.63,-60.58,12.46,23.06
Harsh Braking,0,34.13,39.46,49.15,72.53,-1.53,70.2,25.29
Harsh Braking,0,24.1,25.32,35.55,73.96,-6.08,74.23,24.45
Low SoC,1,38.61,52.05,58.38,44.26,-35.0,5.37,22.0
Harsh Cornering,0,20.79,27.31,34.24,77.44,0.61,90.59,31.1
Harsh Braking,0,27.24,33.17,45.92,71.57,-8.61,70.32,10.81
Harsh Acceleration,0,26.13,31.07,38.08,78.34,-16.39,86.85,40.72
Harsh Braking,0,27.01,36.02,37.87,68.3,-8.86,58.96,27.95
Battery Under Voltage,1,46.8,56.67,75.13,47.4,-42.66,2.41,11.99
Harsh Acceleration,0,26.15,31.22,41.67,76.44,-3.19,87.92,25.74
Harsh Braking,0,27.68,30.6,40.97,66.88,-18.51,53.6,22.06
Harsh Braking,0,28.71,30.16,44.25,81.84,-19.03,97.51,14.06
Harsh Acceleration,0,26.59,30.62,34.14,76.41,-15.31,87.97,21.25
Harsh Acceleration,0,35.48,38.59,53.46,66.03,-0.77,54.72,47.55
Harsh Cornering,0,32.9,37.11,42.17,69.97,-13.51,66.85,47.4
Low SoC,1,43.31,56.98,48.11,48.96,-27.07,16.61,4.26
Harsh Acceleration,0,31.17,36.56,40.9,69.93,-22.06,60.14,31.85
Harsh Braking,0,22.28,28.67,37.92,69.27,-16.4,61.15,25.46
Deep Discharge Warning,1,40.06,48.82,62.53,48.71,-36.76,19.79,19.74
Harsh Cornering,0,30.45,34.99,40.44,73.68,-21.9,81.15,34.82
Battery Under Voltage,1,38.19,48.92,62.59,44.45,-38.57,3.4,22.48
Harsh Acceleration,0,34.29,35.63,52.55,72.59,-0.43,80.41,25.72
Harsh Braking,0,30.3,30.65,38.85,69.39,-14.39,62.94,43.9
Battery Under Voltage,1,37.31,46.41,52.25,42.53,-59.74,2.37,17.0
Battery Under Voltage,1,42.13,62.44,56.62,46.33,-47.87,3.05,25.73
Consecutive Fast Charging,1,37.3,46.88,63.14,44.62,-38.99,3.04,3.74
Harsh Braking,0,32.73,38.5,48.63,78.48,-15.45,97.84,24.89
Battery Under Voltage,1,42.82,53.06,74.27,44.48,-56.24,5.8,17.36
Harsh Acceleration,0,21.98,27.02,36.38,66.5,-17.89,52.07,42.03
OverSpeed,0,31.01,36.55,37.21,73.91,2.83,81.22,15.57
Harsh Braking,0,28.45,36.9,37.54,75.05,-23.69,80.87,19.52
Low SoC,1,35.3,52.28,53.05,44.55,-33.54,7.11,5.23
Harsh Acceleration,0,22.94,30.44,48.59,67.4,-16.88,57.94,20.13
Low SoC,1,40.96,53.46,59.5,45.21,-44.12,10.54,7.05
Thermal Overheat Surge,1,45.31,53.67,73.9,47.22,-42.41,5.82,9.7
Harsh Braking,0,31.1,39.04,32.56,68.23,-32.29,54.72,36.75
Harsh Braking,0,34.28,43.19,44.63,66.51,-12.68,44.23,15.2
Low SoC,1,43.01,53.08,69.29,44.13,-28.81,3.12,9.84
Consecutive Fast Charging,1,43.81,54.45,70.52,46.73,-44.75,8.52,44.78
Deep Discharge Warning,1,35.97,45.18,71.71,45.55,-16.03,10.88,45.74
Consecutive Fast Charging,1,45.59,56.83,68.33,51.37,-64.6,17.17,32.04
Harsh Acceleration,0,35.92,41.97,47.94,65.05,-15.99,46.74,6.97
Deep Discharge Warning,1,39.39,43.41,72.82,48.08,-46.48,8.24,12.42
Harsh Braking,0,28.42,32.68,37.23,70.77,-15.38,70.18,27.23
Harsh Acceleration,0,31.82,38.57,40.08,69.23,-8.91,57.84,32.9
Battery Under Voltage,1,40.76,55.91,58.97,47.35,-37.59,8.96,0.68
Deep Discharge Warning,1,52.86,70.7,78.3,45.29,-23.33,4.84,0.06
Deep Discharge Warning,1,36.19,47.61,60.92,45.8,-18.41,7.53,13.21
Harsh Acceleration,0,27.48,30.1,43.68,64.7,-20.3,44.9,1.62
Harsh Acceleration,0,35.26,42.84,56.62,74.4,-11.83,79.69,23.64
Harsh Braking,0,28.96,37.36,39.16,63.03,-25.92,42.99,27.04
Low SoC,1,56.47,61.02,91.24,43.28,-54.26,2.75,6.09
Harsh Acceleration,0,31.76,35.21,48.54,66.95,-11.32,56.06,24.53
Deep Discharge Warning,1,39.39,55.65,58.28,46.21,-23.45,3.86,14.48
OverSpeed,0,35.96,40.66,46.74,79.33,-10.65,95.64,30.93
Harsh Braking,0,26.91,32.61,33.74,64.05,-34.14,41.81,24.83
Harsh Cornering,0,24.9,25.9,34.8,65.6,-14.86,46.68,12.31
Low SoC,1,37.79,45.13,58.98,43.74,-66.09,2.28,28.38
Low SoC,1,45.33,61.26,52.2,45.13,-28.44,6.46,1.03
Harsh Acceleration,0,25.9,30.72,27.95,72.33,-26.03,70.91,42.08
Low SoC,1,46.65,59.11,58.97,47.81,-40.84,16.27,5.87
Deep Discharge Warning,1,46.87,65.17,70.68,48.63,-24.21,9.68,27.06
Harsh Braking,0,26.82,31.56,34.65,64.35,-15.93,41.69,54.04
Harsh Acceleration,0,29.42,32.83,38.12,64.87,-18.92,47.83,34.51
Harsh Cornering,0,30.92,35.85,40.38,68.65,-19.19,61.01,36.01
Low SoC,1,33.47,50.05,55.92,46.0,-36.15,3.92,12.05
Deep Discharge Warning,1,44.19,54.07,75.26,49.92,-35.29,16.51,9.61
Deep Discharge Warning,1,44.07,58.86,58.52,46.58,-29.51,7.15,55.81
Harsh Cornering,0,34.11,38.44,48.09,71.01,6.49,72.08,30.74
Harsh Braking,0,33.03,42.39,53.84,71.14,-1.67,65.39,45.16
Harsh Cornering,0,30.43,38.18,41.59,77.26,-17.57,90.01,51.87
Harsh Acceleration,0,27.05,35.42,40.02,73.8,-3.28,76.5,35.89
OverSpeed,0,29.3,36.54,41.79,75.03,-28.57,85.24,44.21
OverSpeed,0,24.75,34.05,45.61,66.57,-9.48,54.6,31.35
Consecutive Fast Charging,1,40.27,55.64,70.77,45.18,-43.71,2.76,1.38
Harsh Cornering,0,27.48,31.97,35.84,74.09,-5.93,82.9,21.35
Battery Under Voltage,1,35.38,43.4,48.86,45.77,-42.42,1.22,0.67
Harsh Braking,0,29.75,39.21,46.42,64.51,-20.35,42.78,37.3
Consecutive Fast Charging,1,27.97,35.73,52.49,46.14,-36.06,6.96,4.17
Harsh Cornering,0,25.15,25.32,38.64,64.62,-32.57,51.48,33.42
Low SoC,1,30.11,42.73,41.28,45.54,-21.01,7.59,3.66
Harsh Braking,0,27.73,34.56,49.97,77.4,-14.22,97.67,30.74
Deep Discharge Warning,1,47.23,56.52,65.52,50.6,-43.73,18.85,18.52
Battery Under Voltage,1,36.77,42.08,48.18,48.79,-44.68,9.4,3.92
Harsh Acceleration,0,22.42,31.77,34.51,62.15,-8.1,42.02,39.14
Harsh Cornering,0,32.74,43.43,44.63,78.82,-10.44,97.18,31.04
Harsh Acceleration,0,34.45,38.6,42.13,70.37,-6.84,65.15,45.14
Deep Discharge Warning,1,39.58,45.37,60.51,46.49,-42.21,0.65,88.56
OverSpeed,0,31.76,37.24,39.8,75.31,-38.47,87.12,38.13
Low SoC,1,45.48,52.17,75.83,46.63,-46.2,3.42,12.68
Harsh Acceleration,0,28.87,32.57,33.43,76.41,-1.69,86.78,38.45
Low SoC,1,48.17,60.51,61.09,46.1,-56.06,12.11,5.09
Battery Under Voltage,1,53.03,62.82,71.96,45.48,-75.76,3.19,6.41
Harsh Acceleration,0,34.84,45.85,46.89,74.37,-25.93,77.91,30.77
Deep Discharge Warning,1,44.05,59.74,71.38,45.2,-26.53,6.35,3.15
OverSpeed,0,22.72,29.0,30.58,70.24,-8.4,60.43,22.72
Harsh Braking,0,33.65,39.65,46.4,77.11,-29.4,86.51,44.11
Low SoC,1,47.83,56.25,72.81,46.66,-50.94,13.13,1.15
Battery Under Voltage,1,36.48,48.92,64.18,47.0,-26.19,8.8,27.68
OverSpeed,0,23.99,29.67,46.74,69.88,-25.3,64.08,37.57
Harsh Acceleration,0,37.2,39.0,45.66,66.23,18.06,51.93,49.96
OverSpeed,0,23.36,29.68,41.78,72.03,-10.89,70.63,30.96
Harsh Acceleration,0,30.2,38.6,46.86,67.53,-21.37,60.41,35.31
Deep Discharge Warning,1,40.74,46.23,61.32,48.34,-50.81,11.21,3.77
Harsh Braking,0,34.8,45.63,42.32,73.01,-14.99,71.84,29.66
Harsh Braking,0,34.31,42.02,43.75,73.32,-33.72,73.74,35.66
Low SoC,1,43.2,52.29,59.82,46.29,-19.03,9.59,0.93
Deep Discharge Warning,1,35.65,41.06,57.9,45.29,-64.9,9.79,14.33
Battery Under Voltage,1,38.81,50.18,48.34,49.17,-41.96,11.64,1.37
Low SoC,1,58.02,65.03,88.46,46.48,-43.92,1.81,10.68
Battery Under Voltage,1,45.6,51.55,67.53,50.84,-28.87,19.8,20.33
Low SoC,1,42.47,51.51,66.96,45.88,-65.72,0.89,18.53
Deep Discharge Warning,1,47.43,61.12,52.77,46.76,-38.69,7.25,8.28
Deep Discharge Warning,1,41.53,63.04,72.22,45.49,-48.12,3.39,6.28
Harsh Braking,0,28.72,28.37,38.25,75.36,-10.99,87.75,27.04
Harsh Acceleration,0,29.61,30.24,38.82,69.06,-26.15,60.09,34.92
Low SoC,1,39.93,49.29,66.02,48.26,-46.77,3.9,13.42
Harsh Acceleration,0,32.72,37.88,31.37,67.52,-9.69,54.21,44.71
Deep Discharge Warning,1,57.0,65.33,79.84,47.19,-41.14,9.01,6.36
OverSpeed,0,30.71,33.18,41.42,68.23,-10.7,54.92,34.78
Harsh Braking,0,33.7,42.48,52.03,65.75,-22.07,46.79,40.03
Harsh Braking,0,32.06,38.45,40.69,70.43,-21.02,60.08,20.98
Low SoC,1,44.65,52.15,77.82,45.92,-30.92,5.9,14.45
Consecutive Fast Charging,1,52.26,61.25,73.54,45.91,-53.18,6.7,18.74
Deep Discharge Warning,1,41.19,52.33,67.65,48.71,-64.67,7.16,2.51
Consecutive Fast Charging,1,55.42,70.62,68.55,49.56,-30.97,20.13,5.77
Harsh Acceleration,0,36.14,42.56,44.99,66.51,-22.99,51.14,19.92
Harsh Braking,0,32.62,37.5,42.33,66.25,-17.91,48.21,29.12
Harsh Braking,0,31.85,35.0,44.37,64.23,-27.08,40.66,4.47
Battery Under Voltage,1,26.98,37.15,47.86,45.38,-65.96,8.95,12.34
Deep Discharge Warning,1,61.24,74.23,89.61,46.57,-35.26,4.03,51.47
OverSpeed,0,33.43,42.77,48.43,68.73,-15.25,67.48,49.43
Deep Discharge Warning,1,37.64,50.95,66.67,44.48,-36.57,6.17,0.5
Harsh Acceleration,0,28.78,38.05,37.74,71.69,-18.94,70.18,52.67
Harsh Acceleration,0,28.63,32.26,33.52,78.57,-33.47,93.67,36.23
Harsh Acceleration,0,31.01,36.86,46.13,68.69,-18.37,60.53,34.47
Harsh Braking,0,29.78,33.98,40.78,74.78,-23.89,84.04,38.67
Deep Discharge Warning,1,34.52,45.87,54.09,47.85,-5.23,4.83,1.95
Harsh Acceleration,0,33.67,41.09,48.72,79.11,-7.86,95.47,21.22
Harsh Acceleration,0,32.0,37.44,55.16,67.68,-12.51,56.09,23.77
Low SoC,1,42.38,59.68,71.76,46.47,-40.67,7.26,9.04
Harsh Braking,0,35.11,36.98,48.76,67.74,-15.89,50.07,20.77
Harsh Cornering,0,32.0,35.15,31.96,71.41,-24.34,75.34,7.33
Deep Discharge Warning,1,55.72,61.64,79.5,49.47,-47.95,8.45,18.16
Harsh Cornering,0,30.93,39.13,50.08,70.1,-15.31,57.2,15.18
Deep Discharge Warning,1,50.84,60.86,78.43,46.65,-46.43,11.42,9.8
Harsh Braking,0,30.97,35.46,44.89,75.69,-10.25,84.95,46.72
Deep Discharge Warning,1,41.6,46.38,63.94,45.46,-45.47,4.7,12.22
Harsh Acceleration,0,29.65,38.86,39.72,69.02,-29.37,61.61,28.97
Thermal Overheat Surge,1,42.38,50.26,80.32,46.62,-62.13,4.5,35.51
Battery Under Voltage,1,36.99,53.78,56.42,47.33,-41.95,2.24,1.19
Harsh Braking,0,33.31,40.69,46.35,76.0,-15.16,83.64,20.02
Harsh Acceleration,0,41.28,48.14,62.92,77.02,1.64,94.44,38.62
Harsh Acceleration,0,35.3,40.37,41.71,72.41,-8.5,73.24,26.5
Harsh Cornering,0,32.16,42.14,42.7,63.22,-26.47,42.3,36.29
Harsh Cornering,0,32.37,40.24,42.77,68.22,-24.7,57.33,41.21
OverSpeed,0,31.24,36.0,43.9,79.53,-11.63,94.92,32.48
Harsh Braking,0,29.36,37.1,38.88,69.28,-14.53,65.89,8.31
Low SoC,1,42.45,56.53,63.48,46.04,-42.73,10.4,4.77
Harsh Braking,0,39.01,47.03,50.43,70.19,7.64,60.24,24.42
Battery Under Voltage,1,48.47,60.24,70.67,47.4,-52.94,9.82,12.99
Thermal Overheat Surge,1,46.91,55.92,74.05,44.45,-32.41,6.88,19.12
Harsh Acceleration,0,34.36,44.27,44.87,75.39,-14.4,80.28,48.08
Harsh Braking,0,20.8,27.72,28.74,77.76,-18.45,90.31,23.77
Harsh Braking,0,27.91,29.44,37.37,76.61,-16.68,88.39,26.38
OverSpeed,0,26.06,28.01,39.16,73.76,-8.32,75.64,37.72
Low SoC,1,55.28,69.09,86.06,48.41,-35.22,10.48,14.66
Low SoC,1,26.63,33.93,58.18,45.56,-57.56,2.81,1.72
OverSpeed,0,31.25,38.91,50.1,73.03,-26.17,72.61,48.97
Harsh Braking,0,34.91,38.52,45.67,76.31,-22.55,86.42,18.9
Harsh Acceleration,0,32.35,37.59,41.82,64.42,-27.96,49.26,12.45
Harsh Acceleration,0,33.96,41.37,49.64,70.7,-22.89,68.05,25.23
Deep Discharge Warning,1,43.56,57.94,79.0,45.57,-32.76,4.43,5.7
Harsh Braking,0,26.12,29.21,32.04,71.17,-11.96,64.89,29.76
Thermal Overheat Surge,1,41.78,52.92,59.96,44.77,-32.01,6.21,9.17
Low SoC,1,39.17,56.5,58.43,47.63,-52.77,9.18,18.56
Deep Discharge Warning,1,34.37,45.86,52.78,46.49,-52.16,6.57,6.61
Low SoC,1,34.39,42.89,58.34,46.76,-36.92,11.84,12.61
Harsh Cornering,0,32.96,39.06,43.61,78.77,-20.71,92.21,39.07
Harsh Acceleration,0,32.59,36.88,45.0,62.29,-23.13,42.24,27.54
Consecutive Fast Charging,1,38.37,57.5,56.4,47.39,-51.27,3.04,0.62
Harsh Braking,0,30.27,36.21,43.25,65.09,0.25,49.3,55.59
OverSpeed,0,26.77,31.02,37.12,76.67,-15.79,88.03,20.03
Harsh Braking,0,25.98,31.34,30.86,76.04,-12.13,85.5,16.03
Thermal Overheat Surge,1,49.84,66.3,73.03,44.61,-51.41,1.22,27.2
Harsh Acceleration,0,33.0,43.51,35.87,76.76,-23.7,88.3,24.86
Low SoC,1,38.72,52.12,57.54,44.85,-22.88,2.29,77.07
Harsh Braking,0,36.97,42.61,46.94,76.33,-26.01,87.75,40.18
OverSpeed,0,32.51,41.02,37.92,74.86,-20.72,80.11,21.8
Harsh Braking,0,31.0,35.24,49.65,66.05,-35.29,48.27,36.87
Deep Discharge Warning,1,42.29,63.97,72.28,44.93,-74.53,5.99,6.65
Battery Under Voltage,1,46.19,59.21,57.63,45.1,-48.11,3.79,22.52
Deep Discharge Warning,1,47.25,59.17,69.2,47.17,-50.27,2.6,1.4
Harsh Acceleration,0,31.23,36.53,34.39,75.67,-17.14,90.73,39.48
Consecutive Fast Charging,1,56.4,74.62,64.76,47.53,-55.13,7.49,23.13
Battery Under Voltage,1,49.53,58.14,78.4,45.36,-41.62,5.25,8.14
Harsh Braking,0,35.96,42.19,52.22,75.24,-18.24,79.15,22.21
Thermal Overheat Surge,1,44.49,58.6,70.31,45.29,-46.9,10.55,4.42
Deep Discharge Warning,1,44.89,66.59,65.84,45.28,-41.91,1.24,8.8
OverSpeed,0,25.39,30.41,29.8,78.09,-39.58,94.37,28.37
Low SoC,1,50.93,57.28,78.62,45.26,-49.89,7.0,3.45
Low SoC,1,37.12,49.76,54.12,47.34,-63.72,9.93,9.44
Consecutive Fast Charging,1,30.04,46.12,51.69,45.27,-55.76,4.16,4.78
Deep Discharge Warning,1,51.79,65.8,72.93,49.5,-71.3,10.35,0.96
Harsh Cornering,0,27.74,33.31,35.03,72.87,-0.53,70.53,33.43
Thermal Overheat Surge,1,30.9,42.32,65.5,45.8,-33.99,3.39,68.06
Low SoC,1,46.59,61.41,69.89,46.4,-48.7,12.56,8.34
Battery Under Voltage,1,45.25,61.44,75.31,48.21,-52.44,10.48,21.18
Harsh Braking,0,25.09,30.74,39.26,72.77,-9.65,73.37,36.14
Harsh Braking,0,28.32,35.3,32.75,77.94,0.73,89.98,36.9
Harsh Cornering,0,27.31,33.44,38.44,76.39,-18.69,88.39,36.98
Harsh Cornering,0,32.3,40.52,41.45,67.55,-24.04,56.86,31.25
Harsh Acceleration,0,28.73,33.41,40.06,75.19,-23.17,78.68,49.4
Harsh Braking,0,26.95,33.71,34.93,68.18,-21.28,54.73,41.36
Deep Discharge Warning,1,40.22,50.98,50.8,48.41,-52.32,22.26,13.73
Deep Discharge Warning,1,42.67,50.0,74.21,43.08,-60.55,5.72,15.59
Harsh Braking,0,26.63,36.74,32.94,66.72,-27.96,51.79,38.22
Consecutive Fast Charging,1,47.27,62.85,83.65,47.11,-43.29,7.58,18.18
OverSpeed,0,26.35,29.66,37.89,77.84,-19.47,93.94,10.25
Harsh Cornering,0,30.87,38.33,47.78,70.03,-2.63,62.79,36.37
Harsh Acceleration,0,32.04,37.7,37.19,77.38,-14.11,91.23,5.33
Low SoC,1,37.97,47.0,73.53,45.03,-35.98,1.91,3.06
Consecutive Fast Charging,1,40.37,51.91,70.13,44.24,-31.87,3.25,16.34
Battery Under Voltage,1,48.59,60.15,72.15,47.51,-16.18,12.96,24.81
Harsh Acceleration,0,28.81,32.61,37.47,62.56,-15.02,41.22,29.9
OverSpeed,0,24.27,30.36,40.75,77.61,-30.48,94.99,15.14
Harsh Braking,0,25.99,32.58,38.66,66.47,-14.44,51.32,19.27
Harsh Braking,0,33.01,37.47,51.05,75.41,-40.26,88.25,38.68
Harsh Acceleration,0,31.33,39.46,34.35,74.26,-15.55,77.19,37.4
Harsh Braking,0,26.65,32.85,43.21,70.32,-25.35,68.79,32.7
Battery Under Voltage,1,48.02,66.04,67.43,46.84,-51.57,4.03,28.09
Harsh Braking,0,34.28,43.92,43.75,74.45,-14.46,80.23,39.25
Harsh Braking,0,31.45,34.5,52.11,70.02,-14.06,59.21,40.76
Harsh Acceleration,0,27.33,32.06,34.91,71.41,-4.09,67.46,23.13
Harsh Acceleration,0,29.17,31.2,34.58,71.17,-6.95,71.31,38.54
Harsh Braking,0,28.92,30.28,42.85,69.66,-17.92,57.84,45.26
Consecutive Fast Charging,1,45.73,52.59,77.94,47.26,-57.38,18.81,3.63
Consecutive Fast Charging,1,44.04,63.74,62.75,47.5,-53.97,16.82,7.1
Deep Discharge Warning,1,47.33,53.81,57.2,46.43,-59.77,7.45,1.93
Harsh Acceleration,0,26.94,29.27,42.78,70.46,-21.69,63.93,15.2
Harsh Acceleration,0,32.1,38.23,33.73,75.52,-6.16,85.87,17.06
OverSpeed,0,31.18,39.66,48.39,70.65,-10.63,63.72,40.24
Harsh Braking,0,24.55,31.35,39.43,75.04,-17.1,84.13,38.09
Low SoC,1,35.77,39.33,58.13,47.69,-25.3,7.98,6.08
Harsh Acceleration,0,32.55,39.3,38.91,73.97,4.14,78.11,49.8
Harsh Acceleration,0,27.4,30.06,40.29,66.42,5.97,48.27,29.43
Harsh Braking,0,35.9,39.59,50.02,78.22,-17.4,93.23,29.98
Harsh Braking,0,23.98,29.39,39.81,78.75,-7.23,96.07,28.87
Harsh Acceleration,0,23.18,29.9,40.23,76.71,-5.95,85.91,34.19
OverSpeed,0,26.81,29.42,38.69,66.5,-17.42,51.46,45.04
Harsh Braking,0,33.21,37.41,42.17,70.19,-0.15,65.81,27.61
Deep Discharge Warning,1,32.3,39.44,52.2,45.46,-25.11,6.98,35.73
Deep Discharge Warning,1,41.08,49.47,63.26,49.33,-60.28,18.68,32.53
Low SoC,1,42.43,48.34,61.19,44.13,-21.53,0.39,11.39
Harsh Braking,0,30.77,40.05,38.1,69.46,-3.64,58.28,28.09
Thermal Overheat Surge,1,49.13,63.13,74.91,45.46,-65.46,8.06,20.71
Low SoC,1,31.73,41.27,58.68,47.87,-15.85,11.41,17.18
Harsh Acceleration,0,29.19,37.97,43.47,62.37,0.59,45.97,39.9
Harsh Cornering,0,28.03,31.59,45.78,66.47,-17.75,46.14,22.34
Consecutive Fast Charging,1,49.35,63.51,81.25,44.49,-62.87,3.32,42.54
Low SoC,1,40.77,62.6,51.14,47.06,-48.58,14.26,14.43
OverSpeed,0,40.88,50.27,53.11,65.06,-20.21,49.99,30.03
Deep Discharge Warning,1,34.02,40.88,71.21,45.84,-46.06,3.24,33.23
Low SoC,1,37.71,48.7,59.02,45.93,-40.79,9.19,10.33
Deep Discharge Warning,1,36.71,48.76,65.88,45.96,-49.74,3.16,7.05
Deep Discharge Warning,1,42.49,64.13,73.57,51.26,-13.25,17.37,4.44
Harsh Acceleration,0,23.16,31.12,33.75,65.99,-23.12,48.52,13.41
Low SoC,1,39.32,51.74,70.39,46.57,-26.98,8.42,47.63
Battery Under Voltage,1,50.24,62.1,67.23,47.67,-55.01,8.37,34.67
OverSpeed,0,24.9,29.39,39.87,72.2,-7.27,75.2,28.3
Battery Under Voltage,1,44.77,57.75,67.29,45.19,-22.73,4.07,10.29
Deep Discharge Warning,1,39.82,52.08,49.05,44.86,-51.59,3.63,24.12
Deep Discharge Warning,1,36.85,50.86,65.96,46.41,-64.46,1.72,6.95
Battery Under Voltage,1,51.87,66.6,64.68,45.25,-57.62,3.07,6.78
Harsh Braking,0,24.41,30.02,42.41,78.19,-23.34,91.25,38.0
Harsh Acceleration,0,30.08,37.79,47.26,78.3,-5.12,93.59,36.13
Harsh Braking,0,25.96,28.86,36.19,75.92,-12.58,89.25,34.49
Battery Under Voltage,1,50.85,64.19,80.87,47.16,-50.39,12.63,21.0
Thermal Overheat Surge,1,36.11,47.92,53.38,47.01,-32.78,8.67,27.73
Harsh Cornering,0,35.53,43.13,44.18,76.45,-22.15,92.58,35.56
Harsh Braking,0,31.32,38.39,42.5,68.02,-3.02,60.15,20.34
Consecutive Fast Charging,1,52.87,60.89,84.89,50.0,-67.55,10.67,18.87
Harsh Acceleration,0,33.14,37.32,45.71,75.97,-13.83,89.67,1.75
OverSpeed,0,30.47,34.79,39.68,75.72,-33.0,86.28,42.71
OverSpeed,0,33.0,36.83,42.75,64.18,-28.48,41.95,42.58
Harsh Acceleration,0,29.26,34.28,49.87,76.49,-17.43,87.81,53.84
Harsh Braking,0,27.93,33.14,33.39,67.28,-8.67,54.83,25.82
Harsh Braking,0,35.06,40.24,46.5,77.18,3.39,91.33,22.85
OverSpeed,0,29.49,36.97,48.37,72.03,-12.35,71.56,36.82
Deep Discharge Warning,1,39.17,50.15,63.72,45.99,-60.56,13.6,8.71
Deep Discharge Warning,1,57.19,64.08,90.9,44.23,-50.09,1.66,5.3
Consecutive Fast Charging,1,38.78,49.7,65.01,48.49,-28.35,16.42,3.33
Low SoC,1,27.18,35.41,44.25,45.25,-64.28,4.88,1.29
Harsh Braking,0,37.02,45.56,50.96,68.83,-24.51,57.71,37.73
Harsh Acceleration,0,26.09,35.53,39.21,70.48,-4.15,65.12,23.38
Harsh Braking,0,26.57,32.69,39.75,63.95,-16.47,43.54,32.48
Harsh Acceleration,0,36.36,41.68,47.57,64.58,-8.05,48.9,12.99
Harsh Acceleration,0,25.98,30.19,27.0,67.56,-21.47,55.79,25.7
Deep Discharge Warning,1,41.36,59.74,61.07,46.91,-20.48,1.72,6.03
Consecutive Fast Charging,1,34.98,48.06,58.01,47.15,-23.4,8.07,16.15
Harsh Braking,0,29.79,37.61,47.43,79.25,8.88,97.99,46.07
Deep Discharge Warning,1,32.79,43.16,63.57,46.7,-44.24,10.0,32.41
Deep Discharge Warning,1,51.74,60.76,66.02,47.04,-44.07,2.21,1.69
Harsh Acceleration,0,24.04,32.43,38.89,77.28,-31.27,86.43,58.85
Harsh Braking,0,31.63,38.36,45.04,65.9,-7.19,48.97,49.3
Low SoC,1,41.95,50.2,52.01,43.45,-27.83,0.26,1.15
Deep Discharge Warning,1,50.62,65.14,78.88,47.22,-22.87,4.58,14.83
Deep Discharge Warning,1,33.5,41.73,57.96,44.16,-29.89,7.08,66.62
Harsh Braking,0,41.06,43.14,53.71,74.74,-36.8,82.66,37.79
Deep Discharge Warning,1,50.65,70.32,66.83,47.56,-51.88,7.28,10.96
Deep Discharge Warning,1,39.08,48.99,58.01,46.22,-46.13,2.75,9.35
Consecutive Fast Charging,1,37.18,43.45,59.89,47.26,-76.5,12.44,9.94
Deep Discharge Warning,1,48.0,66.62,60.28,45.09,-49.21,7.84,10.27
Harsh Braking,0,30.11,33.23,43.81,64.6,-12.97,43.8,41.18
Harsh Acceleration,0,29.81,32.94,41.71,64.94,-31.53,42.94,37.4
Low SoC,1,38.91,49.01,65.26,45.33,-57.02,8.98,5.78
Harsh Acceleration,0,24.44,28.68,30.69,64.9,-35.46,45.1,23.51
Deep Discharge Warning,1,55.56,72.64,78.38,47.06,-36.63,4.74,4.09
Harsh Braking,0,23.88,29.89,35.68,66.58,-21.81,47.35,33.75
Deep Discharge Warning,1,50.06,62.61,76.45,47.75,-42.81,10.06,17.73
Consecutive Fast Charging,1,41.15,57.41,70.08,45.44,-49.66,4.34,11.5
Thermal Overheat Surge,1,50.83,67.46,66.74,45.59,-34.14,6.03,2.7
Battery Under Voltage,1,32.11,46.92,52.24,45.49,-64.22,1.79,15.11
Deep Discharge Warning,1,49.09,60.53,79.51,47.0,-62.69,18.49,51.84
Harsh Braking,0,30.35,41.0,46.19,77.98,-24.74,90.25,22.78
Harsh Braking,0,23.64,30.59,30.52,72.07,-14.52,69.87,17.04
Low SoC,1,39.41,53.64,63.59,47.19,-42.28,15.04,5.24
Battery Under Voltage,1,29.36,37.87,54.12,49.99,-35.5,16.18,27.97
Harsh Acceleration,0,28.46,35.72,36.63,72.4,-18.73,70.1,18.51
Low SoC,1,47.16,55.02,78.55,46.05,-61.44,1.94,17.88
Harsh Acceleration,0,33.03,38.93,39.85,65.52,-13.84,52.53,16.38
Low SoC,1,38.64,51.3,69.88,45.73,-50.13,2.49,27.17
OverSpeed,0,28.39,37.57,35.0,70.27,-29.75,66.64,46.05
Low SoC,1,47.85,64.84,83.76,46.55,-28.4,4.42,6.86
Harsh Cornering,0,26.64,31.26,31.3,76.34,-7.05,88.56,25.57
Deep Discharge Warning,1,49.62,54.33,70.5,47.73,-42.59,18.33,0.81
Harsh Braking,0,30.07,34.06,35.02,76.57,-21.04,87.75,47.58
Battery Under Voltage,1,40.23,53.91,62.42,49.04,-35.37,8.52,9.49
Harsh Acceleration,0,28.55,33.37,45.43,75.56,-14.71,86.69,31.41
Harsh Braking,0,33.09,42.64,37.82,73.24,-6.97,79.97,17.99
Deep Discharge Warning,1,42.42,57.59,65.46,47.09,-30.19,15.24,1.76
Harsh Braking,0,28.29,30.4,40.09,66.33,-11.6,51.83,42.15
Battery Under Voltage,1,27.4,43.12,59.57,47.63,-52.52,12.6,18.75
Thermal Overheat Surge,1,47.38,56.49,83.18,48.65,-52.64,6.76,23.57
OverSpeed,0,29.42,37.05,47.28,74.54,0.04,85.21,39.28
Low SoC,1,51.1,61.69,75.07,50.14,-45.56,20.42,21.89
Harsh Acceleration,0,26.12,26.88,30.36,77.18,-24.97,89.74,25.16
Low SoC,1,32.19,44.32,46.25,46.25,-35.3,4.77,1.95
Deep Discharge Warning,1,46.66,58.17,63.93,44.05,-44.01,1.78,15.81
Consecutive Fast Charging,1,52.43,61.81,68.05,46.84,-37.03,7.22,0.84
Low SoC,1,37.61,51.32,68.87,45.0,-67.72,2.04,18.3
Harsh Acceleration,0,29.28,32.34,44.83,63.83,-2.39,43.9,32.92
Low SoC,1,53.91,64.67,68.58,50.76,-35.61,15.81,9.79
Deep Discharge Warning,1,45.69,51.35,71.93,49.92,-51.96,22.73,1.42
Low SoC,1,29.62,32.54,54.57,46.32,-29.16,1.13,10.92
Low SoC,1,38.69,53.86,59.81,46.28,-57.72,6.61,14.84
OverSpeed,0,32.35,38.03,47.93,73.38,-8.02,78.6,18.68
Low SoC,1,52.07,63.2,91.63,47.67,-37.47,8.16,0.13
Harsh Acceleration,0,27.46,31.65,31.52,78.6,-34.3,88.72,26.99
Consecutive Fast Charging,1,44.15,59.93,63.91,46.51,-35.15,13.68,2.91
Harsh Acceleration,0,29.57,33.22,50.17,78.5,-7.06,89.49,27.7
Deep Discharge Warning,1,49.95,55.78,57.54,46.63,-52.29,7.65,3.39
Battery Under Voltage,1,38.39,54.8,72.68,46.09,-27.87,8.72,24.59
Harsh Braking,0,37.4,45.52,46.69,78.4,-16.52,90.85,32.85
Deep Discharge Warning,1,45.57,55.48,73.22,45.04,-44.13,7.49,10.59
Deep Discharge Warning,1,34.03,43.14,56.0,48.4,-57.82,12.45,0.11
Battery Under Voltage,1,36.89,44.35,57.0,48.29,-64.66,16.91,10.15
Deep Discharge Warning,1,45.47,53.39,66.31,47.6,-49.85,6.47,21.78
Low SoC,1,33.73,52.59,65.92,49.4,-51.49,19.82,0.44
Harsh Braking,0,25.31,32.83,30.61,77.97,-36.82,91.9,38.29
Battery Under Voltage,1,47.5,58.41,64.36,46.02,-40.81,4.1,3.55
Deep Discharge Warning,1,35.87,51.54,48.76,46.64,-36.78,13.12,1.12
Harsh Acceleration,0,33.81,42.57,48.37,65.75,-15.84,48.71,31.85
Low SoC,1,29.6,40.04,57.22,47.0,-46.74,7.22,7.59
Deep Discharge Warning,1,56.21,74.83,88.94,44.56,-41.69,8.13,2.03
Harsh Acceleration,0,23.97,30.34,36.56,64.79,-14.69,46.42,47.06
Low SoC,1,38.01,52.72,68.21,46.36,-51.61,4.58,10.87
Deep Discharge Warning,1,37.34,53.4,56.87,47.63,-27.53,12.7,3.56
Deep Discharge Warning,1,56.84,67.05,92.38,46.86,-17.05,3.66,66.97
Harsh Braking,0,24.62,27.57,35.9,64.64,-16.92,48.18,25.16
Harsh Braking,0,29.79,32.94,48.13,71.67,-1.59,74.92,34.93
Harsh Braking,0,35.22,40.86,48.99,76.45,-30.95,91.84,40.56
Harsh Cornering,0,28.04,33.73,40.41,67.33,-14.29,52.75,14.22
Harsh Acceleration,0,32.51,39.37,52.65,70.88,-7.79,66.58,45.44
Deep Discharge Warning,1,38.26,51.74,55.45,50.26,-32.96,19.46,11.87
Thermal Overheat Surge,1,35.67,52.74,52.51,46.67,-43.99,7.92,4.33
Battery Under Voltage,1,42.36,58.46,70.69,45.5,-18.72,0.87,5.83
Low SoC,1,53.79,62.84,75.39,47.88,-44.04,16.64,24.04
Harsh Braking,0,30.88,42.53,38.98,75.01,-5.8,79.42,29.31
Deep Discharge Warning,1,47.76,61.27,74.68,46.57,-57.3,6.55,0.32
Consecutive Fast Charging,1,36.17,53.56,55.45,48.48,-56.62,9.09,7.88
Harsh Braking,0,33.91,39.81,45.21,65.57,-14.1,50.68,48.87
Harsh Cornering,0,35.8,40.06,41.88,72.61,-20.33,73.0,24.08
Low SoC,1,44.64,65.23,63.29,46.25,-43.61,7.63,1.59
Harsh Cornering,0,26.32,33.95,38.0,76.78,-17.2,94.58,39.37
Thermal Overheat Surge,1,45.26,64.29,59.39,46.74,-76.86,7.16,38.1
Harsh Braking,0,30.82,35.04,44.65,63.58,-20.98,41.51,22.05
Harsh Braking,0,24.58,34.58,34.16,67.56,-13.38,61.34,33.06
Consecutive Fast Charging,1,39.93,51.93,69.51,44.33,-47.74,6.99,1.32
Harsh Cornering,0,30.89,38.99,37.74,72.25,-4.5,78.44,36.35
Harsh Braking,0,28.79,32.67,44.19,68.29,-1.62,61.7,28.78
Deep Discharge Warning,1,43.3,55.1,58.98,47.62,-53.57,14.33,1.78
Harsh Braking,0,26.93,35.96,44.91,66.57,-5.8,49.84,25.85
Low SoC,1,41.09,49.46,72.25,43.93,-69.3,1.41,33.83
Deep Discharge Warning,1,32.1,45.53,66.58,45.91,-56.78,3.58,0.23
Battery Under Voltage,1,41.06,53.72,51.04,44.84,-55.17,4.68,1.03
Consecutive Fast Charging,1,45.03,61.25,79.37,46.83,-29.46,6.56,53.06
Harsh Braking,0,30.34,36.81,40.83,77.45,-12.66,85.43,27.09
Deep Discharge Warning,1,42.67,50.1,67.44,45.12,-72.5,4.88,26.09
OverSpeed,0,32.04,41.86,41.86,65.13,-7.5,50.88,22.27
Harsh Acceleration,0,29.68,31.89,37.07,63.73,-9.16,41.04,33.64
Harsh Cornering,0,28.16,33.16,41.41,72.41,-22.62,73.67,26.89
Harsh Braking,0,21.08,26.48,29.51,78.02,-26.35,92.39,14.16
Harsh Acceleration,0,35.14,42.99,48.59,65.7,-12.4,46.19,37.68
Deep Discharge Warning,1,50.21,59.71,80.79,44.58,-42.37,3.64,34.63
Deep Discharge Warning,1,33.75,44.5,48.15,45.34,-45.98,3.42,21.54
Harsh Braking,0,31.52,36.53,40.05,68.68,-23.6,60.81,32.2
Deep Discharge Warning,1,33.47,46.71,75.25,45.48,-52.96,6.54,7.17
Harsh Braking,0,26.53,35.52,44.25,67.63,-5.73,49.79,38.36
Harsh Braking,0,33.7,38.82,43.59,75.43,-21.46,81.01,50.22
Battery Under Voltage,1,43.65,52.68,74.77,45.75,-46.82,9.22,10.72
OverSpeed,0,33.38,43.9,34.47,69.35,-4.34,64.36,8.91
Harsh Cornering,0,30.39,33.54,46.84,76.46,-17.51,87.21,22.63
Harsh Braking,0,39.43,41.39,52.9,70.47,-27.75,68.38,33.74
Harsh Cornering,0,31.92,34.94,42.68,64.79,-28.54,45.71,20.51
Harsh Braking,0,32.85,37.53,35.99,72.08,-14.47,68.65,30.18
Low SoC,1,32.24,48.22,57.95,46.92,-30.3,6.59,4.16
Low SoC,1,50.4,51.71,71.03,41.94,-79.22,2.44,4.85
Deep Discharge Warning,1,46.96,61.36,78.44,49.35,-27.12,11.74,6.2
Low SoC,1,36.67,49.08,56.21,46.17,-35.51,2.16,6.46
OverSpeed,0,30.58,32.62,45.05,65.27,-11.33,45.31,30.4
Low SoC,1,52.24,59.62,67.6,46.66,-57.71,7.81,25.66
Low SoC,1,41.62,55.01,69.98,45.7,-37.59,3.73,26.63
Harsh Acceleration,0,32.73,40.6,54.7,70.0,-20.41,64.6,49.49
Harsh Braking,0,25.02,32.26,39.03,67.84,-20.04,53.21,40.85
Battery Under Voltage,1,44.76,53.18,54.54,44.12,-28.51,1.99,4.68
Harsh Cornering,0,28.25,39.64,34.49,76.21,-4.36,83.75,39.89
Low SoC,1,38.19,47.04,56.59,48.06,-45.74,3.35,0.82
Consecutive Fast Charging,1,40.63,54.15,72.22,46.82,-36.69,6.36,12.65
Harsh Acceleration,0,19.33,24.38,24.3,68.43,-21.23,58.19,26.54
Harsh Acceleration,0,37.14,36.92,47.93,67.75,-7.38,61.75,43.5
Low SoC,1,44.27,55.2,74.6,47.7,-28.76,3.37,3.73
Deep Discharge Warning,1,48.55,64.03,75.46,44.37,-46.45,6.14,14.29
Harsh Braking,0,28.26,27.94,35.01,73.83,-18.26,79.02,14.28
Harsh Acceleration,0,26.45,31.49,40.03,68.29,-8.77,56.06,26.77
Harsh Acceleration,0,25.67,35.4,34.37,76.31,-23.76,87.75,29.19
Harsh Braking,0,31.44,33.65,48.99,63.7,1.96,42.0,18.77
Battery Under Voltage,1,37.03,45.93,51.04,45.72,-49.89,13.99,1.92
Low SoC,1,34.67,49.13,50.36,45.25,-25.07,10.57,5.44
Harsh Acceleration,0,27.4,33.11,36.66,73.41,-11.86,78.94,25.28
Harsh Acceleration,0,26.35,32.58,44.14,73.69,-15.73,74.57,17.43
Harsh Braking,0,25.49,31.05,39.02,78.17,-13.1,92.63,35.4
Low SoC,1,42.25,49.08,67.76,46.04,-53.9,4.04,3.84
Low SoC,1,34.2,52.88,62.93,46.21,-20.78,8.13,14.92
Deep Discharge Warning,1,33.79,43.84,63.66,47.67,-53.53,1.47,7.81
Low SoC,1,45.61,57.3,83.95,46.42,-60.43,10.46,11.39
Low SoC,1,50.88,66.37,74.51,46.39,-24.92,4.94,1.59
OverSpeed,0,34.86,44.22,48.34,71.56,-17.99,70.48,32.87
Harsh Cornering,0,36.95,43.21,49.94,67.96,2.1,62.56,30.66
Low SoC,1,46.78,54.15,76.76,44.99,-43.2,10.92,0.16
Deep Discharge Warning,1,42.65,56.62,59.8,45.5,-71.2,2.26,1.68
Harsh Cornering,0,25.7,35.05,37.79,75.29,-32.49,83.78,37.76
Consecutive Fast Charging,1,53.52,64.65,82.09,44.59,-33.17,1.89,1.89
Deep Discharge Warning,1,52.72,60.01,63.63,45.04,-28.66,3.72,33.17
Low SoC,1,50.06,67.35,84.05,46.05,-31.37,12.83,8.68
Battery Under Voltage,1,42.92,50.88,59.17,45.68,-69.82,8.16,16.27
Harsh Acceleration,0,37.2,42.48,44.93,73.54,-19.29,80.88,28.6
Battery Under Voltage,1,45.03,57.87,71.91,44.43,-39.19,1.32,1.35
Low SoC,1,32.22,44.24,55.63,44.52,-8.54,5.47,8.84
Battery Under Voltage,1,40.68,52.55,67.5,46.82,-75.03,9.13,3.83
Harsh Acceleration,0,36.97,40.76,48.3,77.38,-1.13,94.24,26.06
Battery Under Voltage,1,36.48,42.96,56.48,46.61,-78.48,2.42,10.39
Low SoC,1,52.54,47.79,70.08,45.89,-54.5,2.77,11.11
Low SoC,1,45.23,60.29,72.22,45.39,-53.06,4.43,4.56
Battery Under Voltage,1,59.09,75.05,75.2,45.86,-71.14,4.84,21.25
Harsh Braking,0,30.23,39.71,39.84,76.97,1.9,87.44,16.46
Harsh Cornering,0,29.01,34.46,41.1,76.1,-6.53,82.72,41.02
OverSpeed,0,31.01,39.2,38.96,78.96,-9.7,94.49,48.18
Battery Under Voltage,1,49.56,60.2,76.86,48.44,-33.87,11.16,6.41
Harsh Acceleration,0,21.92,25.35,23.32,65.22,-20.27,46.19,34.8
Harsh Acceleration,0,32.95,36.29,38.69,63.54,-12.39,43.97,19.1
OverSpeed,0,29.7,35.84,51.34,66.28,-20.49,49.0,39.39
Deep Discharge Warning,1,34.52,39.83,50.55,48.86,-35.43,15.24,6.28
Battery Under Voltage,1,42.55,56.82,62.53,45.46,-27.35,1.44,1.52
Harsh Acceleration,0,35.97,42.72,52.33,68.11,-22.26,56.9,30.9
Consecutive Fast Charging,1,44.3,55.73,63.95,47.16,-62.21,12.35,1.09
Harsh Acceleration,0,25.78,33.47,41.66,65.15,-17.93,49.65,41.7
Low SoC,1,26.54,35.2,60.8,46.09,-42.79,7.86,2.41
Low SoC,1,40.54,50.05,75.25,48.41,-51.99,9.52,5.06
Harsh Acceleration,0,35.35,46.55,57.44,63.55,-1.7,45.46,22.09
Consecutive Fast Charging,1,50.3,59.17,77.2,45.95,-22.09,3.22,3.97
Harsh Braking,0,43.77,51.39,53.23,65.9,-36.62,46.39,27.19
Consecutive Fast Charging,1,40.42,49.25,58.89,49.04,-68.73,12.48,1.6
Harsh Acceleration,0,25.79,36.31,36.08,63.14,4.55,41.43,36.32
Deep Discharge Warning,1,51.83,60.01,68.77,45.46,-38.49,10.45,4.91
Harsh Acceleration,0,37.77,46.16,39.42,68.2,-19.63,57.47,52.25
Low SoC,1,37.35,48.76,65.67,45.02,-44.88,5.49,39.23
Harsh Braking,0,28.85,36.95,44.51,75.93,-17.1,86.56,21.3
Deep Discharge Warning,1,29.63,43.07,47.57,47.8,-36.7,12.41,45.3
Harsh Acceleration,0,28.44,36.91,33.48,72.16,-24.19,69.59,29.11
Harsh Acceleration,0,24.18,34.42,32.28,72.27,-8.27,76.15,34.37
Low SoC,1,33.16,43.29,47.11,48.09,-48.63,6.23,43.15
Deep Discharge Warning,1,44.07,56.46,79.51,43.96,-31.04,2.42,20.2
Consecutive Fast Charging,1,39.76,52.06,63.74,44.83,-30.6,7.84,13.06
Battery Under Voltage,1,42.67,57.16,71.21,46.05,-36.06,9.95,13.87
Deep Discharge Warning,1,43.9,59.22,65.37,46.56,-59.46,10.34,12.55
Harsh Acceleration,0,25.58,31.15,40.42,67.78,-2.59,56.11,23.6
Harsh Braking,0,26.63,35.12,53.29,70.01,-25.7,61.53,38.61
Battery Under Voltage,1,40.43,54.59,99.82,43.85,-55.66,1.18,29.62
Deep Discharge Warning,1,27.07,39.24,46.11,47.22,-46.81,9.53,1.72
Harsh Braking,0,33.43,34.72,39.47,68.17,-18.29,58.4,21.6
Deep Discharge Warning,1,34.08,44.73,55.08,48.11,-57.95,12.55,4.79
Consecutive Fast Charging,1,52.99,71.04,81.53,46.02,-54.32,8.6,4.12
Harsh Braking,0,31.01,35.45,33.4,78.37,-31.7,94.91,33.53
Deep Discharge Warning,1,56.42,64.64,77.14,45.48,-60.1,2.62,30.84
Harsh Braking,0,29.77,38.17,33.34,64.58,-12.3,45.55,14.01
Deep Discharge Warning,1,52.53,72.3,77.37,46.25,-69.2,3.67,18.06
Low SoC,1,38.89,54.74,73.13,47.34,-50.82,6.72,72.88
Battery Under Voltage,1,31.18,47.89,58.91,46.0,-33.9,4.91,1.69
Harsh Cornering,0,30.08,35.06,39.17,66.81,-21.32,56.2,28.69
Deep Discharge Warning,1,27.54,40.35,60.18,46.52,-62.37,0.37,10.24
Harsh Braking,0,34.0,37.24,42.13,73.96,-4.67,79.72,50.13
Deep Discharge Warning,1,41.49,56.28,68.75,45.87,-41.5,9.07,3.11
Low SoC,1,34.0,46.05,70.96,50.73,-69.07,15.77,5.96
Deep Discharge Warning,1,44.82,56.1,68.37,47.38,-59.11,11.35,0.13
OverSpeed,0,26.1,31.15,31.57,77.07,-13.7,86.36,29.1
Deep Discharge Warning,1,46.96,62.75,68.09,47.73,-38.85,14.18,31.89
Low SoC,1,41.93,53.47,74.53,45.33,-56.17,7.13,22.14
Battery Under Voltage,1,33.27,49.25,58.73,48.83,-37.02,10.96,7.13
Consecutive Fast Charging,1,58.51,63.58,88.88,44.27,-43.79,6.66,28.92
Deep Discharge Warning,1,54.58,71.36,76.25,45.78,-61.91,4.75,20.06
Low SoC,1,47.83,59.31,77.71,45.29,-50.61,4.42,17.02
Harsh Acceleration,0,29.17,34.9,42.9,63.75,-7.65,41.46,29.66
Low SoC,1,44.81,54.62,73.66,46.57,-19.19,1.33,4.14
Consecutive Fast Charging,1,32.98,49.46,58.08,44.78,-51.29,3.01,15.58
Low SoC,1,43.14,54.42,66.92,47.78,-30.13,6.58,9.92
Low SoC,1,34.72,43.27,59.18,47.5,-28.84,10.78,0.71
Harsh Braking,0,31.48,40.52,48.57,71.01,-12.63,71.63,28.17
Consecutive Fast Charging,1,32.32,41.15,52.71,47.74,-36.08,10.33,33.86
Low SoC,1,32.82,46.95,47.06,46.32,-47.6,6.52,0.58
Consecutive Fast Charging,1,44.19,53.38,56.71,45.6,-40.64,8.0,12.38
OverSpeed,0,30.11,33.86,44.64,66.94,-30.99,54.53,33.59
Thermal Overheat Surge,1,40.63,61.94,58.44,49.72,-45.2,21.79,11.71
Harsh Braking,0,27.74,28.64,36.82,79.41,-20.02,97.81,35.3
Low SoC,1,50.93,63.32,67.62,49.25,-51.07,9.75,12.3
Deep Discharge Warning,1,34.63,46.13,59.28,48.73,-43.92,17.85,1.02
Deep Discharge Warning,1,43.09,49.04,54.69,49.01,-69.91,16.84,83.56
Harsh Acceleration,0,33.94,38.91,51.42,72.36,6.45,73.08,21.08
Consecutive Fast Charging,1,52.45,65.75,76.88,46.61,-30.41,6.76,6.55
Thermal Overheat Surge,1,27.59,40.07,65.61,45.37,-26.24,1.98,23.6
Deep Discharge Warning,1,40.58,51.17,67.89,45.38,-59.46,16.18,1.49
Harsh Acceleration,0,25.03,29.26,28.92,74.93,-18.13,89.08,24.1
OverSpeed,0,28.02,35.57,39.11,67.13,-5.15,52.01,2.8
Deep Discharge Warning,1,39.17,46.54,70.46,46.76,-35.81,5.62,8.03
OverSpeed,0,31.01,36.63,47.04,72.44,-10.28,75.68,40.7
Low SoC,1,38.38,49.55,56.97,46.97,-58.62,6.46,25.81
Deep Discharge Warning,1,46.11,55.5,69.66,47.64,-71.74,10.02,1.19
Harsh Acceleration,0,33.72,38.08,45.8,72.84,-28.98,78.01,32.67
Low SoC,1,42.37,59.73,60.08,46.14,-36.62,10.99,7.59
OverSpeed,0,40.18,41.46,48.47,75.95,-25.3,85.05,22.75
Deep Discharge Warning,1,30.53,42.06,52.33,46.24,-45.65,8.37,14.58
Harsh Acceleration,0,36.23,42.24,50.04,75.4,-23.69,86.03,28.06
Harsh Acceleration,0,36.12,44.01,46.99,67.37,-21.75,54.16,12.08
Low SoC,1,38.88,55.6,64.13,48.38,-44.45,18.02,0.73
Low SoC,1,45.59,50.35,78.23,47.08,-30.72,17.55,2.1
Deep Discharge Warning,1,53.8,68.94,59.76,46.13,-75.8,7.04,21.06
Low SoC,1,34.94,43.37,57.53,47.35,-39.9,14.83,8.81
Consecutive Fast Charging,1,46.57,57.82,63.27,45.42,-56.64,6.61,29.29
Battery Under Voltage,1,20.8,35.59,38.99,46.72,-32.58,2.02,3.59
Harsh Cornering,0,29.97,36.76,42.82,67.41,-3.25,47.04,43.66
Low SoC,1,41.76,54.66,59.45,44.87,-55.92,0.17,7.12
Harsh Acceleration,0,32.22,38.59,35.69,79.54,-20.85,95.26,44.23
Harsh Cornering,0,32.86,32.71,40.2,76.76,-24.92,90.23,37.8
Harsh Braking,0,34.23,40.18,49.87,77.15,-18.21,92.32,34.15
Low SoC,1,45.81,60.18,72.66,51.16,-52.62,23.32,9.78
Harsh Acceleration,0,34.05,43.23,46.08,69.22,-13.08,59.44,26.12
Low SoC,1,48.52,59.97,63.45,47.36,-40.9,12.08,3.87
Thermal Overheat Surge,1,49.6,58.2,57.71,49.96,-26.77,20.34,3.58
Deep Discharge Warning,1,34.46,39.09,54.15,45.31,-34.44,6.88,66.63
OverSpeed,0,27.99,32.93,39.1,76.26,-3.75,87.22,33.82
Harsh Braking,0,29.36,32.7,47.18,70.57,-26.56,60.42,23.94
Battery Under Voltage,1,24.64,42.58,38.91,45.85,-41.84,13.38,19.64
Battery Under Voltage,1,46.22,57.31,60.54,45.07,-44.23,3.93,6.23
Harsh Braking,0,27.41,32.05,35.03,65.39,-14.9,47.17,38.84
Deep Discharge Warning,1,45.05,62.76,70.65,46.08,-75.3,3.1,16.2
Low SoC,1,45.72,59.44,78.69,48.19,-56.34,12.53,8.32
Low SoC,1,40.48,53.24,58.03,47.23,-47.93,7.46,33.94
OverSpeed,0,30.16,34.35,39.94,71.59,-0.7,73.86,46.61
Low SoC,1,43.96,55.22,66.61,44.69,-72.03,5.61,6.98
Low SoC,1,32.87,45.87,69.1,48.29,-36.12,12.2,22.49
Harsh Braking,0,30.66,33.73,38.65,73.89,-22.67,82.13,18.9
OverSpeed,0,34.79,35.05,44.88,67.37,-2.32,62.19,30.15
Harsh Acceleration,0,28.05,33.1,45.38,73.28,-19.24,75.8,28.77
Harsh Acceleration,0,27.65,32.68,39.39,75.24,14.26,78.46,32.26
Deep Discharge Warning,1,35.49,51.66,49.74,46.49,-21.88,9.67,10.5
Harsh Acceleration,0,27.9,35.16,33.72,77.46,0.34,93.89,12.98
Harsh Acceleration,0,31.19,41.54,42.43,70.09,-12.79,65.57,55.74
Consecutive Fast Charging,1,48.39,56.5,89.62,46.37,-39.28,11.26,15.66
Low SoC,1,29.98,37.02,50.69,47.86,-49.26,14.86,5.32
OverSpeed,0,29.14,36.59,45.29,75.91,-0.49,82.71,30.45
Harsh Braking,0,27.41,32.66,40.11,73.29,-7.28,72.82,59.35
OverSpeed,0,29.28,39.19,42.3,67.84,-30.53,49.59,60.81
Battery Under Voltage,1,40.41,49.84,71.78,47.58,-65.74,7.56,1.3
Deep Discharge Warning,1,30.41,45.55,47.94,45.86,-65.66,12.85,7.5
Harsh Acceleration,0,36.62,39.78,47.17,73.45,-28.76,76.42,45.43
Harsh Braking,0,31.75,32.86,43.63,70.43,-27.02,64.99,23.76
Harsh Acceleration,0,30.92,38.01,38.72,75.84,-19.7,82.83,53.86
OverSpeed,0,24.55,26.75,37.06,75.04,-2.31,81.56,42.08
Deep Discharge Warning,1,47.61,57.08,72.59,45.37,-40.08,9.24,26.07
Deep Discharge Warning,1,37.54,47.63,66.2,46.0,-44.72,7.73,25.25
Harsh Cornering,0,33.6,43.04,49.74,76.47,-13.23,91.34,16.91
Thermal Overheat Surge,1,47.02,58.49,63.27,44.45,-48.95,2.81,12.13
OverSpeed,0,30.66,39.6,33.57,73.13,-15.82,76.54,24.99
Battery Under Voltage,1,51.19,64.41,80.25,46.96,-49.15,6.79,7.45
Low SoC,1,49.77,60.01,66.74,45.28,-45.4,0.16,15.26
Deep Discharge Warning,1,55.74,67.05,83.71,44.45,-49.11,1.43,8.33
Deep Discharge Warning,1,50.89,62.93,97.72,45.14,-60.45,6.47,1.28
Low SoC,1,46.06,56.52,74.93,43.85,-42.72,2.87,0.99
Harsh Braking,0,31.76,41.29,33.93,65.95,-23.86,49.27,18.23
Harsh Acceleration,0,34.66,35.69,50.91,73.91,7.35,76.39,36.42
Harsh Acceleration,0,30.57,40.91,36.72,72.18,2.21,71.13,48.3
Low SoC,1,52.11,62.83,67.75,45.93,-68.57,8.93,7.85
Battery Under Voltage,1,47.85,66.44,76.85,46.16,-46.94,8.78,1.85
Deep Discharge Warning,1,38.05,57.69,58.64,45.24,-53.67,2.01,21.12
Battery Under Voltage,1,32.65,42.75,50.34,46.26,-58.18,5.65,7.34
Harsh Braking,0,31.32,35.16,39.26,71.76,-5.5,67.94,27.56
Low SoC,1,39.17,52.24,69.56,47.47,-46.66,3.69,7.44
Harsh Cornering,0,32.18,37.9,48.84,69.74,-0.41,66.52,46.66
Harsh Acceleration,0,30.67,41.07,45.0,66.84,-1.0,55.35,28.63
Battery Under Voltage,1,37.45,49.5,62.82,46.19,-48.16,6.53,35.69
Battery Under Voltage,1,43.83,51.48,73.88,45.63,-54.94,11.41,7.28
Low SoC,1,36.31,40.8,77.95,47.85,-39.99,4.07,15.74
Low SoC,1,41.13,47.91,65.63,44.64,-59.42,4.91,1.8
OverSpeed,0,22.16,30.04,39.0,76.03,-17.48,86.11,48.38
Harsh Acceleration,0,33.89,41.54,42.42,65.45,-12.03,43.95,11.41
Harsh Braking,0,32.23,39.77,45.56,74.0,-9.99,77.91,46.66
Harsh Braking,0,35.75,39.61,48.74,64.96,-16.59,49.77,37.35
Consecutive Fast Charging,1,34.7,48.38,60.63,42.41,-56.77,1.82,2.6
Harsh Acceleration,0,39.16,50.55,55.26,77.07,-29.55,92.35,30.57
OverSpeed,0,27.15,32.27,37.83,64.27,-10.01,41.33,14.42
Harsh Acceleration,0,32.63,38.86,44.78,66.18,-21.51,50.85,23.96
Harsh Braking,0,30.16,41.58,39.84,68.47,-17.82,59.65,51.05
Harsh Acceleration,0,27.65,32.3,43.37,76.1,-37.67,89.18,35.36
Deep Discharge Warning,1,39.71,52.37,57.73,44.52,-57.45,8.06,8.06
Battery Under Voltage,1,28.51,39.05,64.11,45.2,-44.45,7.46,0.87
Low SoC,1,44.95,53.71,89.3,47.52,-34.8,8.02,11.43
Harsh Cornering,0,25.56,27.33,41.41,67.9,-31.18,59.61,33.86
Battery Under Voltage,1,25.38,37.87,43.77,45.62,-36.74,1.72,14.59
Harsh Acceleration,0,28.42,31.21,41.8,75.87,-18.46,85.38,33.24
Deep Discharge Warning,1,59.49,78.44,95.59,43.62,-50.69,0.43,3.38
OverSpeed,0,30.73,38.96,41.39,74.41,-33.57,79.83,32.13
Harsh Acceleration,0,30.27,38.45,42.39,67.63,-4.77,58.44,41.63
Consecutive Fast Charging,1,39.52,50.56,61.59,49.64,-33.41,22.45,17.55
Harsh Acceleration,0,32.4,39.62,46.6,75.87,-18.87,86.27,26.75
Thermal Overheat Surge,1,38.33,53.12,69.85,44.38,-21.35,8.36,12.42
Deep Discharge Warning,1,33.58,47.06,61.63,46.42,-42.59,13.34,12.42
Deep Discharge Warning,1,46.92,52.42,85.35,46.5,-58.88,11.99,4.39
Low SoC,1,48.2,58.57,56.27,49.73,-60.33,19.1,3.32
Low SoC,1,57.81,66.59,83.36,47.1,-47.43,7.54,5.04
Thermal Overheat Surge,1,38.84,51.95,67.18,46.35,-46.9,2.53,0.89
Harsh Cornering,0,32.11,37.56,48.62,76.48,-2.09,91.9,25.54
Low SoC,1,54.4,67.81,82.78,50.9,-60.98,13.53,2.49
Harsh Acceleration,0,34.03,39.06,44.16,71.78,-12.44,70.1,45.0
Consecutive Fast Charging,1,37.59,49.9,55.88,45.57,-39.17,1.83,8.66
OverSpeed,0,27.31,34.24,37.0,73.24,-15.35,77.2,23.14
Low SoC,1,46.55,59.26,58.53,46.9,-48.35,2.35,18.13
Harsh Acceleration,0,25.73,31.14,37.35,72.51,-16.45,73.57,28.8
Harsh Cornering,0,37.6,48.4,55.55,67.54,-16.48,60.53,25.17
Battery Under Voltage,1,44.13,52.39,66.98,45.02,-55.67,6.21,13.0
Thermal Overheat Surge,1,48.71,64.33,91.12,47.43,-46.47,10.72,37.7
OverSpeed,0,29.15,34.52,46.15,66.19,-23.98,48.74,23.55
OverSpeed,0,27.73,31.31,38.16,64.21,-10.39,44.64,21.34
Harsh Braking,0,28.54,32.24,40.24,69.1,-3.5,59.97,16.96
Harsh Acceleration,0,30.51,33.32,45.89,66.62,-21.12,56.44,52.37
Deep Discharge Warning,1,47.39,55.11,71.08,49.31,-51.65,17.59,1.57
Harsh Cornering,0,27.44,38.21,40.35,78.82,-34.71,97.42,24.45
Harsh Braking,0,25.34,31.38,38.37,74.93,5.1,80.3,29.13
Harsh Braking,0,32.4,38.75,41.4,77.14,-15.36,88.16,29.59
Harsh Braking,0,30.92,37.61,43.61,75.36,-24.09,79.52,28.33
Deep Discharge Warning,1,39.95,46.35,59.13,46.24,-67.06,4.57,2.45
Harsh Acceleration,0,31.17,37.7,47.17,75.82,-2.68,91.99,16.38
OverSpeed,0,22.88,28.48,32.53,72.21,-7.09,68.46,14.54
Harsh Acceleration,0,31.18,37.18,34.04,62.54,-10.51,40.25,25.57
Harsh Cornering,0,30.95,33.1,39.36,78.04,-12.73,95.0,27.6
Harsh Acceleration,0,26.04,33.52,44.71,68.1,-0.16,54.35,20.12
Deep Discharge Warning,1,54.76,70.1,86.16,46.78,-24.93,7.3,11.41
OverSpeed,0,34.42,40.39,43.81,67.66,1.44,50.69,36.51
Low SoC,1,47.66,60.89,68.04,47.26,-38.47,11.59,12.67
Harsh Braking,0,33.6,39.97,47.3,72.56,-15.27,70.25,32.75
Harsh Braking,0,27.83,36.49,34.04,69.4,-16.07,60.59,19.09
Low SoC,1,42.45,51.34,73.38,45.26,-13.97,3.09,42.53
Harsh Acceleration,0,28.34,31.29,48.0,78.42,-28.55,90.59,27.81
Low SoC,1,38.38,52.38,47.49,46.34,-50.62,6.12,9.54
Harsh Acceleration,0,24.49,30.27,27.12,75.07,-5.4,80.12,18.11
Harsh Acceleration,0,27.55,35.17,42.96,68.55,-19.64,58.91,39.47
Deep Discharge Warning,1,39.25,47.82,61.53,44.69,-40.67,6.18,22.43
Deep Discharge Warning,1,36.91,44.29,61.03,48.04,-47.08,17.25,5.51
Harsh Acceleration,0,26.81,33.55,42.51,66.11,-20.0,47.7,30.92
Low SoC,1,38.2,55.22,61.81,47.27,-23.67,6.45,0.59
Harsh Acceleration,0,34.43,41.2,45.52,71.74,-4.79,70.51,31.75
Battery Under Voltage,1,37.21,46.55,50.35,44.49,-58.48,3.21,11.41
Low SoC,1,47.46,62.45,72.1,47.26,-46.35,5.57,0.32
OverSpeed,0,33.89,42.45,59.22,78.86,-25.9,94.95,40.32
OverSpeed,0,33.51,45.28,46.67,66.67,2.25,49.64,34.02
Deep Discharge Warning,1,39.07,53.07,55.69,46.24,-35.16,5.27,19.01
Low SoC,1,40.94,57.82,72.42,41.97,-56.54,6.59,29.48
Harsh Acceleration,0,38.25,45.8,40.5,69.43,-14.31,67.38,25.14
Thermal Overheat Surge,1,41.2,55.72,61.98,46.85,-36.5,10.43,7.68
OverSpeed,0,24.89,39.07,45.53,73.29,1.74,77.19,30.63
Harsh Acceleration,0,23.65,32.25,34.95,78.03,-16.48,97.75,48.55
Harsh Cornering,0,17.83,24.77,33.14,75.35,-9.3,85.11,38.09
Consecutive Fast Charging,1,36.69,45.41,74.83,47.12,-28.73,0.99,19.63
Low SoC,1,33.06,42.59,56.7,44.33,-53.68,2.71,0.55
Consecutive Fast Charging,1,34.66,49.14,66.01,44.34,-40.39,7.2,4.52
OverSpeed,0,32.35,40.65,52.93,70.32,-8.44,64.41,42.12
Low SoC,1,35.77,51.01,58.85,47.62,-35.53,14.49,10.01
Low SoC,1,50.95,69.09,69.45,49.39,-40.47,15.53,4.75
Battery Under Voltage,1,46.99,59.7,58.48,46.47,-29.64,13.54,3.81
Low SoC,1,44.65,57.78,67.79,44.6,-13.43,1.46,16.2
Harsh Braking,0,27.57,40.93,32.39,70.74,-14.7,65.54,46.26
Low SoC,1,35.05,44.42,74.0,48.4,-25.13,12.86,12.85
Battery Under Voltage,1,44.31,59.05,62.91,49.05,-57.98,16.16,30.95
Harsh Acceleration,0,32.18,36.83,51.94,64.3,5.11,45.78,29.52
Harsh Acceleration,0,32.69,37.1,46.52,68.62,-10.48,55.63,65.91
Harsh Acceleration,0,24.66,27.58,45.81,66.81,-7.58,53.36,19.81
Deep Discharge Warning,1,34.37,45.6,67.01,44.22,-40.06,1.01,0.71
OverSpeed,0,32.11,39.22,48.99,67.38,-2.05,53.05,41.31
Harsh Braking,0,34.61,39.45,40.5,74.52,-0.88,79.62,33.56
Harsh Acceleration,0,31.69,40.71,31.7,73.35,-16.08,71.25,37.41
Harsh Braking,0,30.38,35.21,41.45,75.55,-14.2,84.47,27.38
Harsh Braking,0,29.4,32.37,43.5,65.54,1.48,49.22,22.94
Deep Discharge Warning,1,36.47,48.69,55.06,46.01,-66.77,4.53,41.73
Low SoC,1,39.23,53.54,63.49,48.12,-51.31,16.22,30.07
Harsh Acceleration,0,33.51,38.58,51.23,75.27,-5.73,88.73,10.44
Deep Discharge Warning,1,40.06,49.34,71.42,46.76,-83.28,1.97,10.68
Thermal Overheat Surge,1,34.82,49.52,56.82,46.87,-43.84,9.08,8.28
Harsh Cornering,0,32.32,42.2,39.74,64.64,-19.05,47.99,41.74
Harsh Acceleration,0,33.12,36.82,45.1,76.38,-14.38,91.62,26.84
OverSpeed,0,30.55,37.8,40.92,79.31,-19.44,94.46,17.21
Harsh Acceleration,0,30.41,34.2,29.32,72.33,-12.95,75.34,50.22
Low SoC,1,50.24,68.04,77.34,45.29,-59.44,5.94,12.57
Harsh Cornering,0,24.77,33.57,33.88,74.35,-22.37,74.65,32.21
Battery Under Voltage,1,42.52,63.54,68.06,45.24,-56.58,9.47,1.21
Harsh Acceleration,0,36.08,42.78,46.9,71.51,-24.77,70.7,30.04
Low SoC,1,42.21,48.81,60.38,47.79,-71.58,14.0,20.96
Low SoC,1,29.55,41.49,58.52,44.52,-58.6,3.25,14.06
Battery Under Voltage,1,33.52,43.82,61.5,48.59,-34.45,24.65,20.16
Harsh Acceleration,0,29.04,35.63,43.49,67.97,-9.26,57.52,37.69
Thermal Overheat Surge,1,47.24,63.14,56.15,46.71,-48.53,2.57,16.75
Harsh Cornering,0,36.25,42.23,45.64,65.28,-11.31,47.84,30.26
Low SoC,1,27.84,43.28,52.3,45.82,-47.22,10.31,25.81
Harsh Acceleration,0,32.03,36.16,38.28,70.41,-23.72,66.58,38.49
OverSpeed,0,31.42,36.04,28.34,68.32,-12.95,59.7,61.83
Battery Under Voltage,1,33.69,47.74,46.62,46.5,-54.6,3.98,2.36
Low SoC,1,52.85,66.35,70.74,45.72,-44.71,5.36,11.06
Harsh Acceleration,0,32.34,34.37,49.41,77.3,-25.1,88.01,38.84
Harsh Acceleration,0,34.02,37.65,45.9,75.86,-35.42,85.92,37.54
Harsh Acceleration,0,25.75,28.56,39.99,77.65,-2.95,91.46,0.0
Low SoC,1,33.85,49.76,62.08,47.24,-39.92,3.11,21.32
Consecutive Fast Charging,1,46.55,53.33,80.8,46.72,-36.3,3.63,11.63
Harsh Braking,0,35.2,43.4,43.98,78.12,-29.7,93.94,0.0
Consecutive Fast Charging,1,44.25,61.16,58.38,45.0,-56.65,3.04,3.68
Low SoC,1,45.52,55.93,57.17,44.66,-68.64,5.41,9.39
OverSpeed,0,36.07,35.48,45.81,65.25,-5.05,44.18,46.88
Low SoC,1,56.67,64.03,68.93,47.85,-39.56,12.44,19.02
Harsh Braking,0,28.24,36.89,38.43,64.37,-1.79,40.2,29.01
Harsh Braking,0,29.72,34.18,38.4,71.61,-9.13,67.99,34.23
Harsh Acceleration,0,32.37,33.21,50.21,73.76,-15.3,78.34,58.4
OverSpeed,0,36.37,44.69,46.81,74.22,-9.4,77.54,35.19
Harsh Braking,0,25.1,31.62,42.76,76.38,-18.8,91.76,38.1
Harsh Cornering,0,34.21,44.8,45.44,75.84,-20.55,87.14,31.9
Battery Under Voltage,1,45.53,50.78,66.53,45.02,-47.2,10.29,12.26
Harsh Braking,0,25.03,31.27,36.45,65.38,-15.73,41.32,46.3
Harsh Braking,0,25.86,30.3,39.1,67.68,-16.62,56.06,16.7
Harsh Braking,0,26.09,29.67,35.63,71.05,-16.39,65.61,34.99
Low SoC,1,45.02,56.03,74.28,47.8,-45.27,11.38,6.79
Battery Under Voltage,1,47.2,53.8,66.8,48.08,-56.14,7.52,42.2
Consecutive Fast Charging,1,38.11,49.68,69.14,46.12,-21.46,7.68,3.83
Harsh Cornering,0,34.87,46.04,44.73,72.53,-20.84,75.85,26.7
Harsh Acceleration,0,37.19,43.61,39.16,76.9,-8.64,94.44,34.12
Battery Under Voltage,1,45.74,59.84,59.65,44.15,-48.71,3.14,50.1
Harsh Acceleration,0,34.31,43.62,41.52,78.24,-8.72,95.01,29.82
Harsh Braking,0,35.82,44.94,34.67,64.06,-24.32,40.37,20.79
Deep Discharge Warning,1,47.67,63.32,75.59,47.79,-51.23,17.09,30.48
Low SoC,1,40.57,51.99,68.74,47.04,-57.53,7.33,12.02
Low SoC,1,39.18,53.69,54.12,46.49,-27.69,0.84,4.89
Low SoC,1,35.94,44.87,67.44,44.98,-23.86,4.97,16.39
Battery Under Voltage,1,53.53,61.63,86.41,47.9,-78.56,9.43,55.75
Battery Under Voltage,1,53.4,60.13,76.86,44.51,-15.62,7.34,11.18
OverSpeed,0,35.12,35.36,46.53,68.52,-26.27,60.23,34.68
Consecutive Fast Charging,1,24.19,39.6,52.8,47.65,-34.13,21.57,6.78
Low SoC,1,49.91,53.75,67.29,44.98,-45.27,5.15,7.01
Deep Discharge Warning,1,31.25,47.12,52.7,46.52,-58.38,5.75,26.56
Harsh Cornering,0,26.36,28.7,36.94,70.8,-14.88,66.14,10.82
Harsh Acceleration,0,28.25,33.68,48.77,64.5,-12.33,44.09,27.57
Harsh Braking,0,35.61,38.66,49.69,69.83,-14.97,60.85,36.35
Low SoC,1,42.91,56.62,64.43,46.56,-38.43,1.27,17.64
Low SoC,1,40.4,46.35,52.26,45.56,-47.42,7.03,2.54
Deep Discharge Warning,1,46.28,59.27,76.23,44.83,-46.22,2.71,0.85
Harsh Cornering,0,28.79,36.67,36.61,69.88,-6.94,58.49,18.02
Deep Discharge Warning,1,40.2,49.63,62.81,47.15,-29.52,4.25,1.11
OverSpeed,0,28.89,36.23,48.16,65.2,-10.81,43.84,49.35
Thermal Overheat Surge,1,40.35,51.41,62.09,47.07,-44.5,17.57,2.26
Low SoC,1,45.56,50.47,85.86,47.51,-46.45,11.91,1.21
Harsh Braking,0,24.62,29.63,42.73,78.2,-18.44,95.1,19.98
Harsh Acceleration,0,33.76,36.82,42.63,65.4,-21.66,54.28,27.14
Harsh Braking,0,34.23,40.33,45.84,66.15,-17.31,51.34,24.86
Battery Under Voltage,1,51.33,60.78,64.12,45.44,-32.44,6.69,19.37
Deep Discharge Warning,1,36.97,53.04,81.17,45.8,-54.47,4.45,26.95
Harsh Acceleration,0,27.55,34.79,34.69,66.01,-7.2,51.19,44.69
Battery Under Voltage,1,49.7,69.74,62.78,48.95,-60.42,3.96,11.33
Deep Discharge Warning,1,42.27,60.08,70.42,44.95,-52.81,5.16,24.56
Battery Under Voltage,1,33.3,46.71,65.51,46.61,-47.06,1.64,19.34
Low SoC,1,50.19,60.63,76.87,47.36,-30.89,9.61,2.04
OverSpeed,0,21.86,28.92,33.01,68.65,-19.45,60.68,25.4
Low SoC,1,36.41,47.14,74.11,48.55,-50.89,14.75,9.17
Harsh Braking,0,29.11,32.94,45.73,69.46,-27.21,60.87,33.66
Battery Under Voltage,1,39.72,49.45,67.49,44.13,-32.71,1.16,7.86
Deep Discharge Warning,1,38.0,55.96,56.91,46.82,-53.95,5.55,12.24
Deep Discharge Warning,1,38.55,48.9,59.89,47.01,-18.06,7.47,28.13
Harsh Braking,0,38.96,47.2,51.73,65.27,-25.02,42.56,47.15
Harsh Acceleration,0,31.14,41.33,48.18,79.01,-12.34,93.97,30.3
Harsh Cornering,0,29.07,33.26,41.77,65.79,-8.4,48.79,40.38
Low SoC,1,53.57,61.93,77.76,46.06,-56.0,7.01,10.25
Battery Under Voltage,1,51.84,63.97,82.34,45.66,-58.65,10.03,3.05
Harsh Braking,0,37.45,45.7,47.81,73.59,-4.55,78.89,40.31
Harsh Braking,0,27.25,30.94,36.88,72.04,-6.8,75.55,33.66
Harsh Cornering,0,28.26,36.02,51.07,77.25,-19.89,91.86,29.98
Battery Under Voltage,1,35.07,51.03,57.56,46.43,2.37,6.64,11.7
Deep Discharge Warning,1,48.08,60.92,70.14,47.75,-12.26,13.86,8.12
Harsh Braking,0,31.12,37.78,46.44,65.47,-7.46,48.4,50.81
Harsh Cornering,0,36.22,43.85,41.76,65.89,-16.45,45.93,37.58
Harsh Acceleration,0,25.95,31.17,40.25,74.07,-34.38,75.49,23.84
Low SoC,1,45.09,53.66,79.2,46.55,-46.2,7.89,8.82
Battery Under Voltage,1,36.11,43.91,62.13,44.73,-30.48,0.7,2.7
OverSpeed,0,24.94,30.66,41.4,74.13,-28.86,80.35,34.73
OverSpeed,0,28.44,37.68,43.21,69.46,-16.04,62.16,46.2
Harsh Braking,0,38.34,44.65,54.61,69.42,-14.8,65.0,21.47
Deep Discharge Warning,1,46.57,56.98,71.91,45.04,-42.01,12.31,60.66
Low SoC,1,43.43,56.69,77.9,46.35,-50.88,8.83,37.38
Harsh Acceleration,0,26.19,33.98,38.16,68.43,-34.7,58.0,35.39
Low SoC,1,32.84,47.25,65.81,47.09,-35.03,3.44,2.2
Battery Under Voltage,1,49.94,66.62,77.46,47.17,-72.96,8.12,0.44
Harsh Braking,0,27.54,29.89,34.37,79.24,-13.26,90.75,38.26
Deep Discharge Warning,1,46.07,60.77,72.55,44.85,-52.14,3.98,4.43
Deep Discharge Warning,1,33.41,47.27,59.42,47.33,-41.87,14.34,8.36
Harsh Braking,0,35.19,39.3,49.44,71.52,-29.58,68.01,36.31
Battery Under Voltage,1,43.13,53.17,67.41,48.73,-35.99,8.27,13.93
Harsh Acceleration,0,28.26,30.1,48.67,64.82,-24.32,40.4,33.64
Low SoC,1,55.58,65.28,64.6,46.52,-41.62,5.75,19.6
Harsh Braking,0,39.34,44.95,46.13,64.31,-9.92,44.52,23.95
OverSpeed,0,27.33,32.56,50.76,70.3,1.99,64.46,35.8
Harsh Braking,0,30.1,38.82,46.4,77.47,-12.25,89.11,53.31
Deep Discharge Warning,1,40.14,51.21,66.91,49.06,-33.12,18.44,6.69
Harsh Cornering,0,26.62,31.31,31.57,77.68,-5.47,88.26,38.32
Harsh Acceleration,0,28.95,35.99,38.45,71.28,-0.17,68.42,28.47
Deep Discharge Warning,1,37.66,43.8,63.76,46.13,-52.19,2.84,8.54
Battery Under Voltage,1,31.43,49.8,57.91,45.21,-34.7,3.02,4.64
Harsh Braking,0,34.07,43.75,61.21,66.3,-12.11,46.76,27.95
Harsh Acceleration,0,31.06,35.61,37.34,63.67,-13.61,41.45,23.34
OverSpeed,0,33.5,38.14,44.64,69.78,-0.35,62.3,18.52
Battery Under Voltage,1,40.52,48.14,66.8,45.63,-30.55,8.34,17.66
Thermal Overheat Surge,1,47.34,54.7,68.01,47.62,-50.04,10.58,12.19
Battery Under Voltage,1,37.22,52.59,48.1,45.1,-30.52,1.54,8.97
Harsh Braking,0,33.33,35.7,49.26,74.68,-20.83,81.66,40.23
Battery Under Voltage,1,36.91,48.97,61.07,46.57,-21.93,2.37,54.16
Harsh Braking,0,30.08,38.38,39.73,70.31,-11.26,67.3,50.51
Consecutive Fast Charging,1,51.42,66.35,80.35,47.16,-32.38,8.87,17.73
OverSpeed,0,24.73,28.04,38.39,76.13,-18.51,91.05,30.58
Low SoC,1,37.27,45.07,56.9,47.21,-42.67,3.6,7.06
Low SoC,1,46.04,51.62,81.4,47.99,-7.15,10.04,17.21
Harsh Braking,0,31.08,37.04,39.73,78.72,-2.25,97.57,30.25
Harsh Acceleration,0,33.09,39.73,43.67,77.31,-33.25,91.54,38.17
Harsh Braking,0,29.23,37.74,47.66,76.61,9.9,90.79,15.51
Battery Under Voltage,1,33.29,44.67,70.23,50.04,-44.96,14.83,16.81
Low SoC,1,44.31,55.6,60.84,48.51,-36.86,5.44,7.48
Battery Under Voltage,1,34.52,45.81,53.94,46.56,-62.51,12.51,6.06
Battery Under Voltage,1,46.11,61.75,77.35,45.95,-66.22,0.63,0.89
Battery Under Voltage,1,45.59,62.18,56.69,46.12,-46.55,1.64,4.43
Battery Under Voltage,1,29.04,46.64,57.48,45.09,-45.39,4.04,37.3
Harsh Braking,0,21.47,25.03,27.97,64.81,-14.15,44.53,15.58
Low SoC,1,37.56,53.54,57.84,44.6,-46.43,6.37,14.35
Battery Under Voltage,1,44.14,49.37,63.62,46.03,-54.27,9.76,1.48
Harsh Acceleration,0,36.11,44.11,53.55,72.1,-16.44,70.93,35.35
Harsh Acceleration,0,30.31,42.29,42.44,76.09,-9.71,90.37,45.03
Harsh Acceleration,0,36.44,40.28,49.31,72.65,-13.9,76.53,22.37
Battery Under Voltage,1,43.66,55.37,56.69,45.63,-32.26,9.78,0.62
Harsh Braking,0,33.47,41.4,49.27,75.57,-30.94,86.58,29.18
Battery Under Voltage,1,27.93,36.74,54.25,44.89,-66.53,6.06,4.23
Battery Under Voltage,1,41.9,51.24,65.0,50.3,-39.9,24.71,0.48
Consecutive Fast Charging,1,49.98,61.63,71.11,45.33,-40.06,9.6,5.9
Harsh Acceleration,0,32.29,38.35,48.3,67.62,-29.39,53.82,33.73
Harsh Braking,0,24.8,27.87,43.22,73.05,-29.56,74.9,46.04
Deep Discharge Warning,1,36.2,47.18,65.88,44.37,-42.42,14.9,20.97
Harsh Acceleration,0,30.33,31.4,36.56,65.19,-20.4,46.8,33.73
Harsh Acceleration,0,31.68,32.87,40.88,77.13,-14.77,83.93,52.54
Harsh Braking,0,30.36,37.12,41.57,66.78,8.9,55.53,27.88
Harsh Acceleration,0,31.44,37.2,40.42,62.75,-31.19,45.46,36.59
Harsh Braking,0,28.64,36.26,50.89,68.92,-21.39,53.99,31.43
Harsh Acceleration,0,32.41,38.07,50.38,68.6,-4.45,62.76,57.13
Battery Under Voltage,1,51.29,57.71,77.73,45.09,-39.91,2.39,0.23
Battery Under Voltage,1,29.75,47.26,55.17,44.24,-66.03,2.15,2.36
Harsh Acceleration,0,32.45,35.14,41.0,76.27,-26.51,82.31,33.56
Harsh Cornering,0,28.22,36.95,38.07,68.32,-17.17,56.61,57.01
Low SoC,1,55.9,63.9,79.43,46.5,-18.0,4.61,1.07
Harsh Acceleration,0,32.09,35.25,46.54,66.16,4.12,52.32,30.04
Low SoC,1,40.6,49.86,67.58,47.04,-42.55,10.64,20.79
Harsh Braking,0,28.66,36.3,40.96,71.32,-5.94,66.26,13.2
Harsh Acceleration,0,31.62,39.32,44.0,78.26,-9.4,93.45,23.9
Deep Discharge Warning,1,22.55,39.33,47.72,48.27,-45.85,9.4,10.38
Low SoC,1,38.58,52.12,61.86,44.57,-39.66,1.8,11.12
Harsh Braking,0,35.09,43.32,43.89,66.49,-25.66,52.62,27.26
Low SoC,1,33.68,52.23,41.57,47.75,-24.55,8.59,16.8
Deep Discharge Warning,1,33.98,37.0,58.0,45.97,-38.72,1.66,8.55
Consecutive Fast Charging,1,52.9,64.7,68.33,47.45,-53.04,11.6,28.18
Harsh Braking,0,26.49,31.7,47.64,74.39,-19.81,78.81,31.34
Consecutive Fast Charging,1,44.51,56.22,54.64,46.46,-47.9,15.55,26.29
Deep Discharge Warning,1,39.81,50.83,74.86,46.4,-57.21,12.32,24.11
Battery Under Voltage,1,41.93,54.85,58.14,46.17,-35.47,1.37,1.5
Battery Under Voltage,1,36.33,52.14,57.47,45.24,-28.8,2.47,13.93
Thermal Overheat Surge,1,38.48,58.6,66.0,46.82,-63.43,7.65,0.21
Harsh Acceleration,0,25.19,29.92,45.62,76.58,-7.83,85.37,36.99
Low SoC,1,37.79,45.61,69.67,44.69,-37.09,9.87,29.28
Deep Discharge Warning,1,43.73,58.29,77.14,47.1,-45.65,8.36,15.99
Deep Discharge Warning,1,39.88,53.27,77.44,50.08,-25.79,15.43,1.09
Harsh Acceleration,0,32.26,37.89,50.77,63.57,-18.84,42.51,22.31
Harsh Cornering,0,32.49,41.59,43.09,71.11,-7.48,67.59,35.36
Thermal Overheat Surge,1,34.95,50.48,62.28,49.22,-30.26,14.66,6.74
Harsh Braking,0,30.12,38.08,44.89,65.5,-12.74,45.74,19.82
OverSpeed,0,33.21,37.29,42.62,74.7,-8.19,76.01,27.16
Harsh Acceleration,0,39.14,42.59,50.6,70.11,-30.75,67.4,40.08
Battery Under Voltage,1,40.88,55.99,69.45,45.14,-35.52,9.24,1.4
Harsh Braking,0,31.57,40.74,45.95,77.55,-33.86,95.23,36.63
Deep Discharge Warning,1,23.26,42.37,51.06,45.77,-28.48,7.23,28.68
Low SoC,1,44.29,61.94,76.74,48.18,-36.17,0.81,10.66
Harsh Acceleration,0,32.3,41.11,43.35,65.4,-33.01,48.51,25.02
Battery Under Voltage,1,49.23,53.74,67.07,48.84,-56.56,19.25,56.02
Deep Discharge Warning,1,46.45,55.57,75.48,45.65,-32.98,7.58,16.89
OverSpeed,0,38.4,42.25,52.64,66.0,-31.9,45.33,9.78
Battery Under Voltage,1,33.78,42.89,54.52,46.6,-56.81,9.73,32.29
Harsh Cornering,0,32.05,37.57,50.81,67.76,-15.87,57.1,33.6
Battery Under Voltage,1,41.0,48.02,56.12,45.85,-27.63,3.97,0.82
OverSpeed,0,31.28,33.23,50.49,73.19,-5.73,78.54,46.11
Low SoC,1,51.63,66.6,81.82,45.49,-15.89,0.75,35.87
Consecutive Fast Charging,1,52.56,63.17,74.98,45.85,-35.57,1.81,35.27
Harsh Acceleration,0,26.49,29.78,41.39,69.41,-22.24,61.45,27.6
Harsh Cornering,0,29.71,33.62,35.49,66.31,-4.7,48.48,46.53
Low SoC,1,37.15,41.54,59.37,48.3,-52.29,22.65,23.19
Low SoC,1,38.17,44.95,64.64,45.38,-52.54,7.69,34.54
Harsh Acceleration,0,28.42,33.74,39.25,65.38,-12.56,43.08,35.2
Consecutive Fast Charging,1,34.84,40.81,66.1,49.02,-27.89,8.04,2.94
Battery Under Voltage,1,44.01,56.08,65.77,46.07,-55.94,8.0,14.3
Battery Under Voltage,1,41.39,57.19,66.17,47.43,-50.76,16.67,22.09
Deep Discharge Warning,1,42.41,56.05,58.4,47.65,-35.32,10.3,100.77
Battery Under Voltage,1,47.5,59.01,67.29,47.07,-32.66,9.35,2.83
Battery Under Voltage,1,53.72,67.95,72.89,45.03,-42.14,0.67,5.72
Harsh Acceleration,0,29.05,30.12,39.71,72.9,-26.31,73.35,47.17
Deep Discharge Warning,1,45.6,59.13,76.15,44.28,-62.0,5.35,21.21
OverSpeed,0,20.1,24.18,30.83,62.3,-17.08,44.6,44.23
OverSpeed,0,29.42,37.82,35.84,76.55,-12.86,87.9,29.07
Harsh Braking,0,31.71,40.7,54.23,78.0,-4.91,93.23,32.05
Harsh Acceleration,0,22.09,29.01,36.46,77.05,-8.13,90.18,10.23
Harsh Braking,0,26.9,32.54,38.45,65.79,-5.57,53.2,36.48
Consecutive Fast Charging,1,36.43,50.54,63.13,45.9,-36.78,3.78,17.99
Low SoC,1,42.88,52.02,59.02,45.59,-56.15,0.31,1.72
Low SoC,1,48.02,60.05,69.0,47.64,-69.14,11.58,33.2
Thermal Overheat Surge,1,39.82,50.8,66.43,45.63,-35.74,0.87,20.31
Harsh Braking,0,33.31,40.02,52.48,71.48,-18.97,66.03,39.73
Low SoC,1,49.2,64.38,80.17,47.01,-57.91,11.41,18.47
Low SoC,1,53.43,69.83,75.05,45.46,-24.01,14.49,7.87
Consecutive Fast Charging,1,35.54,56.13,65.54,43.8,-74.37,4.55,1.42
Battery Under Voltage,1,60.08,70.96,83.47,47.79,-61.94,12.31,9.51
Battery Under Voltage,1,43.12,51.29,69.33,46.98,-54.15,10.13,12.72
Consecutive Fast Charging,1,36.49,42.31,76.13,46.02,-38.22,10.16,5.39
Harsh Braking,0,25.21,28.19,45.36,64.23,-1.86,43.5,25.99
Harsh Braking,0,29.4,40.89,43.67,69.98,-12.6,65.57,58.06
Harsh Cornering,0,27.16,34.63,43.18,65.85,-7.47,49.32,43.76
OverSpeed,0,35.43,39.75,41.44,66.39,-9.73,53.05,51.35
Harsh Cornering,0,29.86,32.39,43.24,67.26,-4.61,53.5,53.46
Harsh Acceleration,0,34.8,41.53,39.05,67.99,2.65,58.16,45.65
Harsh Acceleration,0,27.92,35.39,40.08,75.11,-26.91,81.82,35.02
Deep Discharge Warning,1,48.7,65.17,75.29,46.22,-39.58,6.59,13.68
OverSpeed,0,27.88,33.73,30.0,78.67,-4.91,97.85,33.24
Harsh Acceleration,0,31.4,35.24,49.05,70.6,-41.91,69.88,22.92
Deep Discharge Warning,1,54.3,65.72,65.49,49.41,-51.55,11.46,0.13
Deep Discharge Warning,1,42.31,55.28,71.17,50.63,-39.38,19.13,2.61
Low SoC,1,43.44,56.76,63.05,48.51,-46.65,13.17,1.8
Deep Discharge Warning,1,55.15,61.39,86.51,44.33,-40.4,1.33,0.9
Thermal Overheat Surge,1,41.65,53.31,70.36,47.95,-46.26,14.59,8.11
Consecutive Fast Charging,1,42.51,63.03,67.43,46.81,-32.56,9.3,0.6
Battery Under Voltage,1,44.69,60.55,51.23,46.7,-36.08,1.8,4.13
Deep Discharge Warning,1,38.36,48.82,62.99,46.13,-24.24,10.56,0.72
Harsh Braking,0,26.89,33.98,40.72,70.18,-13.73,66.96,32.28
Deep Discharge Warning,1,36.74,54.28,52.58,44.6,-52.3,4.39,1.27
Low SoC,1,38.16,60.65,67.67,46.19,-57.63,4.4,26.34
Low SoC,1,49.48,66.59,71.93,46.87,-55.65,9.1,8.87
Harsh Acceleration,0,35.93,41.61,39.29,67.13,-4.76,55.74,25.65
Harsh Cornering,0,27.59,36.17,34.52,68.91,-19.31,59.3,26.3
Harsh Acceleration,0,37.22,38.88,51.21,66.1,-21.98,50.41,18.63
Harsh Acceleration,0,25.57,30.38,43.08,76.08,-8.18,84.91,44.47
Deep Discharge Warning,1,33.44,38.98,61.6,46.65,-47.29,7.25,42.72
Battery Under Voltage,1,33.86,43.89,53.36,47.42,-34.93,14.24,24.44
Deep Discharge Warning,1,43.03,56.82,73.58,46.77,-48.91,2.68,13.85
Low SoC,1,36.99,51.83,49.95,47.21,-63.93,7.47,4.89
Harsh Braking,0,27.36,34.58,40.56,66.99,-18.56,54.73,38.22
Deep Discharge Warning,1,35.87,55.39,64.84,47.18,-8.08,4.59,10.44
Harsh Braking,0,33.37,37.35,48.88,70.48,-10.17,68.79,21.1
Low SoC,1,34.5,43.42,69.96,45.54,-6.45,3.01,51.67
Deep Discharge Warning,1,53.37,61.88,69.43,48.26,-54.36,16.54,22.59
Harsh Cornering,0,25.38,31.51,42.01,76.8,-13.26,85.81,47.77
Harsh Braking,0,36.28,44.39,44.34,72.62,-8.7,69.63,30.56
Harsh Cornering,0,35.55,38.5,46.91,75.42,-4.27,83.72,18.77
Harsh Cornering,0,32.32,38.24,49.79,76.98,4.97,87.25,51.87
Harsh Braking,0,25.9,31.36,38.96,67.44,-12.04,56.3,22.89
Harsh Acceleration,0,37.27,46.3,56.05,62.48,-13.84,41.48,19.89
Consecutive Fast Charging,1,51.86,63.81,67.65,46.34,-44.96,12.74,2.65
Harsh Acceleration,0,30.88,37.99,42.84,62.99,-5.39,40.17,26.33
Battery Under Voltage,1,36.51,45.98,60.93,49.26,-68.95,10.35,16.4
Harsh Acceleration,0,31.67,40.28,41.0,78.02,-18.58,95.61,37.87
Battery Under Voltage,1,44.5,60.51,64.14,48.7,-44.53,8.08,28.87
Harsh Acceleration,0,26.18,29.76,27.22,64.47,-7.58,45.6,38.6
Deep Discharge Warning,1,49.82,54.89,63.63,47.43,-45.75,13.59,5.51
Harsh Acceleration,0,37.98,45.72,52.9,69.16,-8.55,61.02,32.82
Deep Discharge Warning,1,42.44,60.06,58.06,46.61,-39.05,4.8,1.98
Battery Under Voltage,1,47.35,55.77,70.92,46.21,-54.6,4.21,18.47
Deep Discharge Warning,1,37.41,47.35,70.21,44.86,-61.14,4.5,23.07
Harsh Acceleration,0,32.22,41.78,41.89,70.73,-17.71,73.44,42.38
Harsh Braking,0,29.44,33.44,43.87,66.81,-23.23,52.64,28.64
Deep Discharge Warning,1,45.51,63.72,58.28,49.7,-60.36,10.98,5.57
Battery Under Voltage,1,59.03,69.27,94.93,48.21,-39.71,8.03,24.81
Deep Discharge Warning,1,46.35,56.39,81.14,48.51,-53.48,2.03,10.02
Harsh Acceleration,0,30.67,36.34,39.69,77.52,3.22,90.68,31.38
Consecutive Fast Charging,1,37.12,44.86,56.69,46.48,-49.79,2.36,3.36
OverSpeed,0,28.87,40.75,44.88,71.5,-13.8,69.05,25.06
Battery Under Voltage,1,41.09,50.27,54.56,48.97,-19.19,9.47,13.47
Harsh Cornering,0,39.24,49.86,49.61,76.61,-1.72,84.65,0.6
Deep Discharge Warning,1,48.08,54.11,79.88,48.37,-71.65,20.6,5.09
Harsh Cornering,0,36.48,42.47,47.18,79.21,-29.15,93.0,44.52
Deep Discharge Warning,1,38.85,53.16,50.17,46.12,-44.46,6.5,21.0
OverSpeed,0,33.16,41.87,40.82,68.28,0.97,55.43,25.22
Low SoC,1,57.1,65.95,80.15,44.91,-44.24,1.57,4.07
Harsh Acceleration,0,27.35,33.54,36.47,78.2,-45.36,88.94,16.16
OverSpeed,0,29.48,35.14,41.83,76.58,-1.58,87.49,45.9
Deep Discharge Warning,1,38.49,53.11,66.21,43.23,-65.61,1.1,0.5
Battery Under Voltage,1,40.36,59.68,69.25,45.29,-58.36,5.56,2.48
Harsh Acceleration,0,33.45,41.65,41.82,70.55,-26.47,68.85,42.16
Deep Discharge Warning,1,38.48,45.85,70.29,47.37,-39.53,11.53,16.43
Low SoC,1,44.49,54.58,69.19,46.68,-60.38,3.13,23.03
Battery Under Voltage,1,49.31,62.98,83.61,49.9,-54.04,16.62,3.92
Harsh Acceleration,0,33.88,40.76,48.89,69.37,-25.34,64.89,19.35
Harsh Cornering,0,32.32,38.75,46.48,63.66,-14.51,42.89,30.31
OverSpeed,0,35.04,42.65,49.54,72.13,-31.56,74.25,15.53
Deep Discharge Warning,1,45.64,57.51,75.92,49.21,-32.15,11.54,15.93
Deep Discharge Warning,1,53.64,69.16,72.92,51.06,-41.45,19.51,11.06
Harsh Acceleration,0,27.9,31.79,33.48,65.45,-15.38,47.45,48.76
Harsh Braking,0,36.29,42.83,42.99,68.81,-14.11,63.33,43.4
OverSpeed,0,36.16,38.07,45.62,72.2,-13.68,68.54,17.11
Harsh Acceleration,0,24.96,27.78,40.93,74.58,-20.83,79.27,54.03
Deep Discharge Warning,1,48.02,62.58,64.27,46.48,-56.95,7.34,10.99
Battery Under Voltage,1,46.05,58.32,64.8,47.59,-65.47,11.67,10.36
Harsh Braking,0,27.35,32.08,40.61,67.99,-4.18,55.1,31.56
Deep Discharge Warning,1,41.98,51.77,70.75,46.96,-9.98,9.05,2.6
Deep Discharge Warning,1,50.08,55.58,81.06,48.23,-49.13,4.94,4.0
Harsh Braking,0,31.41,37.64,41.17,69.29,-19.86,64.12,26.97
OverSpeed,0,28.17,37.63,42.4,67.79,-16.11,52.42,59.61
Harsh Acceleration,0,24.1,36.17,34.0,73.09,-9.89,78.28,13.43
Harsh Braking,0,30.99,37.48,40.55,78.43,-8.79,94.41,48.95
OverSpeed,0,30.08,30.46,48.85,66.04,-8.75,48.24,13.4
Deep Discharge Warning,1,40.54,57.81,71.7,45.12,-48.97,4.49,6.08
Harsh Braking,0,32.27,39.12,42.8,75.97,-5.02,83.25,19.38
Harsh Braking,0,26.69,34.68,39.04,66.28,-13.7,48.91,24.78
Battery Under Voltage,1,57.9,66.66,86.94,45.22,-52.54,3.02,0.29
Low SoC,1,39.31,46.35,69.7,45.11,-38.71,8.6,11.6
Battery Under Voltage,1,43.91,47.11,68.11,46.41,-46.19,10.78,1.72
Harsh Acceleration,0,28.92,39.45,48.53,76.7,-15.75,82.89,45.98
Harsh Acceleration,0,29.53,33.98,42.65,66.84,-16.43,47.99,39.12
Low SoC,1,31.36,46.68,64.15,49.61,-54.29,18.95,0.86
Low SoC,1,37.88,43.28,52.0,46.78,-52.01,7.21,18.71
Harsh Braking,0,33.71,41.66,43.61,79.35,7.16,93.88,35.05
Harsh Acceleration,0,33.48,34.32,53.95,66.05,-18.44,50.88,21.59
Harsh Braking,0,30.32,32.42,47.75,67.99,-13.22,54.32,23.14
Low SoC,1,45.34,59.78,65.4,47.02,-34.1,8.06,19.17
Low SoC,1,36.08,48.58,67.41,46.13,-47.44,9.14,22.05
Harsh Acceleration,0,31.62,36.51,40.83,73.58,-17.73,76.74,16.39
Deep Discharge Warning,1,34.73,48.71,59.69,47.4,-41.21,10.68,6.07
Harsh Acceleration,0,32.51,39.38,53.56,63.99,-7.48,42.0,19.73
Battery Under Voltage,1,47.39,59.62,81.52,43.28,-42.16,8.54,8.93
OverSpeed,0,25.79,36.74,44.69,72.58,-4.41,73.69,40.15
Deep Discharge Warning,1,40.19,49.67,66.75,45.71,-43.21,6.05,47.02
Consecutive Fast Charging,1,31.17,44.48,64.33,46.71,-8.75,5.26,28.81
OverSpeed,0,35.15,40.45,42.91,63.47,-12.02,40.48,41.19
Harsh Braking,0,29.57,38.89,48.45,63.74,-20.62,44.12,46.99
Harsh Braking,0,37.98,46.95,45.35,68.86,-21.09,58.59,53.89
Low SoC,1,31.81,42.49,60.24,44.63,-60.17,11.49,2.45
Harsh Braking,0,26.71,30.54,48.17,67.3,-14.07,57.94,28.09
Harsh Braking,0,19.78,22.35,32.1,75.4,-5.49,83.77,31.27
Low SoC,1,52.7,64.57,65.37,46.73,-45.49,8.97,5.36
Harsh Braking,0,27.97,40.64,41.86,79.29,-21.63,95.24,60.48
Harsh Braking,0,36.45,42.08,45.16,71.94,-16.87,71.01,26.98
Harsh Acceleration,0,29.19,34.45,43.68,76.27,-22.36,86.71,37.37
Deep Discharge Warning,1,43.38,56.82,63.54,46.84,-52.22,9.04,1.63
OverSpeed,0,24.54,31.78,36.02,75.88,-20.22,82.85,37.14
Battery Under Voltage,1,53.92,68.88,70.11,48.26,-42.64,16.43,8.42
Low SoC,1,56.04,68.07,80.28,47.82,-50.77,12.83,8.08
OverSpeed,0,33.13,38.07,47.99,70.67,-4.67,64.19,30.08
Harsh Braking,0,35.11,40.93,47.85,78.03,-36.13,93.96,21.46
Deep Discharge Warning,1,41.33,58.67,77.67,47.24,-49.27,11.84,0.5
Deep Discharge Warning,1,60.12,77.7,78.57,47.63,-48.46,20.04,3.64
Harsh Braking,0,31.35,40.13,43.91,70.55,-22.08,69.28,38.98
Harsh Braking,0,26.08,31.98,40.04,64.8,-8.47,42.79,37.66
Harsh Acceleration,0,30.97,38.72,58.16,65.96,-26.01,53.78,40.69
OverSpeed,0,28.79,32.53,37.96,66.61,-9.33,52.3,40.82
Low SoC,1,41.69,58.01,73.93,47.15,-29.22,9.09,14.07
Harsh Braking,0,34.1,35.86,35.42,73.62,-13.88,73.47,41.56
Harsh Braking,0,27.91,35.69,47.99,79.33,-8.22,94.77,14.74
Harsh Acceleration,0,36.48,44.25,51.35,63.49,-6.93,41.07,31.87
OverSpeed,0,23.64,25.37,32.7,75.33,-0.35,85.83,36.07
Battery Under Voltage,1,40.34,53.86,59.77,48.75,-62.09,4.85,8.34
Harsh Braking,0,32.67,37.86,45.0,79.67,-14.69,92.54,31.23
Harsh Acceleration,0,29.1,32.71,44.05,70.34,-14.44,63.56,21.72
Harsh Cornering,0,30.99,36.67,43.81,65.12,-11.65,47.02,24.03
Harsh Braking,0,33.13,37.27,42.58,66.28,-14.35,47.94,32.36
Low SoC,1,19.2,27.13,36.16,45.52,-41.98,2.46,25.41
Battery Under Voltage,1,40.81,47.37,54.65,47.86,-86.31,14.01,29.19
Deep Discharge Warning,1,46.41,56.89,72.77,46.56,-31.86,6.05,8.97
Deep Discharge Warning,1,42.43,51.52,68.93,45.99,-37.16,4.39,19.31
Low SoC,1,47.93,64.29,67.8,48.95,-59.77,17.08,4.45
Battery Under Voltage,1,50.86,67.06,89.8,46.08,-28.66,9.36,1.87
Harsh Acceleration,0,25.5,30.34,37.35,72.95,-19.82,73.0,19.24
Consecutive Fast Charging,1,40.83,58.37,65.36,46.79,-34.44,7.14,26.22
Battery Under Voltage,1,36.77,48.37,69.64,47.17,-30.07,11.4,0.75
Harsh Braking,0,28.12,37.91,38.59,75.42,-1.89,85.05,41.94
Harsh Braking,0,24.37,32.78,40.73,72.75,-26.9,74.05,40.97
Consecutive Fast Charging,1,41.04,52.83,74.23,46.07,-69.67,1.25,52.06
Deep Discharge Warning,1,37.52,46.71,58.77,44.63,-48.96,3.72,1.53
Low SoC,1,41.31,52.65,74.57,44.51,-32.74,2.73,10.08
Harsh Cornering,0,33.86,38.22,42.89,76.6,-20.36,82.46,30.68
Deep Discharge Warning,1,48.44,66.87,69.69,43.98,-31.37,5.21,4.4
Low SoC,1,49.45,61.78,75.25,45.33,-41.6,10.0,6.54
Battery Under Voltage,1,45.84,52.82,73.41,49.83,-47.85,15.25,8.64
Battery Under Voltage,1,42.44,52.47,70.63,44.96,-42.45,1.6,21.29
Low SoC,1,44.55,64.43,60.57,46.48,-37.31,11.84,24.82
Harsh Braking,0,35.65,41.63,58.42,71.19,-22.33,67.36,32.18
Harsh Acceleration,0,30.6,35.7,43.91,71.47,-2.26,66.77,39.89
Harsh Braking,0,31.79,41.6,35.68,77.72,-18.36,95.21,29.68
Harsh Cornering,0,25.02,35.66,43.06,74.48,-41.81,82.71,33.18
OverSpeed,0,27.36,31.46,45.01,65.16,-9.18,48.81,13.5
Low SoC,1,36.94,41.79,59.93,46.64,-24.21,6.83,101.18
Deep Discharge Warning,1,57.59,74.51,86.51,45.85,-50.34,10.35,16.83
Battery Under Voltage,1,46.46,56.19,75.13,48.4,-38.65,16.4,4.57
Harsh Acceleration,0,25.18,31.7,35.11,72.05,-22.64,70.98,32.39
Harsh Braking,0,34.99,39.76,45.34,71.75,2.12,71.03,31.89
Harsh Cornering,0,31.69,34.16,33.72,78.01,-22.79,94.39,21.55
Low SoC,1,37.16,40.49,67.43,44.88,-63.35,4.53,2.23
OverSpeed,0,32.9,40.15,42.0,78.1,-11.9,89.68,37.79
Harsh Acceleration,0,32.37,37.97,39.2,65.07,-21.69,47.87,21.82
Harsh Braking,0,20.6,26.16,29.9,71.54,-20.68,69.39,52.16
Harsh Acceleration,0,20.97,22.7,30.62,64.12,-14.66,41.15,48.36
Harsh Braking,0,31.21,34.49,48.37,77.45,-18.37,90.1,40.58
Harsh Braking,0,29.08,35.17,44.55,67.58,-16.34,57.49,42.37
Consecutive Fast Charging,1,39.97,49.99,55.38,46.07,-44.74,2.97,16.9
Battery Under Voltage,1,43.07,59.89,66.02,43.56,-35.02,1.76,15.16
Deep Discharge Warning,1,42.52,50.6,76.6,46.73,-72.54,9.6,25.01
Low SoC,1,33.97,45.3,68.28,45.91,-21.4,13.48,4.74
Deep Discharge Warning,1,40.1,52.74,68.18,49.8,-17.25,10.14,9.78
Harsh Acceleration,0,37.97,43.26,51.68,76.55,-19.78,89.21,33.06
Harsh Acceleration,0,25.56,36.96,33.23,63.34,-11.13,41.45,42.39
Harsh Braking,0,33.52,37.7,40.87,67.47,-16.63,52.99,28.71
OverSpeed,0,25.13,29.17,40.27,65.65,-8.78,47.25,22.94
Harsh Acceleration,0,32.47,41.93,41.77,75.52,-20.36,87.31,33.53
Harsh Acceleration,0,35.83,43.53,38.17,67.32,-2.27,56.06,38.19
Harsh Acceleration,0,33.6,40.04,50.93,71.25,1.4,72.09,10.77
Harsh Braking,0,30.83,39.35,36.52,67.7,-28.34,45.77,13.5
Deep Discharge Warning,1,49.92,58.38,70.64,45.83,-52.84,2.76,13.41
OverSpeed,0,28.06,32.8,39.33,72.03,-20.53,77.08,39.0
Thermal Overheat Surge,1,45.31,53.31,79.78,46.15,-37.25,8.24,44.28
Battery Under Voltage,1,50.27,65.14,62.54,44.28,-34.72,5.07,32.65
Harsh Acceleration,0,21.12,28.39,27.68,77.31,-28.92,92.19,41.37
Deep Discharge Warning,1,44.69,60.74,72.88,45.72,-39.97,9.5,21.95
Harsh Cornering,0,28.78,31.23,48.36,66.8,-28.58,53.57,40.89
Harsh Cornering,0,32.33,36.41,44.35,74.84,-19.18,80.0,44.38
Low SoC,1,33.0,42.73,62.42,47.51,-47.73,8.42,7.9
OverSpeed,0,23.72,30.9,30.77,69.46,-31.95,59.75,37.82
Low SoC,1,52.29,59.04,87.76,46.55,-51.87,7.74,2.14
Deep Discharge Warning,1,46.24,57.86,58.52,46.56,-57.99,14.13,11.24
Harsh Braking,0,25.25,31.15,40.85,72.81,-14.49,72.15,37.78
Low SoC,1,44.22,52.12,69.04,47.27,-32.62,9.66,24.42
Harsh Braking,0,28.16,34.19,36.72,77.38,-18.74,92.8,19.6
Battery Under Voltage,1,47.38,67.25,79.49,45.67,-39.42,5.16,8.48
Harsh Braking,0,24.53,33.55,38.3,74.3,3.91,79.74,48.29
Low SoC,1,45.76,57.34,65.39,43.18,-52.24,3.4,66.34
Deep Discharge Warning,1,34.66,47.98,52.17,44.67,-58.49,2.76,25.6
OverSpeed,0,31.93,34.41,46.9,74.27,-18.97,73.34,52.15
Consecutive Fast Charging,1,49.7,66.21,72.63,46.78,-28.19,2.85,14.21
Low SoC,1,46.48,52.95,72.56,50.43,-57.19,20.57,5.09
Battery Under Voltage,1,55.7,67.91,73.86,47.29,-22.29,10.66,4.51
Low SoC,1,45.32,56.65,69.04,48.63,-34.72,10.18,7.4
Harsh Braking,0,29.98,40.64,39.19,77.75,-16.8,96.15,22.25
Harsh Braking,0,27.21,33.53,36.57,65.22,-22.39,45.83,38.57
Consecutive Fast Charging,1,45.42,54.3,58.1,46.78,-46.47,4.62,6.25
Battery Under Voltage,1,28.15,34.81,53.47,45.32,-77.33,6.36,0.9
Harsh Acceleration,0,29.67,34.95,44.01,76.53,-17.34,88.83,15.06
Harsh Acceleration,0,34.23,41.17,50.89,64.52,-10.06,47.32,18.4
Harsh Cornering,0,32.08,38.9,41.71,73.49,-9.08,78.47,37.74
Harsh Cornering,0,31.91,34.87,41.64,65.88,-2.57,47.3,30.9
OverSpeed,0,27.17,34.6,37.02,71.29,-14.58,67.2,9.46
Harsh Braking,0,26.22,35.88,34.0,65.3,-9.39,43.85,31.72
Harsh Acceleration,0,34.31,39.55,42.11,66.96,-9.22,54.49,6.28
OverSpeed,0,27.98,32.11,48.66,76.44,-8.15,84.88,32.5
Deep Discharge Warning,1,31.01,39.24,50.87,46.44,-49.01,4.77,14.43
Deep Discharge Warning,1,51.46,64.94,88.18,49.03,-35.37,13.03,31.1
OverSpeed,0,28.77,31.89,38.41,72.31,-2.97,72.44,43.64
Deep Discharge Warning,1,44.96,60.09,69.46,44.68,-48.33,0.46,1.57
Battery Under Voltage,1,32.02,44.58,60.39,49.09,-14.57,12.19,9.83
Low SoC,1,42.05,54.93,73.67,49.98,-36.67,20.05,6.97
Consecutive Fast Charging,1,49.19,56.16,65.16,47.34,-37.86,4.08,9.81
Harsh Braking,0,31.79,36.29,46.94,71.51,-1.91,69.62,27.19
Consecutive Fast Charging,1,30.78,35.75,45.81,43.05,-77.63,4.18,3.94
Harsh Braking,0,35.39,39.52,52.25,75.14,-5.82,80.52,28.01
Harsh Braking,0,28.03,33.69,42.46,73.94,-13.02,76.87,16.78
Harsh Braking,0,32.93,39.88,37.04,77.81,-10.6,91.85,25.5
Battery Under Voltage,1,31.54,41.04,61.51,48.02,-40.61,12.07,19.03
Low SoC,1,34.03,36.25,62.13,48.81,-57.95,8.59,4.58
Deep Discharge Warning,1,46.16,54.4,59.88,46.94,-46.36,3.43,18.8
Harsh Acceleration,0,33.34,38.72,45.56,76.37,-7.25,83.35,40.04
Consecutive Fast Charging,1,36.69,44.65,53.14,46.43,-22.47,1.43,5.04
Harsh Braking,0,27.99,30.91,44.57,68.73,-3.47,57.42,38.06
Deep Discharge Warning,1,28.92,39.32,54.0,41.82,-45.91,3.42,0.77
Deep Discharge Warning,1,39.55,48.35,53.8,47.24,-58.92,0.81,2.09
Low SoC,1,61.41,73.72,95.77,45.38,-52.36,5.67,1.65
Harsh Acceleration,0,27.82,35.57,34.69,66.74,0.2,53.2,48.41
Harsh Braking,0,30.68,39.54,40.57,70.32,-24.28,66.26,43.32
Battery Under Voltage,1,39.35,49.63,58.77,48.82,-63.13,9.67,5.85
Harsh Acceleration,0,31.27,34.14,54.5,73.83,-17.61,73.3,21.86
Low SoC,1,43.26,59.31,62.51,46.74,-48.69,18.15,4.69
OverSpeed,0,24.24,27.79,41.2,70.45,4.89,69.73,47.71
Harsh Braking,0,34.92,41.44,53.99,65.2,-9.98,47.06,30.6
Harsh Cornering,0,28.36,36.91,42.32,78.79,7.73,95.34,38.26
Deep Discharge Warning,1,41.3,59.29,56.48,45.02,-65.35,4.21,0.01
Consecutive Fast Charging,1,35.56,54.7,61.37,45.18,-31.54,5.26,4.37
Harsh Braking,0,26.83,28.33,42.58,77.07,-15.74,89.6,4.25
Harsh Cornering,0,29.22,34.02,41.69,66.58,-25.14,50.75,41.22
Harsh Acceleration,0,28.29,38.99,34.21,71.75,-23.09,67.31,18.42
Low SoC,1,47.49,56.36,73.98,46.55,-85.05,8.88,33.53
OverSpeed,0,36.71,42.63,48.81,65.58,-2.62,52.2,24.55
Deep Discharge Warning,1,38.1,43.87,62.37,49.34,-53.47,16.9,5.72
Harsh Acceleration,0,25.89,33.63,28.41,72.53,-20.24,72.47,40.23
Deep Discharge Warning,1,37.76,48.66,62.59,47.94,-16.55,10.74,2.99
Battery Under Voltage,1,26.33,30.3,51.78,48.55,-8.7,7.79,42.21
Harsh Acceleration,0,31.48,39.05,37.65,67.42,-22.48,56.89,48.41
OverSpeed,0,36.27,42.76,42.19,73.21,-19.92,69.49,39.78
Battery Under Voltage,1,42.85,62.12,59.14,44.59,-57.29,5.19,8.7
Harsh Acceleration,0,25.94,31.59,38.4,71.64,-31.78,70.08,0.0
Low SoC,1,36.66,48.83,55.69,46.99,-7.62,3.05,1.1
Harsh Acceleration,0,26.04,29.75,46.36,67.57,-13.51,53.83,0.0
Harsh Braking,0,26.83,31.05,51.82,80.11,-21.17,95.29,40.59
Deep Discharge Warning,1,50.92,60.94,73.59,44.7,-77.09,9.54,31.01
Thermal Overheat Surge,1,33.82,51.97,56.69,45.08,-58.49,9.37,12.62
Harsh Acceleration,0,29.24,34.95,43.53,77.8,-25.12,85.11,57.64
Harsh Braking,0,28.94,31.87,39.76,72.55,-22.78,75.12,49.17
Low SoC,1,39.29,51.93,70.17,44.06,-66.6,3.42,72.88
Consecutive Fast Charging,1,49.12,61.14,61.19,46.14,-20.91,4.47,4.82
Consecutive Fast Charging,1,45.73,61.5,71.41,44.77,-68.97,4.54,32.77
Harsh Cornering,0,26.26,31.29,42.51,64.86,-27.75,47.51,33.74
Harsh Cornering,0,34.38,40.02,47.53,76.86,-19.65,90.38,42.25
Harsh Acceleration,0,35.27,35.62,36.25,76.49,-17.55,81.35,41.47
Consecutive Fast Charging,1,36.64,45.77,72.82,45.08,-61.59,4.32,27.1
Battery Under Voltage,1,43.38,60.74,69.81,46.42,-51.75,4.49,42.42
Consecutive Fast Charging,1,49.51,59.25,73.75,45.13,-60.04,8.28,19.98
Battery Under Voltage,1,38.09,49.82,65.53,49.48,-45.1,20.12,0.23
Low SoC,1,49.88,65.38,61.5,48.04,-82.68,16.47,13.7
Harsh Braking,0,29.33,35.93,41.85,64.26,2.23,49.86,26.32
Harsh Acceleration,0,27.96,35.89,41.25,65.9,-25.85,48.86,47.97
Battery Under Voltage,1,47.4,59.05,83.08,49.51,-33.15,17.16,1.96
Harsh Acceleration,0,29.91,39.3,36.8,68.23,2.96,55.39,27.53
Low SoC,1,39.84,48.6,73.87,44.1,-46.1,1.7,0.62
Low SoC,1,47.51,60.46,64.31,45.88,-34.59,5.63,23.86
Deep Discharge Warning,1,39.85,51.91,59.73,48.0,-50.02,4.7,7.33
Harsh Acceleration,0,24.94,30.93,34.58,68.14,-25.96,55.5,37.65
Harsh Acceleration,0,34.83,40.88,41.18,75.76,-9.44,88.69,12.35
Harsh Cornering,0,32.25,39.36,54.84,67.73,4.94,53.51,46.56
Harsh Cornering,0,30.75,36.25,47.43,73.12,-7.73,74.64,40.85
Harsh Braking,0,30.76,33.75,40.35,72.35,-15.52,71.4,23.91
Harsh Cornering,0,30.73,34.82,39.54,74.67,5.76,76.0,22.05
Consecutive Fast Charging,1,44.78,60.02,73.15,44.03,-46.46,2.55,11.15
Deep Discharge Warning,1,43.3,56.61,89.58,47.1,-63.8,9.48,13.78
Low SoC,1,38.8,48.49,59.22,45.12,-58.68,1.03,1.32
Deep Discharge Warning,1,35.09,49.43,46.5,46.63,-17.04,5.24,12.11
Harsh Braking,0,29.62,33.09,27.09,71.32,-9.99,66.53,2.34
Battery Under Voltage,1,43.63,51.55,66.62,51.08,-26.58,28.19,36.02
Deep Discharge Warning,1,32.45,43.49,36.42,46.84,-44.49,3.34,45.37
OverSpeed,0,28.63,32.8,37.32,77.13,-12.21,89.62,44.92
Harsh Braking,0,30.7,37.24,35.87,76.11,-2.37,83.45,33.82
Consecutive Fast Charging,1,48.09,57.15,72.66,46.87,-27.0,8.87,39.32
Deep Discharge Warning,1,36.05,48.98,54.7,44.51,-48.17,1.31,23.02
Harsh Braking,0,25.42,28.85,34.96,71.6,-6.16,65.95,39.75
Harsh Cornering,0,29.96,37.16,42.3,66.59,-38.84,54.38,29.78
Deep Discharge Warning,1,60.46,75.2,83.94,48.18,-37.84,13.3,5.92
Battery Under Voltage,1,51.79,67.29,71.78,45.36,-64.65,0.09,13.27
Harsh Cornering,0,30.99,34.5,41.42,77.36,-25.41,95.38,21.82
OverSpeed,0,26.49,32.06,41.56,65.55,-17.85,51.26,29.63
Harsh Cornering,0,33.13,35.85,42.0,78.51,-4.33,97.6,21.67
Deep Discharge Warning,1,45.82,61.79,65.36,45.88,-42.14,9.01,3.2
Low SoC,1,52.26,72.65,65.87,45.22,-43.85,2.7,13.37
Harsh Acceleration,0,36.9,45.75,46.39,73.54,3.07,79.77,40.9
OverSpeed,0,29.84,32.95,38.99,80.65,-17.99,97.08,24.54
Low SoC,1,55.8,61.82,76.76,45.44,-54.67,2.09,70.31
Harsh Braking,0,28.81,32.36,34.29,74.48,0.62,83.12,27.76
Harsh Acceleration,0,31.04,32.81,39.86,63.37,-28.16,41.35,28.59
Battery Under Voltage,1,47.99,56.44,71.85,47.44,-24.54,4.83,2.73
Deep Discharge Warning,1,37.38,51.48,67.24,46.07,-54.53,1.78,2.37
Harsh Acceleration,0,37.14,40.85,49.68,80.12,-13.04,96.32,20.84
Harsh Acceleration,0,25.02,29.03,38.02,65.27,-8.04,51.34,19.13
Harsh Acceleration,0,27.24,29.39,36.4,71.26,-1.28,65.89,37.55
Thermal Overheat Surge,1,42.01,50.37,75.03,47.23,-33.56,6.68,61.39
Consecutive Fast Charging,1,33.3,44.87,54.57,45.31,-50.19,2.0,49.14
Consecutive Fast Charging,1,38.57,52.92,53.65,45.15,-49.26,4.83,72.52
Harsh Braking,0,27.79,35.88,30.63,67.88,-6.13,54.67,42.88
Harsh Braking,0,32.39,37.53,48.67,78.2,-8.04,93.31,22.68
Deep Discharge Warning,1,44.38,52.67,65.54,47.36,-41.06,2.59,13.48
Deep Discharge Warning,1,39.61,52.83,65.08,48.04,-62.32,21.53,15.42
Deep Discharge Warning,1,41.48,58.43,58.41,44.98,-26.58,2.75,21.74
Low SoC,1,41.24,50.12,68.54,47.56,-48.35,2.53,5.28
Low SoC,1,42.08,56.02,49.82,48.35,-46.43,17.77,14.5
Harsh Acceleration,0,34.27,44.4,46.58,67.26,-14.21,60.31,35.57
Low SoC,1,30.93,41.98,48.84,47.41,-30.55,6.02,21.39
Battery Under Voltage,1,46.18,59.15,66.83,45.97,-54.43,5.67,1.04
Battery Under Voltage,1,54.94,66.61,78.5,46.51,-54.66,8.31,22.27
Harsh Acceleration,0,37.75,41.15,47.51,72.87,-4.02,77.8,34.72
Deep Discharge Warning,1,35.89,44.39,64.46,44.94,-59.51,2.81,1.05
Harsh Braking,0,28.17,31.09,40.66,64.3,-16.54,43.1,45.55
Harsh Braking,0,34.51,40.13,54.37,68.01,-26.24,55.39,37.14
Harsh Acceleration,0,34.31,35.32,50.08,79.03,-20.05,94.44,39.12
Harsh Acceleration,0,23.77,30.65,38.1,75.93,-20.5,85.14,52.59
Harsh Braking,0,32.86,44.74,49.75,72.39,-23.69,70.94,53.51
Thermal Overheat Surge,1,43.59,48.54,63.0,50.22,-25.51,17.51,4.97
Harsh Acceleration,0,27.82,32.0,38.25,68.31,-14.77,58.12,40.56
Deep Discharge Warning,1,40.59,54.94,46.13,45.9,-17.9,3.92,24.65
Low SoC,1,41.21,56.06,60.42,46.49,-43.43,7.95,33.87
Battery Under Voltage,1,28.57,43.63,51.62,50.05,-50.14,15.62,12.35
OverSpeed,0,30.14,38.69,45.37,70.79,-17.12,67.73,16.6
Harsh Acceleration,0,40.91,44.95,52.75,63.94,-5.97,43.45,41.74
Deep Discharge Warning,1,41.37,54.89,75.38,44.56,-63.02,6.0,9.48
Harsh Braking,0,28.96,34.39,45.37,67.77,-0.21,56.91,27.76
Deep Discharge Warning,1,55.26,68.01,75.99,47.4,-37.81,1.68,7.74
Harsh Acceleration,0,31.67,33.58,48.57,74.64,-9.32,79.58,0.0
Battery Under Voltage,1,27.73,39.8,52.16,45.58,-47.07,3.13,2.05
Low SoC,1,42.92,53.66,59.69,46.86,-44.14,2.09,1.4
Harsh Braking,0,27.88,28.56,41.65,77.43,-1.0,87.56,30.73
Consecutive Fast Charging,1,40.02,53.06,64.83,48.26,-70.0,16.11,4.57
Harsh Braking,0,34.83,43.65,44.39,73.38,-5.24,72.71,29.6
Thermal Overheat Surge,1,58.47,69.31,68.8,44.02,-31.22,1.86,10.62
Deep Discharge Warning,1,46.9,59.19,77.38,47.0,-48.59,2.18,8.74
Harsh Acceleration,0,35.29,40.32,43.18,70.64,-21.2,71.37,13.41
Harsh Braking,0,29.54,35.21,43.45,64.15,-2.38,41.0,33.67
Harsh Braking,0,33.23,40.25,55.28,72.7,-7.42,68.43,21.08
Harsh Acceleration,0,34.12,47.39,45.93,71.22,-3.51,67.38,20.98
Harsh Acceleration,0,26.31,27.87,37.64,74.66,-26.82,75.71,40.81
Harsh Acceleration,0,26.5,32.72,40.83,65.55,7.87,49.6,31.31
Harsh Cornering,0,32.86,39.07,55.92,67.46,-16.34,57.2,21.02
Battery Under Voltage,1,39.83,52.22,60.01,44.25,-42.58,6.02,0.92
OverSpeed,0,24.02,31.94,39.86,67.55,-17.79,60.16,36.56
Battery Under Voltage,1,49.2,69.04,71.11,47.58,-41.6,14.63,6.05
OverSpeed,0,27.37,34.65,35.44,69.73,-45.12,62.31,35.8
Harsh Acceleration,0,32.17,36.09,41.51,68.67,-29.96,62.64,29.83
Low SoC,1,46.42,53.16,70.08,46.78,-18.96,10.47,35.37
Harsh Braking,0,33.56,41.53,43.75,67.87,-10.12,56.04,20.36
Low SoC,1,51.67,67.42,73.64,46.97,-38.97,1.03,2.7
Harsh Braking,0,26.1,31.16,47.42,76.65,-6.6,88.38,15.84
Battery Under Voltage,1,37.55,51.27,76.58,45.93,-27.17,4.95,13.07
Consecutive Fast Charging,1,40.65,53.85,66.21,48.07,-53.02,11.46,42.14
OverSpeed,0,26.41,34.59,35.45,76.16,-7.66,83.93,23.88
Harsh Braking,0,29.09,33.9,41.84,73.35,-32.75,78.86,35.02
Consecutive Fast Charging,1,42.45,56.03,61.31,45.84,-41.39,1.93,37.02
Harsh Acceleration,0,25.04,29.89,45.49,65.06,-12.36,46.76,21.05
Harsh Cornering,0,28.25,37.16,37.4,65.73,-13.48,51.67,18.39
Deep Discharge Warning,1,38.67,58.47,55.73,46.41,-53.18,7.03,11.93
Harsh Braking,0,26.38,29.6,47.05,64.56,-7.55,44.18,11.11
Harsh Cornering,0,30.9,33.79,40.52,72.86,-29.01,76.61,47.04
Harsh Acceleration,0,29.8,28.11,47.48,74.36,-2.41,79.11,35.57
Harsh Cornering,0,28.68,36.14,48.28,66.47,-1.73,50.91,56.59
Deep Discharge Warning,1,48.79,61.42,79.51,46.84,-36.28,16.79,7.53
OverSpeed,0,34.71,37.97,36.44,64.63,-11.03,46.33,42.62
Harsh Cornering,0,36.17,38.9,49.02,76.15,-27.5,88.42,33.55
Harsh Acceleration,0,34.37,39.89,46.2,77.2,-26.85,88.08,25.68
Harsh Cornering,0,31.04,39.09,44.73,78.31,0.52,93.07,24.31
Deep Discharge Warning,1,41.77,43.13,69.37,47.82,-51.9,13.81,2.62
Battery Under Voltage,1,51.62,62.75,78.05,47.99,-36.22,8.21,14.08
Low SoC,1,46.16,69.11,65.05,46.91,-48.49,11.37,10.13
Consecutive Fast Charging,1,58.14,69.05,85.89,46.29,-50.22,9.57,15.63
Harsh Braking,0,32.16,33.03,44.71,78.15,-16.83,91.33,35.09
Harsh Cornering,0,28.04,35.51,44.2,62.54,-37.77,41.26,23.47
Harsh Cornering,0,36.56,44.67,47.7,77.0,-10.38,89.97,34.82
Battery Under Voltage,1,45.62,61.66,77.12,44.46,-43.93,0.43,18.65
Harsh Cornering,0,36.51,44.62,54.41,68.7,0.5,58.35,47.45
Thermal Overheat Surge,1,28.68,45.13,45.95,47.23,-36.99,7.73,17.74
Harsh Braking,0,26.3,32.62,30.77,65.87,-9.53,45.41,10.57
Harsh Acceleration,0,30.33,36.38,51.2,69.96,-28.77,59.41,31.88
Low SoC,1,42.4,54.94,73.64,45.12,-59.32,1.8,13.49
Thermal Overheat Surge,1,46.98,60.79,77.84,48.71,-4.4,6.66,1.37
Thermal Overheat Surge,1,30.74,50.52,62.97,45.68,-58.7,5.51,7.17
Low SoC,1,52.2,64.49,79.88,47.79,-55.33,14.5,6.79
Deep Discharge Warning,1,40.99,58.55,60.12,45.09,-41.32,1.45,8.77
Thermal Overheat Surge,1,34.01,37.69,71.42,47.65,-51.95,12.86,24.15
Harsh Cornering,0,33.07,40.22,51.52,76.01,-17.83,82.86,41.0
Harsh Acceleration,0,29.59,36.66,43.44,72.55,-23.32,72.15,6.77
Consecutive Fast Charging,1,44.75,61.32,61.79,45.95,-27.12,12.51,36.91
Harsh Cornering,0,28.02,31.94,43.63,72.3,-25.48,70.44,26.6
Harsh Acceleration,0,27.43,30.65,47.51,63.97,-9.1,41.52,32.34
Low SoC,1,38.59,46.61,71.99,47.33,-35.81,10.66,35.64
Deep Discharge Warning,1,49.83,62.51,80.06,44.11,-48.17,6.67,8.95
Harsh Braking,0,34.45,38.13,50.78,68.16,-13.27,61.5,29.39
Harsh Braking,0,32.18,38.64,43.85,69.13,-29.05,62.92,26.91
Harsh Acceleration,0,26.66,35.07,42.99,73.61,-21.62,81.44,54.69
Thermal Overheat Surge,1,39.66,51.14,60.91,47.65,-16.45,10.62,1.14
Deep Discharge Warning,1,41.28,56.08,64.66,48.12,-39.37,12.3,13.18
Harsh Cornering,0,28.81,34.66,45.1,74.13,-11.23,82.87,15.08
Low SoC,1,47.29,47.87,74.1,43.78,-54.36,4.8,34.32
Deep Discharge Warning,1,36.03,49.53,68.11,46.6,-26.55,1.54,52.1
Harsh Cornering,0,33.02,40.17,42.6,78.11,-30.77,93.74,32.76
Harsh Braking,0,31.03,38.63,35.16,72.66,-27.83,70.31,47.73
Deep Discharge Warning,1,39.91,50.86,70.7,47.88,-57.22,6.64,18.19
Deep Discharge Warning,1,35.94,48.58,60.88,46.79,-25.53,14.62,9.42
Deep Discharge Warning,1,40.04,52.42,61.13,45.0,-50.88,5.93,6.69
Deep Discharge Warning,1,43.05,56.86,82.3,48.94,-60.74,22.27,3.55
Deep Discharge Warning,1,42.11,54.36,80.84,46.07,-42.97,4.24,102.08
Consecutive Fast Charging,1,34.48,47.63,60.41,46.38,-53.23,3.73,40.67
Thermal Overheat Surge,1,41.25,59.56,69.36,43.06,-28.0,4.43,15.55
Low SoC,1,32.64,53.67,48.1,45.56,-25.95,3.33,25.6
Deep Discharge Warning,1,35.78,53.91,63.42,51.04,-49.26,21.1,1.05
OverSpeed,0,33.02,34.87,43.55,74.01,-3.67,75.11,32.21
Harsh Acceleration,0,28.31,38.83,47.96,75.82,-20.46,85.07,53.44
Harsh Cornering,0,33.1,40.62,40.31,74.17,-13.8,80.52,40.78
Deep Discharge Warning,1,58.02,66.48,78.82,46.0,-55.97,3.28,19.44
Harsh Braking,0,35.08,44.77,38.95,69.17,-32.34,61.81,47.31
Harsh Braking,0,29.44,33.9,32.83,77.67,-16.48,91.91,38.09
Thermal Overheat Surge,1,55.09,62.84,69.44,47.66,-43.5,12.07,5.94
Harsh Braking,0,23.3,25.83,34.02,75.11,-12.57,83.37,47.05
Harsh Acceleration,0,22.0,25.77,37.21,75.55,-21.44,87.65,38.75
Harsh Acceleration,0,29.9,37.98,46.73,74.17,-40.96,73.37,37.51
Consecutive Fast Charging,1,48.17,53.47,74.74,46.45,-28.88,10.59,27.32
Low SoC,1,59.04,72.14,83.18,47.29,-55.42,7.95,7.61
Deep Discharge Warning,1,47.31,54.01,75.74,47.14,-49.36,8.03,1.02
Harsh Cornering,0,31.32,38.88,48.62,63.49,-7.55,41.3,29.17
Harsh Cornering,0,29.94,36.06,39.03,65.54,-22.04,48.53,30.77
Deep Discharge Warning,1,43.21,63.07,73.13,47.59,-63.65,8.81,8.5
OverSpeed,0,30.25,35.53,39.06,75.94,-29.14,80.71,21.86
Harsh Acceleration,0,27.78,36.84,42.99,76.83,-12.24,87.78,18.38
Harsh Cornering,0,26.44,30.52,41.02,71.98,-9.96,72.63,29.96
Low SoC,1,36.83,50.55,57.26,46.54,-65.97,10.45,41.36
Harsh Cornering,0,29.7,34.54,45.78,72.08,-16.16,72.2,25.45
Battery Under Voltage,1,42.5,58.71,50.92,46.39,-32.78,14.94,9.7
Harsh Acceleration,0,24.78,30.63,36.91,75.08,-7.32,81.82,26.98
Deep Discharge Warning,1,45.2,62.36,66.47,46.64,-53.62,11.88,15.35
Deep Discharge Warning,1,35.12,39.64,61.93,46.31,-31.01,4.57,25.13
Harsh Braking,0,28.57,33.47,35.15,75.72,-11.32,84.9,38.9
Deep Discharge Warning,1,39.86,52.65,61.29,48.71,-14.0,13.47,5.25
Thermal Overheat Surge,1,42.81,53.57,76.66,48.6,-50.27,5.84,6.0
Harsh Braking,0,26.54,30.92,34.06,65.89,-25.94,50.77,45.29
Harsh Braking,0,26.8,35.22,40.34,65.8,-26.88,55.22,37.87
Harsh Acceleration,0,31.64,35.93,39.71,67.24,-14.6,57.61,59.68
Harsh Cornering,0,35.74,41.89,52.96,69.98,-7.15,61.15,0.0
Thermal Overheat Surge,1,39.31,40.64,69.36,46.14,-52.74,8.26,46.71
Deep Discharge Warning,1,53.05,61.75,68.86,46.74,-57.9,5.41,0.07
Low SoC,1,42.84,51.5,57.23,48.64,-50.12,18.35,7.42
OverSpeed,0,29.62,34.32,43.99,70.71,-11.6,70.77,32.12
Thermal Overheat Surge,1,42.2,55.06,71.5,49.25,-58.6,22.35,20.02
Harsh Cornering,0,29.25,34.13,48.07,71.65,-14.34,67.95,25.3
Low SoC,1,36.83,50.2,65.62,44.42,-27.66,5.81,8.02
Battery Under Voltage,1,45.86,52.76,72.71,45.02,-37.64,7.04,4.6
Harsh Braking,0,31.99,36.53,42.49,77.53,-31.63,91.34,51.8
Harsh Cornering,0,34.73,45.55,45.25,64.61,-19.53,43.3,37.57
OverSpeed,0,27.9,33.54,35.85,75.72,-10.73,84.3,13.39
OverSpeed,0,31.04,34.19,42.06,68.16,-30.41,58.09,23.54
Low SoC,1,48.36,59.8,81.71,46.84,-34.31,11.71,21.85
Deep Discharge Warning,1,50.26,59.87,64.44,48.23,-58.74,12.45,11.56
Harsh Braking,0,32.14,39.25,45.34,64.22,-26.49,43.75,18.8
Harsh Braking,0,32.66,37.08,41.32,70.11,-13.42,70.55,28.32
Harsh Acceleration,0,29.5,37.75,43.68,67.63,-21.5,55.63,28.51
Low SoC,1,28.39,41.75,45.53,45.98,-27.42,9.06,2.58
Harsh Braking,0,29.39,31.92,49.06,63.99,-19.05,46.71,38.79
Harsh Cornering,0,27.0,32.52,39.64,62.41,-15.5,41.22,29.2
Low SoC,1,34.2,49.1,57.84,46.96,-40.72,8.18,6.85
Harsh Cornering,0,34.43,40.39,44.3,76.4,-18.87,91.1,53.1
Harsh Acceleration,0,26.64,35.02,39.96,65.19,-17.7,46.69,10.37
Battery Under Voltage,1,46.6,57.2,73.43,46.01,-30.33,11.24,3.12
Harsh Cornering,0,22.07,28.93,26.89,72.82,5.85,73.54,35.61
Harsh Braking,0,38.58,46.29,48.88,66.61,-8.83,47.33,48.16
OverSpeed,0,33.21,38.94,41.75,73.21,-20.66,77.41,27.8
Battery Under Voltage,1,29.9,42.22,55.51,44.57,-30.96,9.66,16.84
OverSpeed,0,25.4,30.17,40.67,72.42,-11.8,70.81,35.41
Low SoC,1,38.15,52.38,65.72,44.96,-67.81,3.45,8.11
OverSpeed,0,28.83,35.32,51.14,68.16,-26.65,59.7,44.14
Harsh Acceleration,0,27.7,34.68,45.36,72.96,-9.82,73.91,24.05
Low SoC,1,40.53,61.05,57.59,45.33,-42.56,3.75,8.05
Harsh Braking,0,27.25,33.76,40.93,77.56,-16.05,91.86,27.97
Thermal Overheat Surge,1,36.94,50.2,60.69,46.05,-44.89,3.43,32.92
Battery Under Voltage,1,59.09,74.47,80.7,48.68,-44.99,11.07,28.23
Thermal Overheat Surge,1,40.96,53.29,79.75,46.63,-66.6,13.66,6.22
Battery Under Voltage,1,42.84,50.2,52.43,48.21,-41.79,13.46,41.17
Harsh Acceleration,0,28.57,37.75,41.93,67.27,-22.24,54.73,8.66
Harsh Acceleration,0,22.82,28.73,26.41,68.16,-10.2,54.31,25.73
Low SoC,1,44.59,51.7,70.65,45.56,-42.55,10.46,18.41
Harsh Braking,0,31.98,39.12,45.3,71.23,-4.81,68.85,42.04
Deep Discharge Warning,1,46.33,56.66,78.45,47.73,-37.73,5.75,0.97
Deep Discharge Warning,1,37.67,47.78,65.89,48.34,-47.05,8.17,8.81
Harsh Acceleration,0,25.71,31.59,36.29,76.58,-8.05,86.61,42.68
Battery Under Voltage,1,42.6,54.53,75.27,44.42,-66.73,0.73,8.66
Low SoC,1,34.22,44.5,71.95,46.7,-58.23,2.23,32.2
Harsh Acceleration,0,31.88,34.69,48.18,76.79,-20.87,82.79,21.13
Harsh Cornering,0,24.92,31.8,38.0,68.05,-11.7,51.36,26.06
Consecutive Fast Charging,1,47.96,61.01,81.29,47.5,-44.69,12.65,19.47
Deep Discharge Warning,1,39.51,52.01,67.17,49.58,-46.03,14.92,1.64
Thermal Overheat Surge,1,43.96,54.44,73.66,46.57,-60.83,11.12,8.94
OverSpeed,0,31.92,36.0,35.8,67.7,3.56,63.44,26.4
Low SoC,1,40.94,53.35,65.11,45.12,-34.58,5.68,0.06
Harsh Braking,0,27.03,31.7,44.69,78.93,-16.14,95.07,26.11
Battery Under Voltage,1,51.48,64.81,74.58,46.16,-53.91,5.23,12.39
Battery Under Voltage,1,33.24,44.41,51.53,46.04,-39.73,10.58,7.59
OverSpeed,0,32.13,39.42,47.18,69.87,2.92,66.29,21.48
Harsh Braking,0,28.82,35.12,45.41,74.37,-10.81,79.01,21.76
Harsh Braking,0,29.51,32.26,36.8,74.75,-5.98,80.23,28.26
Harsh Acceleration,0,34.63,38.1,46.2,78.18,-2.38,95.11,17.98
Harsh Acceleration,0,30.84,40.54,48.38,67.02,-17.62,55.32,40.01
Deep Discharge Warning,1,32.08,40.37,48.89,46.04,-32.54,7.25,3.21
Harsh Acceleration,0,26.18,31.03,31.54,79.59,-1.25,95.98,27.45
Battery Under Voltage,1,36.63,50.34,57.82,45.81,-55.42,0.39,3.07
Harsh Braking,0,29.91,39.18,32.83,71.61,-27.77,69.99,22.61
Harsh Braking,0,25.41,31.26,31.98,75.08,-41.13,82.18,35.78
Low SoC,1,49.98,59.49,64.57,47.25,-43.85,4.77,1.38
Low SoC,1,43.95,55.39,69.06,45.91,-47.43,7.08,19.12
Harsh Cornering,0,30.39,37.46,45.66,68.99,-7.93,57.61,28.81
Harsh Acceleration,0,26.41,29.64,42.15,68.71,-10.04,57.52,28.33
Harsh Braking,0,32.26,41.09,49.27,75.61,-19.1,82.64,43.33
Harsh Cornering,0,27.58,36.57,45.22,67.69,-8.02,52.29,34.48
Deep Discharge Warning,1,48.66,60.67,71.92,46.35,-82.45,7.88,25.25
Harsh Acceleration,0,31.43,37.45,44.85,62.85,-4.12,42.31,36.87
Harsh Braking,0,28.78,32.64,38.58,75.22,-18.7,82.77,30.85
Battery Under Voltage,1,39.53,47.98,77.38,48.07,-61.9,10.79,31.93
Battery Under Voltage,1,46.08,54.69,57.91,46.83,-48.18,12.99,23.34
OverSpeed,0,23.21,30.54,39.72,66.89,-7.96,56.14,60.18
Harsh Braking,0,22.49,26.12,29.9,81.03,-12.3,97.3,42.64
Deep Discharge Warning,1,48.46,61.24,63.7,45.37,-55.81,7.24,31.41
Low SoC,1,45.36,59.62,76.05,45.41,-39.43,8.01,4.71
Harsh Cornering,0,33.35,38.3,42.5,71.31,-19.38,63.88,45.02
Battery Under Voltage,1,44.91,58.85,57.14,44.86,-25.62,3.43,55.27
Deep Discharge Warning,1,48.56,54.27,65.72,44.7,-56.7,0.89,44.68
Battery Under Voltage,1,46.21,57.16,67.26,46.2,-55.57,2.51,8.5
Deep Discharge Warning,1,36.51,44.94,67.77,47.24,-37.38,3.46,3.09
Harsh Cornering,0,28.8,35.73,38.06,78.14,-19.42,93.04,37.69
Harsh Acceleration,0,27.96,30.3,37.21,74.54,-37.69,82.11,23.28
Harsh Cornering,0,28.97,35.05,40.14,65.14,-17.46,47.42,31.21
Harsh Acceleration,0,31.83,33.3,41.86,71.89,-5.53,72.56,31.19
Consecutive Fast Charging,1,45.04,62.21,77.78,46.31,-27.83,16.13,4.59
Consecutive Fast Charging,1,44.29,56.7,84.67,44.36,-39.87,4.41,11.65
Deep Discharge Warning,1,46.47,51.06,69.34,48.95,-29.46,13.31,22.49
Deep Discharge Warning,1,41.89,48.48,74.6,47.6,-61.31,2.7,1.79
Consecutive Fast Charging,1,43.4,48.22,60.43,46.05,-50.2,5.14,20.77
Harsh Acceleration,0,27.55,35.17,27.55,77.74,-17.12,92.36,24.55
Harsh Acceleration,0,22.99,29.55,29.48,66.13,-3.64,51.35,15.28
Harsh Acceleration,0,26.46,31.55,53.48,77.74,-15.12,86.66,17.16
Harsh Cornering,0,29.54,32.03,46.7,66.53,-12.22,53.66,42.45
Harsh Acceleration,0,34.0,40.33,40.11,70.71,-10.42,63.08,48.02
Low SoC,1,37.42,49.72,66.62,48.12,-40.55,17.3,2.0
Harsh Acceleration,0,39.99,45.04,48.6,73.56,-7.48,77.57,22.29
Harsh Acceleration,0,25.96,32.5,37.37,71.25,-25.09,73.29,28.96
Deep Discharge Warning,1,27.26,34.85,55.91,50.18,-56.08,24.74,8.53
Deep Discharge Warning,1,39.74,48.26,64.04,46.27,-69.81,8.15,6.51
Harsh Acceleration,0,18.72,24.94,35.58,73.98,-44.93,83.86,33.64
Battery Under Voltage,1,44.89,58.02,60.94,47.11,-50.83,9.56,40.34
Harsh Braking,0,31.45,40.98,50.17,76.77,1.62,88.94,35.05
Harsh Acceleration,0,28.99,36.08,47.51,70.06,-0.77,65.86,20.74
Harsh Acceleration,0,33.79,43.14,47.56,67.51,-10.92,55.13,16.36
Low SoC,1,40.65,55.44,59.95,45.97,-57.9,5.52,34.9
OverSpeed,0,25.78,26.55,38.89,66.95,-10.48,49.18,33.77
Deep Discharge Warning,1,41.45,42.78,65.73,45.92,-64.44,0.65,23.44
Battery Under Voltage,1,36.64,49.16,58.95,45.49,-49.8,8.79,6.1
Harsh Braking,0,27.27,30.36,37.22,77.21,2.3,86.23,33.64
Harsh Acceleration,0,28.96,34.67,43.41,64.9,-15.94,43.27,30.52
Harsh Cornering,0,30.5,39.77,48.81,73.78,-11.75,75.58,26.61
Harsh Braking,0,29.76,37.26,46.46,65.47,-26.18,51.12,14.21
Harsh Acceleration,0,34.13,42.32,42.97,72.16,-32.52,77.71,41.21
Harsh Braking,0,27.58,32.76,41.77,62.81,-21.73,42.8,36.03
Deep Discharge Warning,1,44.41,59.15,75.94,43.93,-38.93,2.45,7.11
Consecutive Fast Charging,1,42.37,51.89,59.28,46.34,-50.63,6.69,2.58
Thermal Overheat Surge,1,40.46,48.86,76.46,46.31,-46.7,16.06,11.69
Harsh Acceleration,0,31.36,35.28,39.31,73.74,-11.05,76.55,28.91
Deep Discharge Warning,1,54.56,67.65,83.32,44.5,-45.89,6.03,23.95
Consecutive Fast Charging,1,44.04,58.26,73.08,47.5,-34.42,4.87,11.11
Low SoC,1,46.07,68.28,68.94,46.6,-40.14,2.25,6.54
Harsh Acceleration,0,23.08,29.58,37.82,76.45,-36.1,92.45,31.84
Deep Discharge Warning,1,47.96,55.85,73.37,45.46,-52.7,3.62,6.84
Thermal Overheat Surge,1,38.6,55.89,60.21,50.36,-47.42,21.34,1.25
Battery Under Voltage,1,40.44,50.88,58.85,46.53,-46.7,8.05,10.47
OverSpeed,0,32.3,36.79,37.91,74.63,-12.08,80.06,33.17
Deep Discharge Warning,1,43.4,53.25,82.83,45.42,-64.67,4.32,9.64
Harsh Braking,0,30.72,34.22,30.64,75.85,2.44,83.88,42.52
OverSpeed,0,25.22,34.49,34.53,74.2,-23.58,79.16,40.95
Deep Discharge Warning,1,49.19,57.62,66.55,44.51,-42.79,3.07,10.43
Harsh Acceleration,0,31.25,35.68,43.02,71.0,-26.56,64.97,32.19
Consecutive Fast Charging,1,39.66,54.62,58.57,50.51,-36.35,20.33,1.6
Low SoC,1,42.54,52.68,70.5,47.61,-74.32,12.88,5.48
OverSpeed,0,27.82,32.05,35.51,71.06,-7.59,67.45,40.43
Harsh Acceleration,0,31.46,40.11,38.6,71.78,-10.77,70.91,17.58
Deep Discharge Warning,1,44.18,62.92,60.38,46.41,-52.2,8.09,0.82
Deep Discharge Warning,1,37.6,48.22,63.53,52.12,-73.81,25.36,14.2
Deep Discharge Warning,1,36.31,51.91,69.52,47.98,-52.35,12.88,15.49
Harsh Braking,0,29.77,32.72,47.78,65.98,-12.53,49.8,30.82
Low SoC,1,38.86,50.0,66.85,47.63,-49.82,16.51,7.95
Low SoC,1,48.07,58.3,77.56,47.96,-63.18,12.12,0.56
Harsh Braking,0,35.03,40.77,44.14,73.94,-15.38,76.15,15.38
Deep Discharge Warning,1,42.62,60.95,82.38,47.91,-53.11,5.39,0.91
Low SoC,1,35.9,37.81,69.52,45.95,-30.29,8.41,6.74
Battery Under Voltage,1,36.44,44.95,57.78,46.15,-51.17,5.73,9.34
Harsh Braking,0,30.0,33.46,42.17,74.73,-6.32,83.51,32.4
Consecutive Fast Charging,1,34.42,37.03,65.04,47.47,-27.54,17.67,47.13
Thermal Overheat Surge,1,39.04,42.24,79.73,47.38,-32.74,3.79,14.78
Deep Discharge Warning,1,40.0,50.65,44.65,45.61,-24.85,3.63,8.44
Consecutive Fast Charging,1,40.19,60.05,56.4,47.11,-5.37,1.95,10.97
OverSpeed,0,27.96,38.51,36.32,67.78,-10.7,57.14,37.11
Harsh Braking,0,26.72,33.77,33.98,69.09,-19.1,59.89,33.98
Harsh Braking,0,30.43,35.57,41.48,71.35,-3.25,73.97,44.77
Harsh Cornering,0,30.56,34.82,46.52,71.99,-17.22,71.38,42.84
Consecutive Fast Charging,1,46.81,62.8,62.56,46.03,-57.31,12.69,1.82
OverSpeed,0,38.46,46.01,47.61,77.16,-17.67,91.82,33.25
Harsh Acceleration,0,29.37,33.63,46.5,76.3,-14.62,87.86,47.81
Harsh Braking,0,31.17,42.84,37.16,69.0,-11.35,59.86,41.52
Harsh Cornering,0,28.47,37.17,43.04,74.88,-19.88,82.7,25.86
Harsh Cornering,0,33.52,39.95,41.32,67.1,-9.07,55.79,17.62
Harsh Acceleration,0,24.19,30.27,45.19,67.0,-31.09,53.76,2.33
Deep Discharge Warning,1,60.14,74.59,78.27,45.0,-44.23,9.03,13.17
Deep Discharge Warning,1,40.81,48.97,65.17,47.06,-43.62,3.29,22.07
Deep Discharge Warning,1,36.02,46.85,66.09,45.76,-59.41,5.27,0.43
Harsh Acceleration,0,28.84,38.92,48.12,63.01,-16.43,42.32,42.55
Harsh Braking,0,33.34,37.51,43.22,68.11,-12.83,59.06,39.22
Deep Discharge Warning,1,35.35,52.57,56.21,45.91,-50.64,5.13,18.39
Deep Discharge Warning,1,54.24,64.87,89.46,47.62,-26.24,7.32,5.67
Harsh Braking,0,29.98,36.96,40.97,70.93,-9.8,68.42,39.65
Low SoC,1,48.92,59.02,76.58,44.96,-27.28,4.0,0.02
Battery Under Voltage,1,50.77,58.3,69.29,43.98,-54.51,1.68,8.41
Harsh Braking,0,33.75,42.42,40.35,71.79,-0.1,71.08,48.45
Harsh Acceleration,0,34.21,38.89,41.78,67.81,-6.09,53.07,31.45
Harsh Acceleration,0,27.4,29.93,33.37,66.16,-24.22,50.4,38.22
Deep Discharge Warning,1,45.9,62.45,69.98,44.52,-63.2,1.74,5.19
Low SoC,1,33.09,43.18,49.28,44.77,-44.83,3.11,30.61
Battery Under Voltage,1,44.4,60.08,82.14,44.79,-34.45,1.41,5.91
OverSpeed,0,24.89,31.24,38.51,75.47,-19.94,81.92,13.45
Harsh Acceleration,0,35.11,39.87,47.85,68.05,-4.99,56.03,29.47
Low SoC,1,42.41,48.67,71.51,48.54,-54.88,0.58,44.93
Low SoC,1,47.6,64.67,67.2,45.36,-50.25,9.51,1.23
Harsh Acceleration,0,27.78,38.58,43.78,70.63,-12.05,65.12,41.84
Battery Under Voltage,1,38.77,45.59,66.98,45.68,-46.87,7.3,2.05
Harsh Acceleration,0,25.18,30.31,33.23,65.35,-17.29,45.4,53.82
Harsh Acceleration,0,30.09,34.19,40.61,67.85,-1.76,53.37,28.99
Harsh Acceleration,0,33.85,34.99,50.21,66.1,-5.5,55.43,34.8
Low SoC,1,42.82,59.4,70.2,45.42,-48.6,1.04,4.31
Low SoC,1,39.83,53.93,64.68,45.15,-37.24,3.07,18.76
Consecutive Fast Charging,1,50.85,55.71,83.9,45.66,-51.19,3.76,12.18
Battery Under Voltage,1,51.6,64.69,70.44,46.53,-62.0,4.69,30.9
Deep Discharge Warning,1,43.93,55.29,73.89,45.51,-29.93,3.83,5.05
Thermal Overheat Surge,1,32.35,34.54,57.13,46.66,-37.32,9.89,8.73
Deep Discharge Warning,1,53.84,65.51,98.59,45.43,-43.09,8.92,14.1
Harsh Braking,0,28.91,35.54,43.52,76.49,-17.68,87.84,44.35
Deep Discharge Warning,1,53.63,68.92,72.36,47.13,-36.29,8.4,9.72
Harsh Braking,0,27.35,34.14,37.78,77.55,-33.17,86.08,3.53
Low SoC,1,49.77,61.73,76.12,48.69,-36.37,7.74,38.32
Harsh Acceleration,0,24.44,32.51,37.14,71.33,-29.6,66.07,32.56
Harsh Acceleration,0,30.75,35.63,46.92,70.08,-25.12,65.2,36.58
Battery Under Voltage,1,43.38,56.93,56.96,44.24,-46.7,2.87,27.19
Harsh Braking,0,28.78,35.33,43.19,69.64,-28.87,57.39,33.03
Harsh Cornering,0,36.62,44.15,47.89,74.81,-24.67,82.49,38.89
OverSpeed,0,24.07,28.75,37.84,78.89,-8.53,96.49,31.62
Low SoC,1,45.92,56.54,66.4,45.99,-32.72,2.18,2.29
Low SoC,1,47.1,52.89,64.19,46.98,-22.36,11.36,39.63
Low SoC,1,41.64,55.7,69.36,45.12,-31.77,4.27,24.81
Harsh Braking,0,31.12,32.07,36.34,73.4,-14.35,76.72,34.66
Battery Under Voltage,1,31.87,45.67,50.87,43.6,-57.52,0.64,12.3
Harsh Cornering,0,21.49,29.65,29.81,73.86,-26.96,85.62,11.54
Harsh Acceleration,0,21.44,26.74,25.61,66.67,-5.0,49.81,37.63
Low SoC,1,31.6,38.74,69.01,47.67,-44.25,13.91,32.44
Battery Under Voltage,1,23.35,40.68,54.12,48.14,-46.5,12.3,33.28
Harsh Cornering,0,31.4,33.57,38.72,73.08,-24.74,79.77,42.83
Deep Discharge Warning,1,48.78,63.04,62.3,46.84,-42.62,7.75,3.02
Harsh Braking,0,29.08,33.17,39.98,74.32,-4.68,80.69,25.39
Harsh Braking,0,22.23,30.24,40.14,66.34,-14.39,42.78,34.8
Harsh Cornering,0,25.96,32.18,42.84,65.49,-17.39,50.78,58.1
Deep Discharge Warning,1,32.52,43.91,59.02,46.27,-36.69,5.44,5.32
Deep Discharge Warning,1,37.71,52.85,51.06,47.06,-53.92,7.85,20.53
Harsh Acceleration,0,24.94,31.72,35.29,73.09,1.7,73.54,22.13
OverSpeed,0,40.62,43.77,44.06,70.06,-12.67,71.41,36.32
Harsh Acceleration,0,34.45,38.49,49.9,71.58,-18.14,70.23,33.56
Harsh Cornering,0,31.15,36.65,41.72,63.86,-29.83,43.65,43.41
Low SoC,1,56.87,68.35,81.33,45.14,-45.08,5.39,16.74
Low SoC,1,45.03,58.89,60.88,46.51,-27.63,7.93,22.08
Low SoC,1,34.07,44.87,59.43,45.27,-45.04,6.22,13.7
Harsh Acceleration,0,27.07,31.18,29.71,69.56,-11.98,63.39,20.51
Harsh Braking,0,30.68,32.46,41.62,66.13,-4.65,48.54,56.3
Battery Under Voltage,1,42.36,57.27,69.05,44.5,-41.49,5.67,9.48
Battery Under Voltage,1,46.88,59.85,83.98,46.22,-71.13,6.95,48.76
OverSpeed,0,30.24,35.92,34.39,70.73,-16.55,66.75,34.95
Low SoC,1,40.62,52.76,56.84,47.57,-61.8,8.96,15.07
Deep Discharge Warning,1,47.36,62.08,75.92,47.96,-51.43,11.84,4.71
Deep Discharge Warning,1,46.09,59.45,59.48,44.62,-22.44,5.69,0.64
Harsh Cornering,0,32.5,36.64,47.79,74.42,-17.64,82.04,26.62
Battery Under Voltage,1,48.43,60.56,75.69,46.92,-25.55,8.73,3.24
Harsh Braking,0,28.51,33.76,45.58,68.88,-20.71,56.24,17.12
Harsh Braking,0,27.51,29.21,34.4,76.2,-15.38,83.18,31.47
OverSpeed,0,28.38,34.28,41.25,68.3,-19.47,61.08,34.75
Low SoC,1,37.23,55.09,67.78,45.68,-49.24,8.92,19.72
Low SoC,1,42.82,53.06,73.88,48.82,-51.74,11.63,3.49
Harsh Acceleration,0,29.58,35.85,50.86,78.13,-8.29,90.45,28.22
Consecutive Fast Charging,1,37.97,55.62,63.33,46.67,-37.73,9.75,47.39
Deep Discharge Warning,1,62.81,72.05,83.0,46.36,-43.43,7.41,9.23
Harsh Acceleration,0,31.71,39.71,44.58,64.71,-4.38,42.69,43.69
Harsh Cornering,0,26.8,33.23,37.04,74.49,-19.76,85.07,36.01
Harsh Braking,0,40.26,45.97,50.77,66.99,-37.85,52.49,27.16
Low SoC,1,38.38,48.21,67.25,44.79,-43.5,4.32,2.05
Harsh Cornering,0,28.07,34.82,33.98,73.41,-13.09,80.13,14.61
Consecutive Fast Charging,1,43.16,59.91,82.75,44.05,-65.31,7.1,4.57
OverSpeed,0,20.59,27.03,36.46,74.81,-11.72,85.91,29.21
Battery Under Voltage,1,48.55,59.01,71.68,47.28,-24.21,5.99,7.41
Harsh Acceleration,0,33.98,42.85,48.49,73.22,-16.27,75.59,32.37
Deep Discharge Warning,1,54.69,68.4,89.65,47.51,-43.98,8.14,24.66
Deep Discharge Warning,1,41.2,54.36,59.2,49.31,-49.75,13.71,8.91
Harsh Acceleration,0,35.5,44.49,44.51,71.65,-13.38,63.89,18.85
Battery Under Voltage,1,56.62,67.5,72.84,46.97,-7.84,7.38,3.38
Deep Discharge Warning,1,24.19,34.61,56.69,47.47,-27.81,2.96,2.37
Deep Discharge Warning,1,47.54,66.96,68.71,48.04,-38.34,11.05,18.86
Deep Discharge Warning,1,36.83,53.82,65.92,48.11,-55.35,4.79,11.04
Harsh Braking,0,25.04,29.53,38.95,64.63,-8.49,42.26,30.75
OverSpeed,0,30.19,32.24,32.18,77.68,-37.67,88.26,31.7
Harsh Acceleration,0,38.15,46.99,47.77,69.26,-14.11,63.56,54.67
Deep Discharge Warning,1,44.78,58.11,77.78,47.33,-31.03,5.69,14.41
Harsh Braking,0,32.01,42.49,42.99,72.92,-11.1,69.97,19.73
OverSpeed,0,27.43,36.17,36.66,72.83,-19.17,75.88,18.27
Harsh Cornering,0,23.91,29.12,41.19,79.41,-10.54,94.58,21.49
Harsh Braking,0,28.68,36.4,36.38,77.48,-26.71,92.31,50.89
Harsh Acceleration,0,32.63,39.47,40.7,74.64,-10.46,81.71,28.06
Harsh Acceleration,0,28.94,33.03,45.37,64.1,-18.46,40.11,26.89
Deep Discharge Warning,1,42.19,58.35,72.21,48.97,-65.33,11.8,4.81
Deep Discharge Warning,1,26.54,39.44,44.53,45.72,-30.48,4.05,1.82
Deep Discharge Warning,1,39.4,47.0,49.93,48.44,-43.53,9.82,0.04
Thermal Overheat Surge,1,28.05,36.99,39.34,46.28,-55.3,9.61,21.11
Low SoC,1,44.23,58.5,63.0,47.67,-46.19,15.41,7.32
Harsh Acceleration,0,24.65,35.26,38.83,74.6,0.95,78.12,22.09
Harsh Braking,0,29.66,36.23,46.08,79.9,-25.69,95.99,47.66
Battery Under Voltage,1,44.71,54.72,65.83,43.66,-25.82,6.23,22.32
Deep Discharge Warning,1,36.69,54.62,61.49,46.06,-46.15,6.47,5.36
Harsh Acceleration,0,31.58,33.67,49.88,69.22,-18.19,66.31,26.05
Battery Under Voltage,1,44.01,49.41,65.12,46.35,-51.11,5.96,24.89
Harsh Braking,0,29.43,31.42,42.38,77.5,-19.81,94.55,54.82
Deep Discharge Warning,1,34.19,46.69,58.32,45.37,-33.63,5.83,2.34
Deep Discharge Warning,1,51.16,67.28,73.02,45.94,-46.77,9.51,25.34
Battery Under Voltage,1,43.02,55.44,68.97,46.45,-39.13,6.49,15.1
OverSpeed,0,24.13,30.85,36.02,75.4,-6.11,78.37,22.19
Deep Discharge Warning,1,47.42,58.94,71.2,45.84,-48.46,7.1,48.36
Deep Discharge Warning,1,49.14,66.66,76.19,47.12,-33.39,18.79,54.89
Low SoC,1,46.18,53.79,65.78,46.83,-57.27,0.45,3.13
Low SoC,1,39.96,49.0,72.27,46.41,-58.81,5.62,23.86
Harsh Braking,0,29.04,41.72,38.52,69.86,-15.52,68.76,10.81
OverSpeed,0,34.03,41.2,48.46,77.43,-5.55,86.92,38.99
Harsh Acceleration,0,32.59,39.39,46.14,73.73,-10.28,75.9,41.08
Harsh Braking,0,31.81,38.02,39.83,66.28,-23.26,49.8,22.67
Harsh Braking,0,29.37,36.79,44.62,75.61,-11.03,87.12,34.46
Harsh Braking,0,31.37,41.55,44.5,75.04,-8.89,87.62,37.25
Harsh Braking,0,32.15,40.57,45.12,71.82,-12.83,68.37,33.69
Battery Under Voltage,1,56.26,71.55,76.53,49.28,-37.52,12.92,0.99
OverSpeed,0,27.62,35.68,47.33,76.17,-9.09,89.63,35.84
Harsh Braking,0,27.8,32.44,38.1,64.1,-12.98,41.43,28.14
Harsh Braking,0,27.97,33.87,38.34,68.01,-27.43,54.08,41.94
Low SoC,1,32.68,46.79,49.12,43.05,-32.95,3.07,17.36
Harsh Acceleration,0,33.67,41.33,52.57,64.12,-22.09,40.43,16.24
Harsh Acceleration,0,30.09,38.5,46.07,65.63,-25.93,47.74,34.54
Consecutive Fast Charging,1,36.58,50.36,54.77,47.47,-59.55,19.16,67.77
Low SoC,1,36.61,51.48,53.26,46.8,-57.37,9.01,17.12
Harsh Braking,0,26.02,33.36,39.31,76.59,-19.48,86.21,28.82
Harsh Acceleration,0,32.04,35.36,50.25,71.97,-32.98,68.17,31.31
Deep Discharge Warning,1,44.58,52.74,63.99,46.68,-55.37,7.07,7.7
Harsh Braking,0,37.32,43.16,53.35,77.08,-29.53,84.54,29.28
Harsh Braking,0,29.73,36.91,44.64,72.69,6.38,74.89,22.37
Low SoC,1,36.36,49.77,54.44,47.57,-33.16,6.5,12.57
Deep Discharge Warning,1,33.74,38.84,64.25,46.16,-48.98,12.22,8.96
Low SoC,1,33.11,41.5,50.06,46.23,-68.06,4.89,2.42
Deep Discharge Warning,1,49.01,56.53,73.63,46.61,-71.7,9.14,9.4
Harsh Braking,0,33.58,35.05,45.64,65.48,-30.23,51.88,48.08
Harsh Acceleration,0,29.74,32.4,49.29,78.85,-7.7,93.94,56.25
Harsh Acceleration,0,29.82,34.97,35.41,79.1,-15.88,96.6,18.8
Low SoC,1,33.05,44.46,56.77,45.41,-43.19,11.17,8.54
Harsh Acceleration,0,31.29,37.68,39.59,79.36,-9.99,94.66,15.59
Low SoC,1,34.62,44.36,49.97,46.44,-55.31,7.97,8.73
Harsh Braking,0,34.59,40.52,40.25,66.62,-18.76,49.9,30.5
Harsh Braking,0,29.63,35.31,37.5,76.79,-8.63,89.65,51.14
Battery Under Voltage,1,38.32,43.41,55.32,46.44,-44.27,0.63,14.78
Low SoC,1,45.87,54.58,63.68,46.26,-24.8,10.64,6.63
Harsh Cornering,0,33.46,37.8,42.49,72.95,-6.58,74.26,50.28
Deep Discharge Warning,1,43.54,56.66,69.63,49.52,-64.89,11.76,8.46
Harsh Cornering,0,39.38,44.68,48.0,77.74,-15.26,94.66,24.08
Harsh Acceleration,0,30.23,33.19,54.45,68.07,-36.31,54.41,29.2
Harsh Cornering,0,29.02,35.1,32.46,67.6,-4.65,54.23,11.01
Thermal Overheat Surge,1,39.04,54.08,52.98,48.97,-46.67,17.44,1.63
Deep Discharge Warning,1,37.6,53.78,54.27,46.27,-50.35,6.02,0.83
Battery Under Voltage,1,42.18,60.95,60.52,49.05,-55.42,5.95,23.51
Harsh Acceleration,0,26.76,31.89,39.18,75.48,-26.68,84.65,20.6
Harsh Braking,0,34.25,38.9,42.08,73.38,-10.67,77.06,22.43
Harsh Cornering,0,33.99,41.14,49.13,75.11,-17.42,87.11,28.11
Deep Discharge Warning,1,51.87,73.98,79.25,48.42,-48.88,13.59,16.62
Harsh Braking,0,29.19,32.1,42.43,65.71,-22.9,48.23,21.52
Deep Discharge Warning,1,38.98,50.5,63.5,48.7,-36.4,11.15,0.93
Low SoC,1,33.46,51.68,58.68,46.45,-61.9,7.97,0.36
OverSpeed,0,27.51,36.53,28.77,69.36,-2.07,64.26,47.55
Low SoC,1,48.51,53.67,78.71,47.44,-41.91,3.66,4.06
Harsh Acceleration,0,32.17,41.0,47.73,74.75,-28.95,81.81,30.32
Harsh Braking,0,23.19,29.02,36.53,68.99,-16.77,61.29,40.55
Low SoC,1,43.05,54.88,62.57,46.97,-58.77,14.47,10.84
OverSpeed,0,28.63,34.84,39.43,75.92,-9.11,88.43,47.0
Low SoC,1,36.74,47.0,70.78,48.23,-39.59,10.57,22.57
Harsh Braking,0,25.46,30.79,31.4,73.68,13.09,80.29,35.74
Deep Discharge Warning,1,50.0,61.78,68.4,46.95,-48.04,9.33,7.87
Harsh Braking,0,28.26,32.7,34.41,77.53,-12.31,88.01,39.58
Harsh Acceleration,0,30.59,37.94,41.6,75.14,-11.5,86.49,13.12
Low SoC,1,52.43,67.53,75.72,46.65,-8.71,6.46,42.35
Harsh Acceleration,0,33.61,43.55,41.66,68.15,-9.98,61.77,41.33
Battery Under Voltage,1,41.82,49.3,74.35,45.19,-31.45,7.04,0.66
Harsh Braking,0,22.32,33.4,31.68,63.62,-14.76,41.1,40.29
Low SoC,1,44.31,54.35,77.44,46.51,-49.82,11.17,5.25
OverSpeed,0,34.84,44.17,44.51,65.16,-14.08,49.1,53.44
Harsh Braking,0,32.43,39.43,41.17,63.91,-8.99,47.81,37.4
Harsh Acceleration,0,34.51,43.13,48.46,67.73,-0.85,54.23,49.14
Harsh Braking,0,31.25,38.13,41.62,66.26,-35.99,50.54,21.9
Low SoC,1,37.71,50.02,66.45,46.64,-68.59,7.75,9.22
Thermal Overheat Surge,1,39.06,50.54,71.37,47.66,-37.19,9.51,2.38
Harsh Cornering,0,28.83,32.83,39.23,66.66,-12.44,50.83,19.76
Battery Under Voltage,1,43.43,54.52,70.91,48.61,-45.42,12.04,15.97
Harsh Acceleration,0,28.74,32.05,40.05,75.87,-8.54,84.55,24.46
Deep Discharge Warning,1,47.74,62.38,80.58,44.51,-33.65,2.91,13.85
Battery Under Voltage,1,29.51,42.98,50.72,49.97,-55.52,11.12,10.32
Harsh Acceleration,0,32.79,39.59,45.9,71.2,-20.77,69.22,19.99
Harsh Braking,0,34.05,43.12,45.68,66.16,-3.58,52.67,57.89
Harsh Braking,0,25.49,31.87,29.98,63.8,-13.0,44.1,63.86
Harsh Cornering,0,33.42,39.06,43.96,77.32,-13.85,89.24,35.9
Harsh Braking,0,28.16,37.88,37.87,68.49,-19.09,59.46,32.94
Consecutive Fast Charging,1,43.51,49.2,79.73,46.69,-49.96,5.37,2.26
Battery Under Voltage,1,57.4,75.96,92.97,48.51,-35.19,10.66,8.7
OverSpeed,0,28.01,35.72,42.41,69.41,-9.18,60.68,58.43
Deep Discharge Warning,1,32.11,44.97,48.21,47.24,-52.74,2.57,19.89
Harsh Cornering,0,30.63,33.41,30.0,77.31,-4.2,89.09,32.3
Harsh Acceleration,0,23.07,27.93,37.26,78.06,-33.88,92.99,32.68
Harsh Acceleration,0,27.78,31.01,31.79,74.06,-17.13,78.36,30.33
Harsh Acceleration,0,25.26,31.56,35.53,72.31,-15.06,72.7,29.19
Harsh Acceleration,0,22.29,26.78,31.08,75.71,-29.04,80.79,38.14
Harsh Acceleration,0,29.05,33.51,44.69,72.82,-7.52,76.67,26.87
Deep Discharge Warning,1,39.17,50.64,58.2,44.38,-33.84,3.56,6.16
Harsh Braking,0,26.59,32.31,33.76,75.28,-8.86,85.97,32.31
Harsh Braking,0,31.22,39.25,35.93,67.94,5.08,55.38,29.21
Deep Discharge Warning,1,49.62,64.47,87.01,46.53,-42.13,5.35,0.96
Harsh Braking,0,31.98,37.04,50.0,78.39,-24.12,95.63,30.39
Deep Discharge Warning,1,51.24,65.01,68.83,47.69,-35.44,7.46,30.14
Low SoC,1,51.24,62.74,67.97,44.01,-53.94,2.3,30.24
OverSpeed,0,33.24,43.53,46.07,77.13,-11.91,85.53,32.65
Harsh Braking,0,27.87,28.58,36.52,74.33,-20.35,79.27,34.92
Harsh Acceleration,0,33.35,42.99,48.44,76.86,-13.47,87.25,22.92
Harsh Acceleration,0,28.02,31.53,45.19,66.12,-22.26,53.77,24.18
Low SoC,1,53.52,62.1,79.28,47.36,-65.58,9.17,24.15
Deep Discharge Warning,1,65.87,78.25,88.3,48.4,-54.28,10.77,13.69
Deep Discharge Warning,1,43.32,54.0,54.16,46.74,-37.0,3.01,22.38
Harsh Acceleration,0,25.21,34.92,45.26,67.5,-19.68,57.25,19.87
Low SoC,1,38.41,48.29,69.3,44.43,-50.05,3.97,37.82
Deep Discharge Warning,1,36.34,42.75,65.0,46.43,-51.1,4.13,34.0
Harsh Acceleration,0,30.65,37.75,42.71,71.28,-29.68,66.28,0.0
Battery Under Voltage,1,31.65,45.61,45.95,48.89,-30.88,14.68,25.73
Harsh Acceleration,0,30.52,36.89,43.1,68.56,-16.79,60.74,39.52
Deep Discharge Warning,1,41.4,45.59,68.85,47.82,-40.72,6.04,36.97
Harsh Acceleration,0,39.58,44.15,52.02,77.12,-14.5,91.05,24.9
Harsh Acceleration,0,30.56,35.01,45.32,77.34,-26.11,87.06,27.57
Harsh Cornering,0,28.76,28.85,44.69,79.47,-0.38,96.07,31.51
Harsh Cornering,0,30.06,36.14,43.88,65.98,-19.36,49.57,26.94
OverSpeed,0,30.12,38.09,47.96,68.69,-9.47,54.19,37.11
Harsh Acceleration,0,41.61,45.72,52.2,78.3,-29.88,92.27,42.98
Deep Discharge Warning,1,49.86,53.95,65.94,46.13,-36.14,13.19,39.98
Harsh Acceleration,0,29.95,35.92,41.46,71.73,-29.63,72.22,11.79
OverSpeed,0,28.12,29.55,40.3,63.2,-12.33,44.12,35.32
Harsh Acceleration,0,24.05,33.68,31.92,67.46,-16.94,58.83,25.51
Harsh Acceleration,0,28.6,32.59,37.33,68.77,-2.58,61.95,26.76
Harsh Braking,0,31.5,41.21,51.08,68.31,-22.78,55.56,46.77
OverSpeed,0,30.7,38.96,37.64,71.49,-11.77,67.51,27.82
Harsh Braking,0,32.36,43.71,41.05,67.94,-10.22,57.11,31.72
Battery Under Voltage,1,38.77,53.31,61.57,46.58,-52.58,6.08,11.87
Deep Discharge Warning,1,50.24,68.04,63.01,48.45,-58.71,7.21,3.14
Battery Under Voltage,1,53.67,68.56,75.74,47.92,-45.5,8.23,16.78
Low SoC,1,41.49,56.98,59.82,46.89,-25.01,7.91,24.47
Harsh Acceleration,0,30.49,41.11,40.98,78.11,-33.6,91.37,39.03
Battery Under Voltage,1,41.99,48.64,75.45,46.18,-51.07,13.87,2.02
Deep Discharge Warning,1,54.28,71.1,81.38,46.51,-59.03,8.26,1.65
Battery Under Voltage,1,56.92,71.58,88.34,46.15,-62.09,8.32,22.04
Consecutive Fast Charging,1,41.2,51.91,65.17,43.79,-57.85,3.34,17.22
Deep Discharge Warning,1,41.16,47.06,55.18,46.29,-46.82,5.91,1.6
Harsh Acceleration,0,30.89,34.22,37.85,69.34,-29.61,59.56,24.62
Harsh Braking,0,30.86,37.26,39.93,75.43,-1.26,79.91,11.5
Deep Discharge Warning,1,36.48,49.36,64.68,44.88,-45.49,5.12,11.99
Battery Under Voltage,1,43.49,53.6,80.67,48.38,-38.27,14.71,37.82
OverSpeed,0,30.59,39.25,43.84,73.18,-20.01,69.82,32.15
Deep Discharge Warning,1,54.42,73.92,77.29,46.96,-47.92,3.34,15.24
Harsh Braking,0,29.37,39.55,39.81,71.45,-26.13,69.19,41.85
Harsh Acceleration,0,31.21,37.85,45.72,65.28,-0.26,50.58,26.99
Harsh Acceleration,0,27.9,36.62,38.29,70.0,-27.12,58.23,40.4
Consecutive Fast Charging,1,35.39,46.18,54.67,45.84,-24.74,4.87,4.75
Low SoC,1,40.42,51.67,60.72,45.87,-45.69,4.26,1.61
Deep Discharge Warning,1,49.02,65.95,70.13,45.8,-37.77,5.53,37.9
Harsh Cornering,0,33.0,39.73,45.27,63.09,-10.09,44.45,34.59
Battery Under Voltage,1,47.88,58.91,75.45,49.15,-50.19,18.55,21.73
Harsh Braking,0,30.57,37.75,44.0,65.31,-24.42,45.92,34.57
Deep Discharge Warning,1,40.97,51.6,48.09,48.23,-12.13,7.68,9.85
Harsh Braking,0,25.78,31.84,28.79,69.18,-11.35,60.23,37.7
Battery Under Voltage,1,44.77,60.29,76.69,47.56,-59.78,16.4,7.42
Consecutive Fast Charging,1,39.62,52.98,62.9,48.53,-54.73,14.21,0.07
Harsh Cornering,0,28.32,32.41,36.77,77.49,-8.56,87.69,32.7
Harsh Acceleration,0,28.26,33.43,37.52,70.21,-17.74,65.49,60.2
Deep Discharge Warning,1,45.56,56.45,87.37,44.48,-64.28,2.78,25.41
Deep Discharge Warning,1,37.27,40.16,53.13,45.21,-29.0,5.01,1.75
Harsh Cornering,0,30.35,38.16,39.77,65.3,-6.91,52.85,32.07
Harsh Braking,0,28.17,32.13,42.27,72.16,-22.12,76.55,38.89
Harsh Acceleration,0,37.54,39.83,48.94,77.89,-12.0,94.19,42.05
Harsh Acceleration,0,25.85,32.5,40.61,68.57,-7.02,58.83,18.28
Battery Under Voltage,1,33.15,39.86,66.49,44.46,-42.32,2.17,19.62
Harsh Acceleration,0,32.7,38.99,38.63,74.37,-7.57,74.43,27.91
